Latitude (decimal degrees):	59.472
Longitude (decimal degrees):	5.326
Elevation (m):	18
Radiation database:	PVGIS-SARAH3


Slope: 42 deg. (optimum)
Azimuth: 5 deg. (optimum)
time,G(i),H_sun,T2m,WS10m,Int
20230101:0011,0.0,0.0,-0.09,2.48,0.0
20230101:0111,0.0,0.0,-0.45,2.34,0.0
20230101:0211,0.0,0.0,-1.1,2.48,0.0
20230101:0311,0.0,0.0,-1.59,2.41,0.0
20230101:0411,0.0,0.0,-2.06,2.48,0.0
20230101:0511,0.0,0.0,-2.4,2.69,0.0
20230101:0611,0.0,0.0,-2.62,2.62,0.0
20230101:0711,0.0,0.0,-2.51,2.62,0.0
20230101:0811,0.0,0.0,-3.19,2.69,0.0
20230101:0911,8.07,1.91,-3.67,2.62,0.0
20230101:1011,135.1,5.43,-3.62,2.48,0.0
20230101:1111,163.74,7.28,-3.03,2.48,0.0
20230101:1211,134.3,7.3,-2.28,2.55,0.0
20230101:1311,6.28,5.5,-1.44,2.34,0.0
20230101:1411,1.65,2.01,-0.96,2.28,0.0
20230101:1511,0.0,0.0,-0.86,2.21,0.0
20230101:1611,0.0,0.0,-0.79,2.14,0.0
20230101:1711,0.0,0.0,-0.79,2.07,0.0
20230101:1811,0.0,0.0,-0.79,2.14,0.0
20230101:1911,0.0,0.0,-0.42,2.14,0.0
20230101:2011,0.0,0.0,-0.37,2.48,0.0
20230101:2111,0.0,0.0,-0.29,2.21,0.0
20230101:2211,0.0,0.0,-0.26,1.86,0.0
20230101:2311,0.0,0.0,-0.37,2.07,0.0
20230102:0011,0.0,0.0,-0.49,2.21,0.0
20230102:0111,0.0,0.0,-0.7,2.28,0.0
20230102:0211,0.0,0.0,-0.71,2.28,0.0
20230102:0311,0.0,0.0,-0.53,2.21,0.0
20230102:0411,0.0,0.0,-0.31,2.28,0.0
20230102:0511,0.0,0.0,-0.23,2.34,0.0
20230102:0611,0.0,0.0,-0.03,2.28,0.0
20230102:0711,0.0,0.0,0.83,2.21,0.0
20230102:0811,0.0,0.0,0.92,2.07,0.0
20230102:0911,3.59,1.96,0.9,1.86,0.0
20230102:1011,30.45,5.5,1.02,1.59,0.0
20230102:1111,17.04,7.36,1.42,1.17,0.0
20230102:1211,7.17,7.39,1.1,1.31,0.0
20230102:1311,5.38,5.6,0.72,1.52,0.0
20230102:1411,0.83,2.13,0.53,1.66,0.0
20230102:1511,0.0,0.0,0.39,1.79,0.0
20230102:1611,0.0,0.0,0.11,2.07,0.0
20230102:1711,0.0,0.0,0.1,1.93,0.0
20230102:1811,0.0,0.0,0.04,2.0,0.0
20230102:1911,0.0,0.0,0.48,1.86,0.0
20230102:2011,0.0,0.0,0.55,1.66,0.0
20230102:2111,0.0,0.0,0.54,1.31,0.0
20230102:2211,0.0,0.0,0.54,1.1,0.0
20230102:2311,0.0,0.0,0.29,1.03,0.0
20230103:0011,0.0,0.0,0.81,0.69,0.0
20230103:0111,0.0,0.0,0.75,0.41,0.0
20230103:0211,0.0,0.0,0.35,0.69,0.0
20230103:0311,0.0,0.0,-0.7,1.24,0.0
20230103:0411,0.0,0.0,-0.82,1.72,0.0
20230103:0511,0.0,0.0,-0.42,1.93,0.0
20230103:0611,0.0,0.0,-0.62,2.34,0.0
20230103:0711,0.0,0.0,-0.14,2.21,0.0
20230103:0811,0.0,0.0,0.02,2.28,0.0
20230103:0911,8.07,2.02,0.07,2.48,0.0
20230103:1011,299.4,5.57,1.21,2.76,0.0
20230103:1111,279.37,7.44,2.95,3.17,0.0
20230103:1211,87.26,7.49,3.3,3.79,0.0
20230103:1311,6.28,5.71,3.42,4.14,0.0
20230103:1411,1.65,2.25,3.26,4.28,0.0
20230103:1511,0.0,0.0,3.13,4.55,0.0
20230103:1611,0.0,0.0,3.23,4.97,0.0
20230103:1711,0.0,0.0,3.44,5.52,0.0
20230103:1811,0.0,0.0,3.42,6.14,0.0
20230103:1911,0.0,0.0,3.52,6.41,0.0
20230103:2011,0.0,0.0,3.56,6.41,0.0
20230103:2111,0.0,0.0,3.72,6.62,0.0
20230103:2211,0.0,0.0,3.75,6.69,0.0
20230103:2311,0.0,0.0,3.68,6.55,0.0
20230104:0011,0.0,0.0,3.95,6.55,0.0
20230104:0111,0.0,0.0,4.22,6.83,0.0
20230104:0211,0.0,0.0,4.45,6.83,0.0
20230104:0311,0.0,0.0,4.45,6.9,0.0
20230104:0411,0.0,0.0,4.19,6.9,0.0
20230104:0511,0.0,0.0,3.79,6.76,0.0
20230104:0611,0.0,0.0,3.33,6.69,0.0
20230104:0711,0.0,0.0,2.99,7.31,0.0
20230104:0811,0.0,0.0,2.59,7.66,0.0
20230104:0911,0.9,2.08,2.02,7.93,0.0
20230104:1011,13.45,5.65,2.28,8.55,0.0
20230104:1111,26.9,7.53,2.5,8.62,0.0
20230104:1211,110.2,7.6,2.81,8.41,0.0
20230104:1311,94.13,5.83,3.0,8.21,0.0
20230104:1411,1.65,2.37,2.73,7.79,0.0
20230104:1511,0.0,0.0,2.43,7.38,0.0
20230104:1611,0.0,0.0,2.09,6.9,0.0
20230104:1711,0.0,0.0,1.62,6.55,0.0
20230104:1811,0.0,0.0,1.29,6.21,0.0
20230104:1911,0.0,0.0,1.84,4.41,0.0
20230104:2011,0.0,0.0,1.56,4.28,0.0
20230104:2111,0.0,0.0,1.32,3.79,0.0
20230104:2211,0.0,0.0,1.1,3.24,0.0
20230104:2311,0.0,0.0,1.0,2.69,0.0
20230105:0011,0.0,0.0,0.86,2.14,0.0
20230105:0111,0.0,0.0,0.68,1.72,0.0
20230105:0211,0.0,0.0,0.53,1.79,0.0
20230105:0311,0.0,0.0,0.43,2.0,0.0
20230105:0411,0.0,0.0,0.4,2.14,0.0
20230105:0511,0.0,0.0,0.43,2.34,0.0
20230105:0611,0.0,0.0,0.48,2.62,0.0
20230105:0711,0.0,0.0,0.99,3.45,0.0
20230105:0811,0.0,0.0,1.25,3.79,0.0
20230105:0911,0.9,2.15,1.39,4.48,0.0
20230105:1011,6.28,5.73,1.4,4.83,0.0
20230105:1111,30.49,7.64,1.45,5.1,0.0
20230105:1211,26.9,7.71,1.56,5.38,0.0
20230105:1311,34.18,5.96,1.54,5.66,0.0
20230105:1411,1.65,2.51,1.37,5.86,0.0
20230105:1511,0.0,0.0,1.09,6.0,0.0
20230105:1611,0.0,0.0,0.84,6.41,0.0
20230105:1711,0.0,0.0,0.69,6.62,0.0
20230105:1811,0.0,0.0,0.77,6.97,0.0
20230105:1911,0.0,0.0,0.82,6.69,0.0
20230105:2011,0.0,0.0,1.0,7.17,0.0
20230105:2111,0.0,0.0,1.12,7.52,0.0
20230105:2211,0.0,0.0,1.25,7.86,0.0
20230105:2311,0.0,0.0,1.37,8.07,0.0
20230106:0011,0.0,0.0,1.44,8.62,0.0
20230106:0111,0.0,0.0,1.73,8.76,0.0
20230106:0211,0.0,0.0,1.65,8.9,0.0
20230106:0311,0.0,0.0,2.41,9.59,0.0
20230106:0411,0.0,0.0,2.11,9.31,0.0
20230106:0511,0.0,0.0,2.12,9.17,0.0
20230106:0611,0.0,0.0,2.19,8.34,0.0
20230106:0711,0.0,0.0,2.26,8.07,0.0
20230106:0811,0.0,0.0,2.25,7.86,0.0
20230106:0911,0.9,2.23,2.29,7.66,0.0
20230106:1011,20.63,5.83,2.78,7.59,0.0
20230106:1111,78.08,7.74,3.22,7.66,0.0
20230106:1211,33.18,7.83,3.2,7.59,0.0
20230106:1311,8.97,6.09,2.87,7.66,0.0
20230106:1411,9.93,2.65,2.28,7.59,0.0
20230106:1511,0.0,0.0,2.47,6.83,0.0
20230106:1611,0.0,0.0,3.17,5.45,0.0
20230106:1711,0.0,0.0,3.97,4.83,0.0
20230106:1811,0.0,0.0,4.84,5.17,0.0
20230106:1911,0.0,0.0,5.46,5.45,0.0
20230106:2011,0.0,0.0,5.87,5.52,0.0
20230106:2111,0.0,0.0,5.99,5.45,0.0
20230106:2211,0.0,0.0,6.01,5.66,0.0
20230106:2311,0.0,0.0,5.91,4.97,0.0
20230107:0011,0.0,0.0,6.04,4.14,0.0
20230107:0111,0.0,0.0,5.98,3.66,0.0
20230107:0211,0.0,0.0,5.62,3.52,0.0
20230107:0311,0.0,0.0,5.36,3.45,0.0
20230107:0411,0.0,0.0,5.09,3.93,0.0
20230107:0511,0.0,0.0,4.68,4.48,0.0
20230107:0611,0.0,0.0,4.57,4.97,0.0
20230107:0711,0.0,0.0,4.25,5.45,0.0
20230107:0811,0.0,0.0,4.55,5.66,0.0
20230107:0911,1.79,2.32,4.88,6.07,0.0
20230107:1011,9.87,5.93,5.53,6.62,0.0
20230107:1111,15.25,7.86,6.2,7.24,0.0
20230107:1211,13.45,7.96,5.85,7.31,0.0
20230107:1311,6.28,6.23,6.32,7.66,0.0
20230107:1411,11.58,2.8,6.72,7.93,0.0
20230107:1511,0.0,0.0,6.98,8.21,0.0
20230107:1611,0.0,0.0,7.13,8.41,0.0
20230107:1711,0.0,0.0,7.42,8.48,0.0
20230107:1811,0.0,0.0,7.33,8.69,0.0
20230107:1911,0.0,0.0,7.22,8.97,0.0
20230107:2011,0.0,0.0,7.2,8.97,0.0
20230107:2111,0.0,0.0,7.13,8.62,0.0
20230107:2211,0.0,0.0,6.98,8.14,0.0
20230107:2311,0.0,0.0,6.78,7.86,0.0
20230108:0011,0.0,0.0,6.57,7.79,0.0
20230108:0111,0.0,0.0,6.36,7.45,0.0
20230108:0211,0.0,0.0,6.23,7.24,0.0
20230108:0311,0.0,0.0,6.15,6.97,0.0
20230108:0411,0.0,0.0,6.23,6.55,0.0
20230108:0511,0.0,0.0,6.22,6.55,0.0
20230108:0611,0.0,0.0,6.29,6.55,0.0
20230108:0711,0.0,0.0,6.07,6.76,0.0
20230108:0811,0.0,0.0,6.36,6.41,0.0
20230108:0911,1.79,2.41,6.07,6.34,0.0
20230108:1011,9.87,6.04,6.08,6.21,0.0
20230108:1111,41.34,7.98,6.28,6.21,0.0
20230108:1211,118.27,8.1,6.07,6.14,0.0
20230108:1311,21.52,6.38,5.83,5.86,0.0
20230108:1411,1.65,2.95,5.87,5.79,0.0
20230108:1511,0.0,0.0,5.57,5.45,0.0
20230108:1611,0.0,0.0,5.42,5.31,0.0
20230108:1711,0.0,0.0,5.45,5.31,0.0
20230108:1811,0.0,0.0,5.18,5.59,0.0
20230108:1911,0.0,0.0,5.51,5.66,0.0
20230108:2011,0.0,0.0,5.49,6.07,0.0
20230108:2111,0.0,0.0,5.36,5.86,0.0
20230108:2211,0.0,0.0,5.33,5.86,0.0
20230108:2311,0.0,0.0,5.49,5.59,0.0
20230109:0011,0.0,0.0,5.33,5.59,0.0
20230109:0111,0.0,0.0,5.18,5.52,0.0
20230109:0211,0.0,0.0,5.15,5.66,0.0
20230109:0311,0.0,0.0,5.2,5.86,0.0
20230109:0411,0.0,0.0,5.23,5.93,0.0
20230109:0511,0.0,0.0,4.64,6.41,0.0
20230109:0611,0.0,0.0,4.58,6.9,0.0
20230109:0711,0.0,0.0,4.5,6.34,0.0
20230109:0811,0.0,0.0,4.09,6.0,0.0
20230109:0911,1.79,2.51,3.53,4.9,0.0
20230109:1011,10.76,6.15,3.35,4.83,0.0
20230109:1111,274.57,8.11,4.15,4.28,0.0
20230109:1211,94.84,8.24,4.62,3.79,0.0
20230109:1311,13.45,6.53,4.93,3.45,0.0
20230109:1411,12.41,3.11,4.87,3.38,0.0
20230109:1511,0.0,0.0,4.46,3.45,0.0
20230109:1611,0.0,0.0,4.19,3.66,0.0
20230109:1711,0.0,0.0,3.99,3.52,0.0
20230109:1811,0.0,0.0,3.77,3.31,0.0
20230109:1911,0.0,0.0,4.37,2.97,0.0
20230109:2011,0.0,0.0,4.46,2.9,0.0
20230109:2111,0.0,0.0,4.23,3.17,0.0
20230109:2211,0.0,0.0,4.16,3.1,0.0
20230109:2311,0.0,0.0,4.26,3.03,0.0
20230110:0011,0.0,0.0,4.29,2.83,0.0
20230110:0111,0.0,0.0,4.08,2.76,0.0
20230110:0211,0.0,0.0,3.9,2.83,0.0
20230110:0311,0.0,0.0,4.0,2.97,0.0
20230110:0411,0.0,0.0,4.06,3.03,0.0
20230110:0511,0.0,0.0,4.2,3.1,0.0
20230110:0611,0.0,0.0,4.45,3.1,0.0
20230110:0711,0.0,0.0,4.53,3.31,0.0
20230110:0811,0.0,0.0,4.21,3.45,0.0
20230110:0911,22.57,2.62,4.61,3.17,0.0
20230110:1011,205.41,6.28,4.92,3.17,0.0
20230110:1111,260.66,8.25,5.12,3.52,0.0
20230110:1211,102.6,8.39,5.48,4.0,0.0
20230110:1311,225.5,6.69,5.56,4.48,0.0
20230110:1411,13.24,3.28,5.41,4.48,0.0
20230110:1511,0.0,0.0,5.27,5.17,0.0
20230110:1611,0.0,0.0,5.11,5.59,0.0
20230110:1711,0.0,0.0,5.07,5.93,0.0
20230110:1811,0.0,0.0,4.87,6.41,0.0
20230110:1911,0.0,0.0,4.88,6.83,0.0
20230110:2011,0.0,0.0,5.0,7.1,0.0
20230110:2111,0.0,0.0,5.15,7.79,0.0
20230110:2211,0.0,0.0,4.97,8.55,0.0
20230110:2311,0.0,0.0,4.33,9.31,0.0
20230111:0011,0.0,0.0,4.23,9.38,0.0
20230111:0111,0.0,0.0,4.33,9.66,0.0
20230111:0211,0.0,0.0,4.63,9.31,0.0
20230111:0311,0.0,0.0,5.61,6.9,0.0
20230111:0411,0.0,0.0,6.65,7.31,0.0
20230111:0511,0.0,0.0,7.38,6.62,0.0
20230111:0611,0.0,0.0,7.13,6.34,0.0
20230111:0711,0.0,0.0,6.77,6.83,0.0
20230111:0811,0.0,0.0,6.62,6.83,0.0
20230111:0911,1.79,2.74,6.67,6.62,0.0
20230111:1011,13.45,6.41,6.59,6.76,0.0
20230111:1111,12.56,8.4,6.73,6.76,0.0
20230111:1211,96.19,8.55,6.64,7.24,0.0
20230111:1311,37.72,6.86,5.96,7.72,0.0
20230111:1411,14.89,3.45,5.96,6.97,0.0
20230111:1511,0.0,0.0,5.83,6.83,0.0
20230111:1611,0.0,0.0,5.92,6.14,0.0
20230111:1711,0.0,0.0,5.76,5.86,0.0
20230111:1811,0.0,0.0,5.64,6.14,0.0
20230111:1911,0.0,0.0,5.54,5.45,0.0
20230111:2011,0.0,0.0,5.41,4.55,0.0
20230111:2111,0.0,0.0,5.42,4.34,0.0
20230111:2211,0.0,0.0,5.18,4.14,0.0
20230111:2311,0.0,0.0,5.04,4.0,0.0
20230112:0011,0.0,0.0,5.05,3.93,0.0
20230112:0111,0.0,0.0,5.16,3.86,0.0
20230112:0211,0.0,0.0,5.14,3.66,0.0
20230112:0311,0.0,0.0,4.92,3.45,0.0
20230112:0411,0.0,0.0,4.77,2.97,0.0
20230112:0511,0.0,0.0,4.39,2.97,0.0
20230112:0611,0.0,0.0,4.13,3.31,0.0
20230112:0711,0.0,0.0,4.0,3.1,0.0
20230112:0811,0.0,0.0,3.6,2.97,0.0
20230112:0911,142.95,2.86,3.48,2.97,0.0
20230112:1011,34.79,6.55,3.84,2.9,0.0
20230112:1111,257.37,8.55,4.21,2.83,0.0
20230112:1211,14.35,8.71,4.55,2.62,0.0
20230112:1311,29.6,7.03,4.64,2.28,0.0
20230112:1411,2.48,3.63,4.42,2.21,0.0
20230112:1511,0.0,0.0,3.99,2.21,0.0
20230112:1611,0.0,0.0,3.65,2.41,0.0
20230112:1711,0.0,0.0,3.37,2.76,0.0
20230112:1811,0.0,0.0,3.42,3.1,0.0
20230112:1911,0.0,0.0,4.05,3.66,0.0
20230112:2011,0.0,0.0,4.17,3.93,0.0
20230112:2111,0.0,0.0,4.13,4.21,0.0
20230112:2211,0.0,0.0,3.91,4.21,0.0
20230112:2311,0.0,0.0,3.72,4.14,0.0
20230113:0011,0.0,0.0,3.3,4.14,0.0
20230113:0111,0.0,0.0,2.79,4.48,0.0
20230113:0211,0.0,0.0,2.8,4.07,0.0
20230113:0311,0.0,0.0,2.99,3.72,0.0
20230113:0411,0.0,0.0,3.05,3.52,0.0
20230113:0511,0.0,0.0,3.22,3.59,0.0
20230113:0611,0.0,0.0,3.14,3.38,0.0
20230113:0711,0.0,0.0,3.15,2.9,0.0
20230113:0811,0.0,0.0,2.87,2.48,0.0
20230113:0911,7.17,2.99,2.41,2.21,0.0
20230113:1011,73.49,6.69,2.7,1.86,0.0
20230113:1111,318.27,8.71,3.05,1.86,0.0
20230113:1211,427.2,8.89,3.25,2.0,0.0
20230113:1311,410.63,7.21,3.52,2.07,0.0
20230113:1411,17.37,3.81,3.66,2.41,0.0
20230113:1511,0.0,0.0,3.44,2.62,0.0
20230113:1611,0.0,0.0,2.89,2.55,0.0
20230113:1711,0.0,0.0,2.49,2.55,0.0
20230113:1811,0.0,0.0,2.43,2.48,0.0
20230113:1911,0.0,0.0,2.59,2.69,0.0
20230113:2011,0.0,0.0,2.52,2.34,0.0
20230113:2111,0.0,0.0,2.47,2.28,0.0
20230113:2211,0.0,0.0,2.21,2.28,0.0
20230113:2311,0.0,0.0,1.91,2.14,0.0
20230114:0011,0.0,0.0,1.57,2.07,0.0
20230114:0111,0.0,0.0,1.35,1.79,0.0
20230114:0211,0.0,0.0,0.94,1.38,0.0
20230114:0311,0.0,0.0,1.0,0.9,0.0
20230114:0411,0.0,0.0,1.23,0.48,0.0
20230114:0511,0.0,0.0,-0.14,1.31,0.0
20230114:0611,0.0,0.0,-0.36,1.72,0.0
20230114:0711,0.0,0.0,0.34,2.14,0.0
20230114:0811,0.0,0.0,0.24,2.83,0.0
20230114:0911,10.76,3.13,0.6,3.38,0.0
20230114:1011,177.73,6.84,1.26,3.66,0.0
20230114:1111,81.36,8.87,1.88,3.93,0.0
20230114:1211,89.44,9.06,2.12,4.14,0.0
20230114:1311,41.8,7.4,2.05,4.14,0.0
20230114:1411,7.17,4.0,1.92,4.34,0.0
20230114:1511,0.0,0.0,1.72,4.48,0.0
20230114:1611,0.0,0.0,1.77,4.69,0.0
20230114:1711,0.0,0.0,1.95,4.83,0.0
20230114:1811,0.0,0.0,2.25,5.1,0.0
20230114:1911,0.0,0.0,2.63,5.24,0.0
20230114:2011,0.0,0.0,2.59,5.59,0.0
20230114:2111,0.0,0.0,2.38,4.97,0.0
20230114:2211,0.0,0.0,2.37,5.31,0.0
20230114:2311,0.0,0.0,2.4,6.62,0.0
20230115:0011,0.0,0.0,2.55,5.93,0.0
20230115:0111,0.0,0.0,2.75,5.03,0.0
20230115:0211,0.0,0.0,2.8,4.69,0.0
20230115:0311,0.0,0.0,2.36,4.41,0.0
20230115:0411,0.0,0.0,2.35,4.14,0.0
20230115:0511,0.0,0.0,2.07,3.86,0.0
20230115:0611,0.0,0.0,1.75,3.31,0.0
20230115:0711,0.0,0.0,1.72,2.69,0.0
20230115:0811,0.0,0.0,1.65,2.41,0.0
20230115:0911,4.48,3.27,1.25,2.28,0.0
20230115:1011,7.17,7.0,1.67,2.07,0.0
20230115:1111,38.56,9.05,2.45,2.21,0.0
20230115:1211,50.63,9.25,2.83,2.9,0.0
20230115:1311,43.46,7.59,2.94,3.31,0.0
20230115:1411,199.07,4.2,2.82,3.52,0.0
20230115:1511,0.0,0.0,2.72,3.72,0.0
20230115:1611,0.0,0.0,2.68,4.14,0.0
20230115:1711,0.0,0.0,2.73,4.41,0.0
20230115:1811,0.0,0.0,2.86,4.76,0.0
20230115:1911,0.0,0.0,2.93,5.38,0.0
20230115:2011,0.0,0.0,2.8,6.07,0.0
20230115:2111,0.0,0.0,2.62,5.03,0.0
20230115:2211,0.0,0.0,2.86,4.55,0.0
20230115:2311,0.0,0.0,2.74,4.34,0.0
20230116:0011,0.0,0.0,2.46,3.72,0.0
20230116:0111,0.0,0.0,2.17,2.83,0.0
20230116:0211,0.0,0.0,2.04,2.21,0.0
20230116:0311,0.0,0.0,1.19,1.31,0.0
20230116:0411,0.0,0.0,0.47,0.76,0.0
20230116:0511,0.0,0.0,-0.68,1.38,0.0
20230116:0611,0.0,0.0,-0.92,1.38,0.0
20230116:0711,0.0,0.0,-0.8,1.79,0.0
20230116:0811,0.0,0.0,-2.16,2.07,0.0
20230116:0911,168.59,3.42,-2.71,2.0,0.0
20230116:1011,331.63,7.17,-1.76,1.79,0.0
20230116:1111,51.43,9.23,-0.17,1.66,0.0
20230116:1211,164.0,9.44,0.57,1.93,0.0
20230116:1311,214.12,7.79,0.69,2.21,0.0
20230116:1411,3.59,4.4,0.7,2.21,0.0
20230116:1511,0.0,0.0,0.32,2.14,0.0
20230116:1611,0.0,0.0,-0.04,1.93,0.0
20230116:1711,0.0,0.0,-0.19,1.86,0.0
20230116:1811,0.0,0.0,-0.4,1.79,0.0
20230116:1911,0.0,0.0,-0.87,1.79,0.0
20230116:2011,0.0,0.0,-0.96,1.79,0.0
20230116:2111,0.0,0.0,-1.18,1.72,0.0
20230116:2211,0.0,0.0,-0.96,1.79,0.0
20230116:2311,0.0,0.0,-0.85,1.66,0.0
20230117:0011,0.0,0.0,-0.7,1.38,0.0
20230117:0111,0.0,0.0,-0.73,1.45,0.0
20230117:0211,0.0,0.0,-0.71,1.45,0.0
20230117:0311,0.0,0.0,-0.68,1.45,0.0
20230117:0411,0.0,0.0,-0.59,1.52,0.0
20230117:0511,0.0,0.0,-0.67,1.66,0.0
20230117:0611,0.0,0.0,-0.7,1.59,0.0
20230117:0711,0.0,0.0,-0.39,1.31,0.0
20230117:0811,0.0,0.0,-0.49,1.52,0.0
20230117:0911,46.38,3.58,-0.62,1.59,0.0
20230117:1011,49.65,7.34,-0.18,1.45,0.0
20230117:1111,172.46,9.41,0.37,1.66,0.0
20230117:1211,112.65,9.64,0.51,1.79,0.0
20230117:1311,34.08,7.99,0.58,1.79,0.0
20230117:1411,69.51,4.61,0.47,1.86,0.0
20230117:1511,0.0,0.0,0.34,1.93,0.0
20230117:1611,0.0,0.0,0.12,2.14,0.0
20230117:1711,0.0,0.0,0.27,2.21,0.0
20230117:1811,0.0,0.0,0.29,2.28,0.0
20230117:1911,0.0,0.0,0.63,2.48,0.0
20230117:2011,0.0,0.0,0.74,2.55,0.0
20230117:2111,0.0,0.0,0.71,2.55,0.0
20230117:2211,0.0,0.0,0.79,2.34,0.0
20230117:2311,0.0,0.0,0.76,2.14,0.0
20230118:0011,0.0,0.0,0.74,1.86,0.0
20230118:0111,0.0,0.0,0.62,1.52,0.0
20230118:0211,0.0,0.0,0.52,1.17,0.0
20230118:0311,0.0,0.0,0.11,1.03,0.0
20230118:0411,0.0,0.0,-0.53,1.24,0.0
20230118:0511,0.0,0.0,-0.53,1.52,0.0
20230118:0611,0.0,0.0,-0.41,1.59,0.0
20230118:0711,0.0,0.0,-0.75,1.59,0.0
20230118:0811,0.0,0.0,-1.21,1.72,0.0
20230118:0911,56.67,3.75,-1.31,1.72,0.0
20230118:1011,276.78,7.52,-1.17,1.66,0.0
20230118:1111,196.79,9.61,-0.62,1.38,0.0
20230118:1211,60.36,9.84,0.02,1.24,0.0
20230118:1311,46.62,8.2,0.25,1.17,0.0
20230118:1411,284.71,4.83,-0.01,1.38,0.0
20230118:1511,0.0,0.0,-0.34,1.59,0.0
20230118:1611,0.0,0.0,-0.66,1.45,0.0
20230118:1711,0.0,0.0,-0.36,1.1,0.0
20230118:1811,0.0,0.0,-0.28,1.03,0.0
20230118:1911,0.0,0.0,-1.88,1.24,0.0
20230118:2011,0.0,0.0,-1.86,0.97,0.0
20230118:2111,0.0,0.0,-1.82,1.03,0.0
20230118:2211,0.0,0.0,-1.98,1.1,0.0
20230118:2311,0.0,0.0,-1.84,1.24,0.0
20230119:0011,0.0,0.0,-2.23,1.38,0.0
20230119:0111,0.0,0.0,-2.53,1.38,0.0
20230119:0211,0.0,0.0,-2.76,1.45,0.0
20230119:0311,0.0,0.0,-2.83,1.45,0.0
20230119:0411,0.0,0.0,-3.4,1.66,0.0
20230119:0511,0.0,0.0,-3.83,1.79,0.0
20230119:0611,0.0,0.0,-3.74,1.72,0.0
20230119:0711,0.0,0.0,-3.42,1.93,0.0
20230119:0811,0.0,0.0,-3.82,2.07,0.0
20230119:0911,207.22,3.92,-4.04,1.93,0.0
20230119:1011,15.25,7.71,-3.36,1.52,0.0
20230119:1111,496.14,9.81,-2.2,1.38,0.0
20230119:1211,208.69,10.05,-1.79,1.45,0.0
20230119:1311,489.81,8.42,-1.69,1.59,0.0
20230119:1411,310.26,5.04,-1.68,1.93,0.0
20230119:1511,0.0,0.0,-1.71,2.41,0.0
20230119:1611,0.0,0.0,-1.47,2.55,0.0
20230119:1711,0.0,0.0,-1.29,2.41,0.0
20230119:1811,0.0,0.0,-1.2,2.21,0.0
20230119:1911,0.0,0.0,-1.29,2.21,0.0
20230119:2011,0.0,0.0,-1.86,2.14,0.0
20230119:2111,0.0,0.0,-2.86,2.0,0.0
20230119:2211,0.0,0.0,-3.89,1.79,0.0
20230119:2311,0.0,0.0,-4.29,1.66,0.0
20230120:0011,0.0,0.0,-4.83,1.72,0.0
20230120:0111,0.0,0.0,-5.27,1.72,0.0
20230120:0211,0.0,0.0,-5.18,1.72,0.0
20230120:0311,0.0,0.0,-4.05,1.52,0.0
20230120:0411,0.0,0.0,-1.74,1.31,0.0
20230120:0511,0.0,0.0,-1.41,1.24,0.0
20230120:0611,0.0,0.0,-2.23,1.38,0.0
20230120:0711,0.0,0.0,-4.78,1.72,0.0
20230120:0811,0.0,0.0,-5.24,1.72,0.0
20230120:0911,64.47,4.1,-4.63,1.59,0.0
20230120:1011,237.13,7.9,-2.27,1.31,0.0
20230120:1111,293.49,10.01,-0.3,0.97,0.0
20230120:1211,174.45,10.27,0.16,0.9,0.0
20230120:1311,256.61,8.64,-0.14,0.97,0.0
20230120:1411,297.63,5.27,-1.35,1.24,0.0
20230120:1511,0.0,0.0,-2.57,1.59,0.0
20230120:1611,0.0,0.0,-3.76,1.79,0.0
20230120:1711,0.0,0.0,-4.05,1.72,0.0
20230120:1811,0.0,0.0,-3.27,1.38,0.0
20230120:1911,0.0,0.0,-4.85,1.66,0.0
20230120:2011,0.0,0.0,-6.1,2.0,0.0
20230120:2111,0.0,0.0,-6.4,2.07,0.0
20230120:2211,0.0,0.0,-6.05,1.93,0.0
20230120:2311,0.0,0.0,-6.51,2.07,0.0
20230121:0011,0.0,0.0,-7.43,2.48,0.0
20230121:0111,0.0,0.0,-7.16,2.69,0.0
20230121:0211,0.0,0.0,-6.67,2.55,0.0
20230121:0311,0.0,0.0,-6.47,2.62,0.0
20230121:0411,0.0,0.0,-5.96,2.76,0.0
20230121:0511,0.0,0.0,-5.1,2.83,0.0
20230121:0611,0.0,0.0,-4.33,3.1,0.0
20230121:0711,0.0,0.0,-2.59,3.38,0.0
20230121:0811,0.0,0.0,-1.79,3.72,0.0
20230121:0911,6.28,4.28,-1.13,3.79,0.0
20230121:1011,23.32,8.1,-0.37,3.86,0.0
20230121:1111,216.15,10.23,0.35,4.0,0.0
20230121:1211,133.76,10.49,0.77,4.0,0.0
20230121:1311,28.7,8.87,1.01,4.07,0.0
20230121:1411,9.87,5.5,1.16,4.0,0.0
20230121:1511,0.0,0.0,1.05,3.93,0.0
20230121:1611,0.0,0.0,0.75,3.93,0.0
20230121:1711,0.0,0.0,0.67,4.07,0.0
20230121:1811,0.0,0.0,0.38,4.07,0.0
20230121:1911,0.0,0.0,0.67,4.69,0.0
20230121:2011,0.0,0.0,0.62,4.62,0.0
20230121:2111,0.0,0.0,0.54,4.83,0.0
20230121:2211,0.0,0.0,0.56,5.1,0.0
20230121:2311,0.0,0.0,0.58,5.24,0.0
20230122:0011,0.0,0.0,0.47,5.1,0.0
20230122:0111,0.0,0.0,0.52,5.03,0.0
20230122:0211,0.0,0.0,0.48,4.97,0.0
20230122:0311,0.0,0.0,0.44,5.03,0.0
20230122:0411,0.0,0.0,0.41,5.24,0.0
20230122:0511,0.0,0.0,0.47,5.52,0.0
20230122:0611,0.0,0.0,0.58,5.52,0.0
20230122:0711,0.0,0.0,0.83,5.79,0.0
20230122:0811,0.0,0.0,0.84,5.93,0.0
20230122:0911,6.28,4.48,0.86,5.93,0.0
20230122:1011,16.14,8.31,0.97,6.21,0.0
20230122:1111,25.11,10.45,1.18,6.48,0.0
20230122:1211,16.14,10.72,1.29,6.41,0.0
20230122:1311,11.66,9.11,1.37,6.07,0.0
20230122:1411,122.96,5.74,1.43,5.93,0.0
20230122:1511,0.0,0.0,1.38,5.93,0.0
20230122:1611,0.0,0.0,1.27,6.0,0.0
20230122:1711,0.0,0.0,1.14,5.79,0.0
20230122:1811,0.0,0.0,1.1,5.66,0.0
20230122:1911,0.0,0.0,1.25,6.14,0.0
20230122:2011,0.0,0.0,1.12,6.41,0.0
20230122:2111,0.0,0.0,1.1,6.14,0.0
20230122:2211,0.0,0.0,1.19,6.07,0.0
20230122:2311,0.0,0.0,1.16,6.21,0.0
20230123:0011,0.0,0.0,1.08,6.34,0.0
20230123:0111,0.0,0.0,0.88,6.28,0.0
20230123:0211,0.0,0.0,0.91,6.14,0.0
20230123:0311,0.0,0.0,1.02,5.93,0.0
20230123:0411,0.0,0.0,1.15,5.86,0.0
20230123:0511,0.0,0.0,1.28,5.93,0.0
20230123:0611,0.0,0.0,1.41,5.93,0.0
20230123:0711,0.0,0.0,1.41,6.41,0.0
20230123:0811,0.0,0.0,1.6,6.69,0.0
20230123:0911,26.49,4.67,2.03,6.62,0.0
20230123:1011,8.97,8.52,2.37,6.69,0.0
20230123:1111,11.66,10.67,2.49,6.69,0.0
20230123:1211,17.04,10.95,2.74,6.69,0.0
20230123:1311,26.01,9.35,3.0,6.69,0.0
20230123:1411,5.38,5.98,3.22,6.41,0.0
20230123:1511,0.0,0.0,3.45,6.28,0.0
20230123:1611,0.0,0.0,3.56,6.28,0.0
20230123:1711,0.0,0.0,3.84,6.0,0.0
20230123:1811,0.0,0.0,4.08,5.79,0.0
20230123:1911,0.0,0.0,3.92,5.93,0.0
20230123:2011,0.0,0.0,4.1,5.79,0.0
20230123:2111,0.0,0.0,4.55,5.59,0.0
20230123:2211,0.0,0.0,4.81,5.24,0.0
20230123:2311,0.0,0.0,5.04,4.9,0.0
20230124:0011,0.0,0.0,5.3,4.76,0.0
20230124:0111,0.0,0.0,5.24,4.48,0.0
20230124:0211,0.0,0.0,5.43,4.28,0.0
20230124:0311,0.0,0.0,5.6,3.93,0.0
20230124:0411,0.0,0.0,5.71,3.79,0.0
20230124:0511,0.0,0.0,5.79,3.79,0.0
20230124:0611,0.0,0.0,5.87,3.66,0.0
20230124:0711,0.0,0.0,5.88,3.93,0.0
20230124:0811,0.0,0.0,5.91,3.72,0.0
20230124:0911,3.59,4.88,5.97,3.79,0.0
20230124:1011,45.78,8.74,6.09,3.93,0.0
20230124:1111,11.66,10.9,6.14,3.79,0.0
20230124:1211,45.74,11.2,6.18,3.86,0.0
20230124:1311,17.94,9.59,6.21,4.0,0.0
20230124:1411,5.38,6.22,6.21,3.79,0.0
20230124:1511,0.0,0.0,6.18,3.66,0.0
20230124:1611,0.0,0.0,6.06,3.52,0.0
20230124:1711,0.0,0.0,6.06,3.59,0.0
20230124:1811,0.0,0.0,6.1,3.52,0.0
20230124:1911,0.0,0.0,6.23,4.28,0.0
20230124:2011,0.0,0.0,6.24,4.28,0.0
20230124:2111,0.0,0.0,6.22,4.34,0.0
20230124:2211,0.0,0.0,6.33,4.34,0.0
20230124:2311,0.0,0.0,6.32,4.34,0.0
20230125:0011,0.0,0.0,6.42,4.14,0.0
20230125:0111,0.0,0.0,6.4,3.66,0.0
20230125:0211,0.0,0.0,6.48,3.31,0.0
20230125:0311,0.0,0.0,6.57,2.9,0.0
20230125:0411,0.0,0.0,6.63,2.76,0.0
20230125:0511,0.0,0.0,6.59,2.97,0.0
20230125:0611,0.0,0.0,6.47,3.38,0.0
20230125:0711,0.0,0.0,6.66,3.86,0.0
20230125:0811,0.0,0.0,6.8,3.86,0.0
20230125:0911,6.28,5.09,6.92,3.38,0.0
20230125:1011,122.48,8.96,7.05,2.83,0.0
20230125:1111,278.71,11.14,7.01,3.31,0.0
20230125:1211,12.56,11.44,6.89,3.59,0.0
20230125:1311,32.29,9.84,6.42,3.52,0.0
20230125:1411,70.04,6.47,6.1,3.31,0.0
20230125:1511,0.0,0.0,5.94,2.76,0.0
20230125:1611,0.0,0.0,5.55,2.62,0.0
20230125:1711,0.0,0.0,5.18,3.24,0.0
20230125:1811,0.0,0.0,5.13,3.45,0.0
20230125:1911,0.0,0.0,5.13,3.1,0.0
20230125:2011,0.0,0.0,4.76,3.03,0.0
20230125:2111,0.0,0.0,4.37,2.83,0.0
20230125:2211,0.0,0.0,4.36,2.83,0.0
20230125:2311,0.0,0.0,4.25,3.03,0.0
20230126:0011,0.0,0.0,4.38,3.66,0.0
20230126:0111,0.0,0.0,4.41,4.41,0.0
20230126:0211,0.0,0.0,4.45,4.9,0.0
20230126:0311,0.0,0.0,4.39,4.76,0.0
20230126:0411,0.0,0.0,4.1,4.62,0.0
20230126:0511,0.0,0.0,3.83,4.69,0.0
20230126:0611,0.0,0.0,3.64,4.55,0.0
20230126:0711,0.0,0.0,3.4,3.52,0.0
20230126:0811,0.0,0.0,3.1,3.52,0.0
20230126:0911,264.0,5.31,2.93,3.79,0.0
20230126:1011,439.25,9.2,3.17,4.0,0.0
20230126:1111,544.27,11.38,3.38,4.41,0.0
20230126:1211,564.51,11.69,3.62,4.62,0.0
20230126:1311,541.26,10.1,3.59,4.76,0.0
20230126:1411,346.72,6.73,3.52,4.69,0.0
20230126:1511,0.83,1.84,3.07,4.34,0.0
20230126:1611,0.0,0.0,2.46,3.79,0.0
20230126:1711,0.0,0.0,1.99,3.45,0.0
20230126:1811,0.0,0.0,1.67,3.38,0.0
20230126:1911,0.0,0.0,1.63,2.97,0.0
20230126:2011,0.0,0.0,1.21,2.62,0.0
20230126:2111,0.0,0.0,0.69,2.21,0.0
20230126:2211,0.0,0.0,0.09,1.79,0.0
20230126:2311,0.0,0.0,-0.59,1.59,0.0
20230127:0011,0.0,0.0,-1.13,1.52,0.0
20230127:0111,0.0,0.0,-1.67,1.52,0.0
20230127:0211,0.0,0.0,-1.7,1.66,0.0
20230127:0311,0.0,0.0,-2.01,1.38,0.0
20230127:0411,0.0,0.0,-1.94,1.24,0.0
20230127:0511,0.0,0.0,-1.81,1.45,0.0
20230127:0611,0.0,0.0,-1.28,1.52,0.0
20230127:0711,0.0,0.0,-0.64,1.86,0.0
20230127:0811,0.0,0.0,-0.23,2.0,0.0
20230127:0911,129.16,5.53,0.32,2.07,0.0
20230127:1011,216.57,9.43,1.15,2.14,0.0
20230127:1111,143.48,11.63,1.84,2.21,0.0
20230127:1211,61.12,11.95,2.3,2.41,0.0
20230127:1311,63.21,10.36,2.33,2.48,0.0
20230127:1411,35.16,6.99,2.44,2.69,0.0
20230127:1511,0.83,2.1,2.53,2.9,0.0
20230127:1611,0.0,0.0,2.5,2.97,0.0
20230127:1711,0.0,0.0,2.68,2.97,0.0
20230127:1811,0.0,0.0,2.88,2.9,0.0
20230127:1911,0.0,0.0,2.71,3.31,0.0
20230127:2011,0.0,0.0,2.97,3.24,0.0
20230127:2111,0.0,0.0,3.23,3.17,0.0
20230127:2211,0.0,0.0,3.44,3.38,0.0
20230127:2311,0.0,0.0,3.91,3.66,0.0
20230128:0011,0.0,0.0,4.5,3.86,0.0
20230128:0111,0.0,0.0,4.25,3.79,0.0
20230128:0211,0.0,0.0,4.88,3.66,0.0
20230128:0311,0.0,0.0,5.23,4.62,0.0
20230128:0411,0.0,0.0,5.36,4.69,0.0
20230128:0511,0.0,0.0,4.88,4.34,0.0
20230128:0611,0.0,0.0,4.54,4.0,0.0
20230128:0711,0.0,0.0,4.8,4.07,0.0
20230128:0811,0.0,0.0,4.71,4.14,0.0
20230128:0911,116.66,5.76,4.85,4.14,0.0
20230128:1011,287.41,9.68,5.23,4.07,0.0
20230128:1111,510.22,11.89,5.67,4.07,0.0
20230128:1211,182.85,12.21,5.96,4.21,0.0
20230128:1311,106.1,10.62,6.06,4.34,0.0
20230128:1411,208.95,7.25,5.85,4.48,0.0
20230128:1511,1.65,2.36,5.58,4.21,0.0
20230128:1611,0.0,0.0,5.18,4.41,0.0
20230128:1711,0.0,0.0,4.93,3.86,0.0
20230128:1811,0.0,0.0,4.78,3.38,0.0
20230128:1911,0.0,0.0,4.75,2.69,0.0
20230128:2011,0.0,0.0,4.67,2.62,0.0
20230128:2111,0.0,0.0,4.48,3.03,0.0
20230128:2211,0.0,0.0,4.52,3.31,0.0
20230128:2311,0.0,0.0,4.69,3.38,0.0
20230129:0011,0.0,0.0,4.85,3.59,0.0
20230129:0111,0.0,0.0,4.76,4.07,0.0
20230129:0211,0.0,0.0,4.87,4.41,0.0
20230129:0311,0.0,0.0,5.17,5.1,0.0
20230129:0411,0.0,0.0,5.49,4.48,0.0
20230129:0511,0.0,0.0,5.31,4.48,0.0
20230129:0611,0.0,0.0,5.29,4.62,0.0
20230129:0711,0.0,0.0,5.11,5.24,0.0
20230129:0811,0.0,0.0,5.18,5.31,0.0
20230129:0911,6.28,6.0,5.39,5.38,0.0
20230129:1011,17.94,9.93,5.63,5.86,0.0
20230129:1111,20.63,12.15,5.76,6.34,0.0
20230129:1211,26.01,12.48,5.88,6.9,0.0
20230129:1311,26.01,10.89,6.39,6.97,0.0
20230129:1411,7.17,7.52,6.64,6.69,0.0
20230129:1511,1.65,2.62,6.98,6.97,0.0
20230129:1611,0.0,0.0,7.07,7.86,0.0
20230129:1711,0.0,0.0,7.21,9.17,0.0
20230129:1811,0.0,0.0,6.65,8.97,0.0
20230129:1911,0.0,0.0,5.98,7.79,0.0
20230129:2011,0.0,0.0,5.58,7.79,0.0
20230129:2111,0.0,0.0,5.32,8.14,0.0
20230129:2211,0.0,0.0,4.97,8.21,0.0
20230129:2311,0.0,0.0,4.71,9.1,0.0
20230130:0011,0.0,0.0,4.09,8.07,0.0
20230130:0111,0.0,0.0,3.46,8.41,0.0
20230130:0211,0.0,0.0,3.12,7.66,0.0
20230130:0311,0.0,0.0,3.55,7.03,0.0
20230130:0411,0.0,0.0,3.7,7.17,0.0
20230130:0511,0.0,0.0,3.18,7.1,0.0
20230130:0611,0.0,0.0,3.11,7.17,0.0
20230130:0711,0.0,0.0,3.92,6.07,0.0
20230130:0811,0.0,0.0,3.33,8.55,0.0
20230130:0911,12.56,6.24,3.55,9.38,0.0
20230130:1011,461.4,10.18,3.34,9.79,0.0
20230130:1111,291.87,12.42,3.36,9.38,0.0
20230130:1211,16.14,12.76,2.99,9.93,0.0
20230130:1311,12.56,11.17,3.04,8.48,0.0
20230130:1411,343.85,7.79,3.16,8.62,0.0
20230130:1511,2.48,2.89,2.71,8.97,0.0
20230130:1611,0.0,0.0,2.6,8.0,0.0
20230130:1711,0.0,0.0,2.46,7.38,0.0
20230130:1811,0.0,0.0,2.41,6.9,0.0
20230130:1911,0.0,0.0,1.93,6.69,0.0
20230130:2011,0.0,0.0,1.76,6.14,0.0
20230130:2111,0.0,0.0,1.64,5.24,0.0
20230130:2211,0.0,0.0,1.54,4.69,0.0
20230130:2311,0.0,0.0,1.52,3.59,0.0
20230131:0011,0.0,0.0,1.64,2.9,0.0
20230131:0111,0.0,0.0,1.63,1.72,0.0
20230131:0211,0.0,0.0,1.48,1.03,0.0
20230131:0311,0.0,0.0,1.55,1.52,0.0
20230131:0411,0.0,0.0,1.37,2.07,0.0
20230131:0511,0.0,0.0,1.09,3.1,0.0
20230131:0611,0.0,0.0,0.85,4.41,0.0
20230131:0711,0.0,0.0,1.45,5.03,0.0
20230131:0811,0.0,0.0,2.22,5.72,0.0
20230131:0911,6.28,6.49,3.38,4.34,0.0
20230131:1011,45.74,10.44,3.66,5.38,0.0
20230131:1111,265.06,12.69,3.79,6.62,0.0
20230131:1211,31.39,13.03,4.03,6.21,0.0
20230131:1311,15.25,11.45,3.77,6.62,0.0
20230131:1411,30.49,8.07,3.74,6.34,0.0
20230131:1511,1.65,3.16,3.77,6.14,0.0
20230131:1611,0.0,0.0,3.33,6.97,0.0
20230131:1711,0.0,0.0,3.08,6.21,0.0
20230131:1811,0.0,0.0,3.23,5.45,0.0
20230131:1911,0.0,0.0,3.94,5.93,0.0
20230131:2011,0.0,0.0,3.9,6.07,0.0
20230131:2111,0.0,0.0,3.79,6.14,0.0
20230131:2211,0.0,0.0,3.97,6.48,0.0
20230131:2311,0.0,0.0,4.14,6.07,0.0
20230201:0011,0.0,0.0,4.07,5.79,0.0
20230201:0111,0.0,0.0,3.52,5.72,0.0
20230201:0211,0.0,0.0,3.36,5.45,0.0
20230201:0311,0.0,0.0,3.1,5.52,0.0
20230201:0411,0.0,0.0,3.0,5.79,0.0
20230201:0511,0.0,0.0,3.12,4.69,0.0
20230201:0611,0.0,0.0,3.44,4.07,0.0
20230201:0711,0.0,0.0,3.55,2.69,0.0
20230201:0811,0.0,0.0,3.35,2.48,0.0
20230201:0911,11.66,6.74,3.35,2.21,0.0
20230201:1011,37.67,10.71,3.46,2.07,0.0
20230201:1111,32.29,12.97,3.5,3.17,0.0
20230201:1211,184.95,13.32,3.66,3.79,0.0
20230201:1311,19.73,11.73,3.83,5.17,0.0
20230201:1411,54.46,8.35,4.02,6.14,0.0
20230201:1511,3.31,3.44,4.09,6.28,0.0
20230201:1611,0.0,0.0,3.79,6.21,0.0
20230201:1711,0.0,0.0,3.62,5.86,0.0
20230201:1811,0.0,0.0,3.52,5.52,0.0
20230201:1911,0.0,0.0,3.8,5.52,0.0
20230201:2011,0.0,0.0,3.9,5.45,0.0
20230201:2111,0.0,0.0,4.01,5.17,0.0
20230201:2211,0.0,0.0,3.91,4.48,0.0
20230201:2311,0.0,0.0,3.55,3.86,0.0
20230202:0011,0.0,0.0,3.2,3.31,0.0
20230202:0111,0.0,0.0,2.75,2.69,0.0
20230202:0211,0.0,0.0,2.38,2.07,0.0
20230202:0311,0.0,0.0,1.74,1.66,0.0
20230202:0411,0.0,0.0,1.1,1.31,0.0
20230202:0511,0.0,0.0,0.44,1.31,0.0
20230202:0611,0.0,0.0,-0.08,1.17,0.0
20230202:0711,0.0,0.0,-0.06,1.31,0.0
20230202:0811,0.0,0.0,-0.73,1.38,0.0
20230202:0911,340.92,7.0,-0.03,1.59,0.0
20230202:1011,251.52,10.98,1.11,1.79,0.0
20230202:1111,246.9,13.25,1.84,2.34,0.0
20230202:1211,258.01,13.61,2.31,2.55,0.0
20230202:1311,234.16,12.02,2.63,2.62,0.0
20230202:1411,97.58,8.64,2.85,2.9,0.0
20230202:1511,4.14,3.72,2.94,3.31,0.0
20230202:1611,0.0,0.0,2.78,3.79,0.0
20230202:1711,0.0,0.0,2.66,4.55,0.0
20230202:1811,0.0,0.0,2.5,5.31,0.0
20230202:1911,0.0,0.0,1.91,6.34,0.0
20230202:2011,0.0,0.0,1.7,6.83,0.0
20230202:2111,0.0,0.0,1.16,7.03,0.0
20230202:2211,0.0,0.0,1.2,7.31,0.0
20230202:2311,0.0,0.0,1.29,7.93,0.0
20230203:0011,0.0,0.0,2.04,8.21,0.0
20230203:0111,0.0,0.0,2.37,5.45,0.0
20230203:0211,0.0,0.0,3.13,3.17,0.0
20230203:0311,0.0,0.0,4.12,4.76,0.0
20230203:0411,0.0,0.0,4.66,7.17,0.0
20230203:0511,0.0,0.0,4.89,8.21,0.0
20230203:0611,0.0,0.0,5.03,8.69,0.0
20230203:0711,0.0,0.0,5.37,4.34,0.0
20230203:0811,0.83,1.85,5.03,4.34,0.0
20230203:0911,30.49,7.26,4.95,4.34,0.0
20230203:1011,26.01,11.26,4.48,5.38,0.0
20230203:1111,392.48,13.54,3.62,6.07,0.0
20230203:1211,702.21,13.9,3.43,5.45,0.0
20230203:1311,638.49,12.32,3.42,4.48,0.0
20230203:1411,443.74,8.93,3.38,3.79,0.0
20230203:1511,16.55,4.0,2.91,3.31,0.0
20230203:1611,0.0,0.0,2.21,2.97,0.0
20230203:1711,0.0,0.0,1.86,2.62,0.0
20230203:1811,0.0,0.0,1.27,2.34,0.0
20230203:1911,0.0,0.0,1.36,1.86,0.0
20230203:2011,0.0,0.0,0.44,1.86,0.0
20230203:2111,0.0,0.0,-0.19,2.21,0.0
20230203:2211,0.0,0.0,-0.53,2.62,0.0
20230203:2311,0.0,0.0,-0.47,3.1,0.0
20230204:0011,0.0,0.0,-0.17,3.59,0.0
20230204:0111,0.0,0.0,0.38,4.21,0.0
20230204:0211,0.0,0.0,0.73,4.48,0.0
20230204:0311,0.0,0.0,0.8,4.62,0.0
20230204:0411,0.0,0.0,0.73,4.55,0.0
20230204:0511,0.0,0.0,0.44,4.62,0.0
20230204:0611,0.0,0.0,0.37,4.69,0.0
20230204:0711,0.0,0.0,0.79,5.24,0.0
20230204:0811,0.9,2.11,0.65,5.31,0.0
20230204:0911,23.32,7.53,0.63,5.52,0.0
20230204:1011,212.6,11.54,0.82,5.31,0.0
20230204:1111,348.35,13.83,1.05,5.59,0.0
20230204:1211,48.43,14.2,1.41,6.0,0.0
20230204:1311,39.46,12.61,1.52,6.41,0.0
20230204:1411,14.35,9.22,1.65,6.9,0.0
20230204:1511,6.28,4.28,1.74,7.52,0.0
20230204:1611,0.0,0.0,1.96,7.59,0.0
20230204:1711,0.0,0.0,2.16,7.59,0.0
20230204:1811,0.0,0.0,2.28,7.86,0.0
20230204:1911,0.0,0.0,2.92,7.79,0.0
20230204:2011,0.0,0.0,3.26,8.07,0.0
20230204:2111,0.0,0.0,3.63,7.86,0.0
20230204:2211,0.0,0.0,3.6,7.72,0.0
20230204:2311,0.0,0.0,4.25,4.48,0.0
20230205:0011,0.0,0.0,4.71,4.07,0.0
20230205:0111,0.0,0.0,4.19,6.07,0.0
20230205:0211,0.0,0.0,4.21,6.55,0.0
20230205:0311,0.0,0.0,4.02,6.97,0.0
20230205:0411,0.0,0.0,3.68,6.83,0.0
20230205:0511,0.0,0.0,3.69,6.34,0.0
20230205:0611,0.0,0.0,3.7,5.86,0.0
20230205:0711,0.0,0.0,4.16,4.34,0.0
20230205:0811,2.69,2.37,3.88,3.17,0.0
20230205:0911,380.92,7.81,4.05,2.9,0.0
20230205:1011,123.51,11.83,4.52,2.55,0.0
20230205:1111,331.61,14.13,5.08,2.48,0.0
20230205:1211,490.12,14.5,5.56,2.62,0.0
20230205:1311,37.67,12.92,5.69,2.55,0.0
20230205:1411,85.82,9.52,5.62,2.55,0.0
20230205:1511,12.56,4.57,5.29,2.14,0.0
20230205:1611,0.0,0.0,4.86,1.79,0.0
20230205:1711,0.0,0.0,4.33,0.41,0.0
20230205:1811,0.0,0.0,3.04,1.17,0.0
20230205:1911,0.0,0.0,4.59,0.34,0.0
20230205:2011,0.0,0.0,4.22,0.34,0.0
20230205:2111,0.0,0.0,3.73,0.55,0.0
20230205:2211,0.0,0.0,2.59,0.97,0.0
20230205:2311,0.0,0.0,1.35,1.66,0.0
20230206:0011,0.0,0.0,2.09,1.79,0.0
20230206:0111,0.0,0.0,2.47,2.07,0.0
20230206:0211,0.0,0.0,3.08,2.34,0.0
20230206:0311,0.0,0.0,3.18,2.55,0.0
20230206:0411,0.0,0.0,3.67,2.55,0.0
20230206:0511,0.0,0.0,4.04,2.48,0.0
20230206:0611,0.0,0.0,4.38,2.28,0.0
20230206:0711,0.0,0.0,4.14,2.97,0.0
20230206:0811,1.79,2.64,4.1,3.24,0.0
20230206:0911,17.94,8.09,4.19,3.17,0.0
20230206:1011,188.81,12.12,4.57,3.03,0.0
20230206:1111,50.22,14.43,4.88,3.1,0.0
20230206:1211,39.46,14.81,5.16,3.1,0.0
20230206:1311,33.18,13.22,5.34,3.03,0.0
20230206:1411,26.01,9.82,5.49,2.9,0.0
20230206:1511,8.97,4.86,5.26,2.9,0.0
20230206:1611,0.0,0.0,4.93,3.03,0.0
20230206:1711,0.0,0.0,4.58,3.24,0.0
20230206:1811,0.0,0.0,4.37,3.45,0.0
20230206:1911,0.0,0.0,4.74,3.66,0.0
20230206:2011,0.0,0.0,4.71,3.86,0.0
20230206:2111,0.0,0.0,4.9,4.21,0.0
20230206:2211,0.0,0.0,5.22,4.41,0.0
20230206:2311,0.0,0.0,5.42,4.62,0.0
20230207:0011,0.0,0.0,5.59,4.62,0.0
20230207:0111,0.0,0.0,5.71,4.55,0.0
20230207:0211,0.0,0.0,5.66,4.28,0.0
20230207:0311,0.0,0.0,5.57,4.14,0.0
20230207:0411,0.0,0.0,5.49,4.07,0.0
20230207:0511,0.0,0.0,5.42,3.79,0.0
20230207:0611,0.0,0.0,5.37,3.38,0.0
20230207:0711,0.0,0.0,5.21,3.52,0.0
20230207:0811,1.79,2.91,5.06,3.59,0.0
20230207:0911,41.49,8.37,5.15,3.66,0.0
20230207:1011,134.49,12.42,5.41,3.38,0.0
20230207:1111,99.86,14.74,5.68,3.1,0.0
20230207:1211,17.94,15.12,6.26,3.17,0.0
20230207:1311,37.67,13.53,6.64,3.38,0.0
20230207:1411,22.42,10.12,6.81,3.38,0.0
20230207:1511,20.63,5.16,6.41,2.83,0.0
20230207:1611,0.0,0.0,6.26,2.97,0.0
20230207:1711,0.0,0.0,6.19,2.97,0.0
20230207:1811,0.0,0.0,6.15,2.97,0.0
20230207:1911,0.0,0.0,6.23,2.97,0.0
20230207:2011,0.0,0.0,6.13,3.17,0.0
20230207:2111,0.0,0.0,6.07,3.17,0.0
20230207:2211,0.0,0.0,6.0,3.1,0.0
20230207:2311,0.0,0.0,6.04,3.03,0.0
20230208:0011,0.0,0.0,5.92,2.83,0.0
20230208:0111,0.0,0.0,5.77,2.76,0.0
20230208:0211,0.0,0.0,5.63,3.17,0.0
20230208:0311,0.0,0.0,5.58,3.59,0.0
20230208:0411,0.0,0.0,5.56,4.0,0.0
20230208:0511,0.0,0.0,5.59,4.48,0.0
20230208:0611,0.0,0.0,5.81,5.17,0.0
20230208:0711,0.0,0.0,5.49,5.66,0.0
20230208:0811,2.69,3.19,5.71,5.86,0.0
20230208:0911,8.97,8.67,5.98,6.07,0.0
20230208:1011,15.25,12.72,6.35,6.34,0.0
20230208:1111,18.83,15.05,6.54,6.83,0.0
20230208:1211,33.18,15.43,6.55,7.72,0.0
20230208:1311,24.21,13.84,6.48,8.0,0.0
20230208:1411,17.94,10.43,6.35,8.34,0.0
20230208:1511,8.07,5.46,6.23,8.83,0.0
20230208:1611,0.0,0.0,5.97,8.83,0.0
20230208:1711,0.0,0.0,5.69,8.69,0.0
20230208:1811,0.0,0.0,5.52,9.03,0.0
20230208:1911,0.0,0.0,5.84,9.1,0.0
20230208:2011,0.0,0.0,5.75,9.03,0.0
20230208:2111,0.0,0.0,5.7,8.83,0.0
20230208:2211,0.0,0.0,5.94,8.41,0.0
20230208:2311,0.0,0.0,6.38,8.34,0.0
20230209:0011,0.0,0.0,6.47,8.34,0.0
20230209:0111,0.0,0.0,5.02,7.52,0.0
20230209:0211,0.0,0.0,4.11,5.31,0.0
20230209:0311,0.0,0.0,3.89,4.97,0.0
20230209:0411,0.0,0.0,3.95,5.1,0.0
20230209:0511,0.0,0.0,3.79,5.93,0.0
20230209:0611,0.0,0.0,3.53,7.1,0.0
20230209:0711,0.0,0.0,4.67,7.59,0.0
20230209:0811,5.38,3.47,4.63,8.0,0.0
20230209:0911,170.95,8.96,4.59,7.66,0.0
20230209:1011,41.25,13.03,4.81,8.28,0.0
20230209:1111,35.87,15.36,4.45,9.52,0.0
20230209:1211,52.91,15.75,4.06,8.55,0.0
20230209:1311,70.26,14.16,4.39,9.03,0.0
20230209:1411,14.35,10.73,3.98,10.21,0.0
20230209:1511,17.94,5.76,3.49,8.97,0.0
20230209:1611,0.0,0.0,3.0,8.62,0.0
20230209:1711,0.0,0.0,3.08,8.97,0.0
20230209:1811,0.0,0.0,2.75,8.48,0.0
20230209:1911,0.0,0.0,3.02,7.72,0.0
20230209:2011,0.0,0.0,2.95,7.17,0.0
20230209:2111,0.0,0.0,2.9,6.9,0.0
20230209:2211,0.0,0.0,2.61,6.48,0.0
20230209:2311,0.0,0.0,2.43,6.21,0.0
20230210:0011,0.0,0.0,2.37,5.1,0.0
20230210:0111,0.0,0.0,2.21,4.34,0.0
20230210:0211,0.0,0.0,2.05,3.52,0.0
20230210:0311,0.0,0.0,1.8,2.76,0.0
20230210:0411,0.0,0.0,1.69,2.28,0.0
20230210:0511,0.0,0.0,1.56,1.72,0.0
20230210:0611,0.0,0.0,1.46,1.24,0.0
20230210:0711,0.0,0.0,1.38,2.0,0.0
20230210:0811,2.69,3.76,1.48,2.9,0.0
20230210:0911,9.87,9.26,2.03,4.41,0.0
20230210:1011,24.21,13.34,2.53,5.79,0.0
20230210:1111,28.7,15.69,2.9,6.28,0.0
20230210:1211,26.9,16.08,4.37,6.48,0.0
20230210:1311,20.63,14.48,5.11,6.83,0.0
20230210:1411,19.73,11.05,5.81,7.17,0.0
20230210:1511,8.97,6.06,6.26,8.0,0.0
20230210:1611,0.0,0.0,6.98,8.21,0.0
20230210:1711,0.0,0.0,7.69,7.86,0.0
20230210:1811,0.0,0.0,8.12,7.72,0.0
20230210:1911,0.0,0.0,8.22,7.1,0.0
20230210:2011,0.0,0.0,8.07,6.83,0.0
20230210:2111,0.0,0.0,7.81,6.07,0.0
20230210:2211,0.0,0.0,7.64,5.17,0.0
20230210:2311,0.0,0.0,7.5,4.97,0.0
20230211:0011,0.0,0.0,7.38,5.86,0.0
20230211:0111,0.0,0.0,7.27,6.62,0.0
20230211:0211,0.0,0.0,7.07,6.62,0.0
20230211:0311,0.0,0.0,6.93,6.62,0.0
20230211:0411,0.0,0.0,6.83,6.34,0.0
20230211:0511,0.0,0.0,6.76,6.07,0.0
20230211:0611,0.0,0.0,6.78,5.66,0.0
20230211:0711,0.0,0.0,7.05,5.24,0.0
20230211:0811,3.59,4.05,7.01,5.52,0.0
20230211:0911,47.26,9.57,7.09,5.31,0.0
20230211:1011,134.41,13.66,7.43,5.03,0.0
20230211:1111,313.03,16.01,7.8,4.83,0.0
20230211:1211,191.44,16.4,8.08,4.48,0.0
20230211:1311,417.04,14.81,8.08,4.0,0.0
20230211:1411,151.8,11.36,7.91,3.38,0.0
20230211:1511,19.73,6.36,7.7,2.55,0.0
20230211:1611,0.0,0.0,7.44,1.59,0.0
20230211:1711,0.0,0.0,7.19,1.52,0.0
20230211:1811,0.0,0.0,7.06,2.0,0.0
20230211:1911,0.0,0.0,7.3,2.48,0.0
20230211:2011,0.0,0.0,7.44,3.31,0.0
20230211:2111,0.0,0.0,7.47,3.59,0.0
20230211:2211,0.0,0.0,7.16,3.24,0.0
20230211:2311,0.0,0.0,6.94,2.69,0.0
20230212:0011,0.0,0.0,6.54,2.55,0.0
20230212:0111,0.0,0.0,6.52,2.62,0.0
20230212:0211,0.0,0.0,6.64,2.41,0.0
20230212:0311,0.0,0.0,6.77,2.14,0.0
20230212:0411,0.0,0.0,6.78,2.07,0.0
20230212:0511,0.0,0.0,6.78,2.28,0.0
20230212:0611,0.0,0.0,6.81,2.34,0.0
20230212:0711,0.0,0.0,6.68,1.86,0.0
20230212:0811,8.97,4.35,6.52,1.79,0.0
20230212:0911,58.56,9.88,6.96,1.79,0.0
20230212:1011,170.86,13.98,7.16,1.79,0.0
20230212:1111,106.62,16.34,7.85,2.41,0.0
20230212:1211,62.78,16.74,8.14,2.07,0.0
20230212:1311,43.05,15.13,8.21,2.14,0.0
20230212:1411,39.46,11.68,8.1,2.28,0.0
20230212:1511,6.28,6.67,7.86,2.41,0.0
20230212:1611,0.0,0.0,7.16,2.62,0.0
20230212:1711,0.0,0.0,6.71,2.55,0.0
20230212:1811,0.0,0.0,6.6,2.48,0.0
20230212:1911,0.0,0.0,6.49,2.34,0.0
20230212:2011,0.0,0.0,6.15,2.28,0.0
20230212:2111,0.0,0.0,5.93,2.28,0.0
20230212:2211,0.0,0.0,5.88,2.21,0.0
20230212:2311,0.0,0.0,5.87,2.21,0.0
20230213:0011,0.0,0.0,5.84,2.21,0.0
20230213:0111,0.0,0.0,5.84,2.14,0.0
20230213:0211,0.0,0.0,5.91,1.93,0.0
20230213:0311,0.0,0.0,5.84,1.86,0.0
20230213:0411,0.0,0.0,5.68,1.86,0.0
20230213:0511,0.0,0.0,5.51,1.86,0.0
20230213:0611,0.0,0.0,5.37,1.66,0.0
20230213:0711,0.0,0.0,5.14,1.31,0.0
20230213:0811,12.56,4.66,4.93,1.17,0.0
20230213:0911,129.89,10.19,5.45,0.97,0.0
20230213:1011,75.32,14.31,6.22,1.38,0.0
20230213:1111,86.84,16.67,6.69,1.66,0.0
20230213:1211,111.0,17.07,7.15,1.79,0.0
20230213:1311,409.7,15.46,7.34,1.86,0.0
20230213:1411,138.69,12.0,7.23,1.86,0.0
20230213:1511,271.6,6.98,6.91,1.72,0.0
20230213:1611,0.0,0.0,6.46,1.66,0.0
20230213:1711,0.0,0.0,5.76,1.72,0.0
20230213:1811,0.0,0.0,5.49,1.79,0.0
20230213:1911,0.0,0.0,5.63,1.86,0.0
20230213:2011,0.0,0.0,5.23,2.0,0.0
20230213:2111,0.0,0.0,5.25,2.0,0.0
20230213:2211,0.0,0.0,5.12,2.14,0.0
20230213:2311,0.0,0.0,4.8,2.34,0.0
20230214:0011,0.0,0.0,4.75,2.55,0.0
20230214:0111,0.0,0.0,4.51,2.62,0.0
20230214:0211,0.0,0.0,4.39,2.76,0.0
20230214:0311,0.0,0.0,4.36,2.9,0.0
20230214:0411,0.0,0.0,4.24,3.1,0.0
20230214:0511,0.0,0.0,4.21,3.31,0.0
20230214:0611,0.0,0.0,4.11,3.45,0.0
20230214:0711,0.0,0.0,4.45,3.59,0.0
20230214:0811,6.28,4.96,4.41,3.86,0.0
20230214:0911,24.21,10.51,4.61,3.79,0.0
20230214:1011,34.08,14.64,5.13,4.9,0.0
20230214:1111,34.08,17.01,5.62,5.52,0.0
20230214:1211,29.6,17.41,6.05,5.86,0.0
20230214:1311,31.39,15.8,6.31,5.38,0.0
20230214:1411,24.21,12.33,6.35,5.24,0.0
20230214:1511,7.17,7.29,6.26,5.1,0.0
20230214:1611,0.0,0.0,5.89,4.9,0.0
20230214:1711,0.0,0.0,5.66,4.97,0.0
20230214:1811,0.0,0.0,5.48,4.97,0.0
20230214:1911,0.0,0.0,5.29,4.48,0.0
20230214:2011,0.0,0.0,5.25,4.28,0.0
20230214:2111,0.0,0.0,5.11,4.21,0.0
20230214:2211,0.0,0.0,4.91,4.14,0.0
20230214:2311,0.0,0.0,4.96,4.14,0.0
20230215:0011,0.0,0.0,4.87,4.0,0.0
20230215:0111,0.0,0.0,4.78,3.93,0.0
20230215:0211,0.0,0.0,4.74,4.14,0.0
20230215:0311,0.0,0.0,4.6,4.21,0.0
20230215:0411,0.0,0.0,4.4,4.14,0.0
20230215:0511,0.0,0.0,4.33,4.14,0.0
20230215:0611,0.0,0.0,4.23,4.07,0.0
20230215:0711,0.0,0.0,4.81,4.34,0.0
20230215:0811,184.28,5.28,4.86,4.48,0.0
20230215:0911,220.95,10.84,5.23,4.83,0.0
20230215:1011,164.55,14.97,5.81,4.9,0.0
20230215:1111,234.86,17.35,6.34,5.31,0.0
20230215:1211,230.39,17.75,6.8,5.79,0.0
20230215:1311,298.86,16.13,6.88,5.86,0.0
20230215:1411,14.35,12.65,6.91,6.28,0.0
20230215:1511,14.35,7.61,6.55,6.76,0.0
20230215:1611,0.0,0.0,6.24,7.1,0.0
20230215:1711,0.0,0.0,5.86,7.31,0.0
20230215:1811,0.0,0.0,5.49,7.31,0.0
20230215:1911,0.0,0.0,5.52,7.1,0.0
20230215:2011,0.0,0.0,5.25,6.9,0.0
20230215:2111,0.0,0.0,5.22,6.34,0.0
20230215:2211,0.0,0.0,5.32,5.79,0.0
20230215:2311,0.0,0.0,5.55,5.1,0.0
20230216:0011,0.0,0.0,5.61,4.48,0.0
20230216:0111,0.0,0.0,5.7,4.0,0.0
20230216:0211,0.0,0.0,5.61,3.79,0.0
20230216:0311,0.0,0.0,5.68,3.59,0.0
20230216:0411,0.0,0.0,5.63,3.38,0.0
20230216:0511,0.0,0.0,5.55,2.97,0.0
20230216:0611,0.0,0.0,5.45,2.69,0.0
20230216:0711,0.0,0.0,4.76,2.28,0.0
20230216:0811,207.06,5.59,4.63,2.07,0.0
20230216:0911,327.04,11.16,5.14,1.72,0.0
20230216:1011,660.96,15.31,5.86,1.66,0.0
20230216:1111,631.17,17.7,6.33,2.07,0.0
20230216:1211,595.14,18.1,6.49,2.48,0.0
20230216:1311,341.24,16.47,6.55,3.1,0.0
20230216:1411,167.4,12.98,6.25,2.83,0.0
20230216:1511,38.08,7.92,5.96,2.62,0.0
20230216:1611,0.0,0.0,5.42,2.41,0.0
20230216:1711,0.0,0.0,4.99,2.41,0.0
20230216:1811,0.0,0.0,4.74,2.69,0.0
20230216:1911,0.0,0.0,4.9,3.31,0.0
20230216:2011,0.0,0.0,4.86,3.45,0.0
20230216:2111,0.0,0.0,4.91,3.52,0.0
20230216:2211,0.0,0.0,5.14,4.0,0.0
20230216:2311,0.0,0.0,5.4,4.21,0.0
20230217:0011,0.0,0.0,5.52,4.07,0.0
20230217:0111,0.0,0.0,5.53,4.28,0.0
20230217:0211,0.0,0.0,5.45,4.55,0.0
20230217:0311,0.0,0.0,5.32,4.83,0.0
20230217:0411,0.0,0.0,5.16,5.17,0.0
20230217:0511,0.0,0.0,5.03,5.66,0.0
20230217:0611,0.0,0.0,5.01,6.07,0.0
20230217:0711,0.0,0.0,5.07,6.83,0.0
20230217:0811,30.83,5.91,5.04,7.24,0.0
20230217:0911,126.77,11.5,5.48,6.34,0.0
20230217:1011,23.32,15.65,6.39,4.48,0.0
20230217:1111,22.42,18.04,6.83,5.31,0.0
20230217:1211,60.09,18.44,6.98,4.76,0.0
20230217:1311,27.8,16.81,6.95,5.79,0.0
20230217:1411,52.91,13.31,6.45,10.28,0.0
20230217:1511,49.09,8.24,4.54,11.31,0.0
20230217:1611,0.83,1.97,4.43,11.93,0.0
20230217:1711,0.0,0.0,4.79,10.55,0.0
20230217:1811,0.0,0.0,4.97,9.03,0.0
20230217:1911,0.0,0.0,4.76,8.14,0.0
20230217:2011,0.0,0.0,4.73,7.52,0.0
20230217:2111,0.0,0.0,4.64,7.1,0.0
20230217:2211,0.0,0.0,4.41,6.55,0.0
20230217:2311,0.0,0.0,4.54,5.79,0.0
20230218:0011,0.0,0.0,4.08,5.59,0.0
20230218:0111,0.0,0.0,3.77,5.52,0.0
20230218:0211,0.0,0.0,3.35,5.17,0.0
20230218:0311,0.0,0.0,3.09,4.97,0.0
20230218:0411,0.0,0.0,2.82,4.83,0.0
20230218:0511,0.0,0.0,2.68,5.03,0.0
20230218:0611,0.0,0.0,2.36,4.83,0.0
20230218:0711,0.0,0.0,2.67,4.48,0.0
20230218:0811,241.95,6.24,2.55,4.41,0.0
20230218:0911,491.29,11.83,2.87,4.28,0.0
20230218:1011,659.69,16.0,3.13,5.03,0.0
20230218:1111,708.85,18.4,3.4,5.17,0.0
20230218:1211,96.47,18.79,3.64,5.17,0.0
20230218:1311,751.94,17.16,3.74,4.97,0.0
20230218:1411,291.69,13.64,3.67,4.83,0.0
20230218:1511,180.61,8.56,3.39,4.76,0.0
20230218:1611,1.65,2.28,2.85,4.28,0.0
20230218:1711,0.0,0.0,2.32,4.0,0.0
20230218:1811,0.0,0.0,2.0,3.59,0.0
20230218:1911,0.0,0.0,1.88,3.31,0.0
20230218:2011,0.0,0.0,1.55,3.03,0.0
20230218:2111,0.0,0.0,1.25,2.9,0.0
20230218:2211,0.0,0.0,1.09,2.76,0.0
20230218:2311,0.0,0.0,1.01,2.55,0.0
20230219:0011,0.0,0.0,0.94,2.41,0.0
20230219:0111,0.0,0.0,0.88,2.07,0.0
20230219:0211,0.0,0.0,0.64,1.72,0.0
20230219:0311,0.0,0.0,0.47,1.31,0.0
20230219:0411,0.0,0.0,0.33,0.83,0.0
20230219:0511,0.0,0.0,0.86,0.55,0.0
20230219:0611,0.0,0.0,1.33,0.97,0.0
20230219:0711,0.0,0.0,2.98,3.66,0.0
20230219:0811,13.45,6.57,3.8,4.14,0.0
20230219:0911,77.85,12.17,4.46,4.48,0.0
20230219:1011,73.54,16.35,4.99,4.76,0.0
20230219:1111,141.56,18.75,5.14,4.83,0.0
20230219:1211,135.22,19.15,5.22,4.14,0.0
20230219:1311,61.88,17.5,5.34,4.9,0.0
20230219:1411,50.22,13.98,4.97,4.69,0.0
20230219:1511,27.8,8.88,4.74,4.48,0.0
20230219:1611,1.65,2.59,4.37,4.14,0.0
20230219:1711,0.0,0.0,3.92,3.86,0.0
20230219:1811,0.0,0.0,3.82,3.66,0.0
20230219:1911,0.0,0.0,4.35,4.41,0.0
20230219:2011,0.0,0.0,4.87,4.76,0.0
20230219:2111,0.0,0.0,5.66,5.24,0.0
20230219:2211,0.0,0.0,6.3,6.14,0.0
20230219:2311,0.0,0.0,6.74,6.76,0.0
20230220:0011,0.0,0.0,7.28,6.69,0.0
20230220:0111,0.0,0.0,7.75,8.48,0.0
20230220:0211,0.0,0.0,7.89,9.66,0.0
20230220:0311,0.0,0.0,8.3,10.07,0.0
20230220:0411,0.0,0.0,8.15,10.07,0.0
20230220:0511,0.0,0.0,7.29,8.76,0.0
20230220:0611,0.0,0.0,6.49,8.21,0.0
20230220:0711,0.0,0.0,6.68,7.59,0.0
20230220:0811,28.7,6.9,6.44,8.21,0.0
20230220:0911,88.16,12.52,6.48,8.76,0.0
20230220:1011,380.25,16.7,6.49,8.69,0.0
20230220:1111,37.67,19.11,6.79,8.34,0.0
20230220:1211,34.98,19.51,7.14,8.62,0.0
20230220:1311,193.85,17.85,6.87,8.62,0.0
20230220:1411,81.6,14.31,6.69,9.24,0.0
20230220:1511,328.02,9.2,6.85,9.66,0.0
20230220:1611,8.27,2.9,6.51,9.72,0.0
20230220:1711,0.0,0.0,6.2,10.28,0.0
20230220:1811,0.0,0.0,6.15,9.86,0.0
20230220:1911,0.0,0.0,5.72,9.45,0.0
20230220:2011,0.0,0.0,5.78,9.17,0.0
20230220:2111,0.0,0.0,5.92,8.9,0.0
20230220:2211,0.0,0.0,6.04,8.28,0.0
20230220:2311,0.0,0.0,6.13,7.86,0.0
20230221:0011,0.0,0.0,6.09,7.03,0.0
20230221:0111,0.0,0.0,6.21,6.14,0.0
20230221:0211,0.0,0.0,6.24,5.38,0.0
20230221:0311,0.0,0.0,6.16,4.83,0.0
20230221:0411,0.0,0.0,6.02,4.14,0.0
20230221:0511,0.0,0.0,5.94,3.52,0.0
20230221:0611,0.0,0.0,5.66,2.83,0.0
20230221:0711,0.0,0.0,5.43,1.72,0.0
20230221:0811,131.69,7.24,5.31,0.97,0.0
20230221:0911,295.35,12.86,5.96,0.41,0.0
20230221:1011,299.23,17.06,7.03,0.83,0.0
20230221:1111,661.69,19.47,7.29,1.45,0.0
20230221:1211,310.02,19.87,7.41,1.72,0.0
20230221:1311,408.32,18.2,7.45,1.72,0.0
20230221:1411,568.89,14.65,7.37,1.45,0.0
20230221:1511,184.13,9.52,7.19,1.93,0.0
20230221:1611,4.14,3.21,6.56,2.0,0.0
20230221:1711,0.0,0.0,5.86,2.28,0.0
20230221:1811,0.0,0.0,5.39,2.48,0.0
20230221:1911,0.0,0.0,5.52,2.97,0.0
20230221:2011,0.0,0.0,5.26,3.45,0.0
20230221:2111,0.0,0.0,5.15,3.79,0.0
20230221:2211,0.0,0.0,5.04,4.28,0.0
20230221:2311,0.0,0.0,5.14,4.83,0.0
20230222:0011,0.0,0.0,5.18,5.38,0.0
20230222:0111,0.0,0.0,5.05,5.66,0.0
20230222:0211,0.0,0.0,5.08,5.45,0.0
20230222:0311,0.0,0.0,5.19,5.31,0.0
20230222:0411,0.0,0.0,5.3,5.45,0.0
20230222:0511,0.0,0.0,5.39,5.59,0.0
20230222:0611,0.0,0.0,5.36,5.72,0.0
20230222:0711,0.0,0.0,5.2,5.52,0.0
20230222:0811,35.22,7.58,5.27,5.38,0.0
20230222:0911,48.43,13.21,5.39,5.24,0.0
20230222:1011,34.98,17.42,5.71,5.17,0.0
20230222:1111,63.67,19.83,5.85,5.17,0.0
20230222:1211,34.08,20.23,5.91,5.31,0.0
20230222:1311,23.32,18.56,5.92,5.38,0.0
20230222:1411,33.18,14.99,5.92,5.31,0.0
20230222:1511,15.25,9.85,5.43,5.03,0.0
20230222:1611,4.14,3.52,5.08,4.55,0.0
20230222:1711,0.0,0.0,5.04,4.21,0.0
20230222:1811,0.0,0.0,4.97,4.07,0.0
20230222:1911,0.0,0.0,5.17,2.9,0.0
20230222:2011,0.0,0.0,5.17,1.72,0.0
20230222:2111,0.0,0.0,5.04,0.48,0.0
20230222:2211,0.0,0.0,4.7,3.03,0.0
20230222:2311,0.0,0.0,3.94,5.03,0.0
20230223:0011,0.0,0.0,3.29,5.93,0.0
20230223:0111,0.0,0.0,2.95,6.14,0.0
20230223:0211,0.0,0.0,2.73,6.28,0.0
20230223:0311,0.0,0.0,2.33,6.34,0.0
20230223:0411,0.0,0.0,2.03,6.14,0.0
20230223:0511,0.0,0.0,1.89,5.79,0.0
20230223:0611,0.0,0.0,1.88,5.45,0.0
20230223:0711,0.0,0.0,2.28,4.48,0.0
20230223:0811,138.52,7.92,2.17,4.07,0.0
20230223:0911,78.15,13.57,2.67,4.14,0.0
20230223:1011,126.12,17.78,3.11,3.86,0.0
20230223:1111,319.74,20.2,3.6,3.59,0.0
20230223:1211,575.41,20.59,3.85,2.76,0.0
20230223:1311,196.38,18.91,4.12,1.66,0.0
20230223:1411,158.65,15.33,4.3,0.83,0.0
20230223:1511,60.07,10.18,4.46,1.52,0.0
20230223:1611,3.31,3.83,4.09,2.9,0.0
20230223:1711,0.0,0.0,3.29,4.28,0.0
20230223:1811,0.0,0.0,2.77,5.38,0.0
20230223:1911,0.0,0.0,3.28,4.55,0.0
20230223:2011,0.0,0.0,4.11,5.31,0.0
20230223:2111,0.0,0.0,4.63,3.79,0.0
20230223:2211,0.0,0.0,4.86,3.79,0.0
20230223:2311,0.0,0.0,4.76,4.41,0.0
20230224:0011,0.0,0.0,4.5,3.86,0.0
20230224:0111,0.0,0.0,4.14,3.52,0.0
20230224:0211,0.0,0.0,3.95,3.59,0.0
20230224:0311,0.0,0.0,3.73,3.59,0.0
20230224:0411,0.0,0.0,3.63,4.07,0.0
20230224:0511,0.0,0.0,3.57,4.83,0.0
20230224:0611,0.0,0.0,3.41,6.48,0.0
20230224:0711,0.0,0.0,3.36,7.38,0.0
20230224:0811,310.73,8.27,3.39,8.14,0.0
20230224:0911,508.06,13.92,3.68,8.55,0.0
20230224:1011,637.15,18.15,4.14,8.55,0.0
20230224:1111,839.59,20.57,4.54,8.76,0.0
20230224:1211,793.85,20.96,4.73,8.69,0.0
20230224:1311,809.96,19.27,4.85,8.62,0.0
20230224:1411,623.28,15.67,4.76,8.55,0.0
20230224:1511,423.63,10.5,4.51,8.55,0.0
20230224:1611,17.37,4.15,4.04,8.34,0.0
20230224:1711,0.0,0.0,3.46,8.21,0.0
20230224:1811,0.0,0.0,3.1,8.07,0.0
20230224:1911,0.0,0.0,3.05,7.72,0.0
20230224:2011,0.0,0.0,2.85,7.45,0.0
20230224:2111,0.0,0.0,2.57,6.97,0.0
20230224:2211,0.0,0.0,2.3,6.48,0.0
20230224:2311,0.0,0.0,2.05,6.14,0.0
20230225:0011,0.0,0.0,1.83,5.79,0.0
20230225:0111,0.0,0.0,1.58,5.38,0.0
20230225:0211,0.0,0.0,1.4,5.24,0.0
20230225:0311,0.0,0.0,1.27,5.24,0.0
20230225:0411,0.0,0.0,1.16,5.31,0.0
20230225:0511,0.0,0.0,1.07,5.52,0.0
20230225:0611,0.0,0.0,0.95,5.45,0.0
20230225:0711,2.48,1.92,0.83,4.62,0.0
20230225:0811,328.56,8.62,1.16,4.83,0.0
20230225:0911,545.62,14.28,1.84,4.76,0.0
20230225:1011,752.03,18.51,2.6,5.38,0.0
20230225:1111,806.52,20.94,3.21,5.79,0.0
20230225:1211,783.42,21.33,3.59,6.0,0.0
20230225:1311,804.66,19.63,3.76,6.0,0.0
20230225:1411,645.73,16.02,3.73,5.72,0.0
20230225:1511,455.7,10.83,3.54,5.45,0.0
20230225:1611,20.68,4.46,3.07,5.24,0.0
20230225:1711,0.0,0.0,2.46,4.97,0.0
20230225:1811,0.0,0.0,2.05,4.55,0.0
20230225:1911,0.0,0.0,2.15,4.28,0.0
20230225:2011,0.0,0.0,1.88,4.14,0.0
20230225:2111,0.0,0.0,1.51,3.66,0.0
20230225:2211,0.0,0.0,1.05,3.1,0.0
20230225:2311,0.0,0.0,0.67,2.83,0.0
20230226:0011,0.0,0.0,0.34,2.62,0.0
20230226:0111,0.0,0.0,0.1,2.48,0.0
20230226:0211,0.0,0.0,-0.08,2.41,0.0
20230226:0311,0.0,0.0,-0.18,2.48,0.0
20230226:0411,0.0,0.0,-0.21,2.48,0.0
20230226:0511,0.0,0.0,-0.08,2.76,0.0
20230226:0611,0.0,0.0,0.2,2.9,0.0
20230226:0711,2.48,2.26,0.52,2.62,0.0
20230226:0811,101.42,8.97,1.26,3.03,0.0
20230226:0911,74.72,14.65,2.31,3.03,0.0
20230226:1011,702.36,18.89,3.19,3.45,0.0
20230226:1111,241.39,21.32,3.97,3.79,0.0
20230226:1211,759.09,21.7,4.51,4.0,0.0
20230226:1311,798.26,19.99,4.87,4.34,0.0
20230226:1411,578.22,16.36,5.15,5.38,0.0
20230226:1511,389.47,11.16,5.07,4.62,0.0
20230226:1611,11.58,4.78,4.79,4.07,0.0
20230226:1711,0.0,0.0,4.35,3.59,0.0
20230226:1811,0.0,0.0,4.09,3.38,0.0
20230226:1911,0.0,0.0,3.37,3.72,0.0
20230226:2011,0.0,0.0,3.25,3.59,0.0
20230226:2111,0.0,0.0,3.16,3.38,0.0
20230226:2211,0.0,0.0,3.0,3.38,0.0
20230226:2311,0.0,0.0,2.87,3.45,0.0
20230227:0011,0.0,0.0,2.85,3.59,0.0
20230227:0111,0.0,0.0,2.97,3.72,0.0
20230227:0211,0.0,0.0,3.19,4.07,0.0
20230227:0311,0.0,0.0,3.27,4.28,0.0
20230227:0411,0.0,0.0,3.22,4.41,0.0
20230227:0511,0.0,0.0,3.05,4.28,0.0
20230227:0611,0.0,0.0,2.87,4.14,0.0
20230227:0711,5.79,2.61,2.15,3.52,0.0
20230227:0811,302.99,9.33,2.48,3.52,0.0
20230227:0911,518.57,15.01,3.2,3.24,0.0
20230227:1011,725.87,19.26,3.94,3.17,0.0
20230227:1111,773.4,21.7,4.8,3.45,0.0
20230227:1211,714.69,22.07,5.47,3.66,0.0
20230227:1311,718.37,20.35,6.03,4.07,0.0
20230227:1411,650.19,16.71,6.27,4.14,0.0
20230227:1511,449.75,11.49,6.28,4.55,0.0
20230227:1611,27.56,5.09,5.78,3.59,0.0
20230227:1711,0.0,0.0,5.12,3.45,0.0
20230227:1811,0.0,0.0,4.54,3.45,0.0
20230227:1911,0.0,0.0,3.54,2.21,0.0
20230227:2011,0.0,0.0,3.01,2.28,0.0
20230227:2111,0.0,0.0,2.56,2.34,0.0
20230227:2211,0.0,0.0,2.25,2.41,0.0
20230227:2311,0.0,0.0,2.09,2.55,0.0
20230228:0011,0.0,0.0,1.98,2.76,0.0
20230228:0111,0.0,0.0,1.97,2.97,0.0
20230228:0211,0.0,0.0,1.94,3.1,0.0
20230228:0311,0.0,0.0,1.83,3.45,0.0
20230228:0411,0.0,0.0,1.96,4.07,0.0
20230228:0511,0.0,0.0,2.09,4.62,0.0
20230228:0611,0.0,0.0,2.26,5.38,0.0
20230228:0711,8.27,2.96,2.11,4.62,0.0
20230228:0811,351.22,9.69,2.81,5.38,0.0
20230228:0911,565.93,15.38,4.02,6.07,0.0
20230228:1011,760.91,19.64,5.06,6.9,0.0
20230228:1111,843.18,22.08,5.75,6.48,0.0
20230228:1211,791.82,22.45,6.28,6.76,0.0
20230228:1311,822.05,20.72,6.63,7.52,0.0
20230228:1411,684.85,17.06,6.66,6.9,0.0
20230228:1511,480.33,11.82,6.5,6.69,0.0
20230228:1611,48.69,5.41,6.06,6.41,0.0
20230228:1711,0.0,0.0,5.43,6.07,0.0
20230228:1811,0.0,0.0,4.93,5.66,0.0
20230228:1911,0.0,0.0,4.67,5.24,0.0
20230228:2011,0.0,0.0,4.26,4.69,0.0
20230228:2111,0.0,0.0,3.94,4.34,0.0
20230228:2211,0.0,0.0,3.5,4.14,0.0
20230228:2311,0.0,0.0,3.16,4.0,0.0
20230301:0011,0.0,0.0,2.78,3.79,0.0
20230301:0111,0.0,0.0,2.54,3.38,0.0
20230301:0211,0.0,0.0,2.19,3.1,0.0
20230301:0311,0.0,0.0,1.89,3.03,0.0
20230301:0411,0.0,0.0,1.81,2.97,0.0
20230301:0511,0.0,0.0,1.75,3.03,0.0
20230301:0611,0.0,0.0,1.82,3.24,0.0
20230301:0711,10.75,3.31,1.1,2.21,0.0
20230301:0811,332.86,10.05,1.52,2.21,0.0
20230301:0911,555.75,15.75,2.85,2.28,0.0
20230301:1011,741.71,20.02,4.04,2.34,0.0
20230301:1111,810.54,22.46,5.02,2.14,0.0
20230301:1211,836.34,22.83,5.73,2.0,0.0
20230301:1311,794.77,21.08,6.19,2.41,0.0
20230301:1411,655.21,17.41,6.42,2.48,0.0
20230301:1511,461.24,12.15,6.39,2.62,0.0
20230301:1611,53.38,5.72,6.07,2.41,0.0
20230301:1711,0.0,0.0,5.18,2.07,0.0
20230301:1811,0.0,0.0,4.3,1.86,0.0
20230301:1911,0.0,0.0,3.51,1.59,0.0
20230301:2011,0.0,0.0,2.65,1.66,0.0
20230301:2111,0.0,0.0,1.68,1.72,0.0
20230301:2211,0.0,0.0,0.79,1.66,0.0
20230301:2311,0.0,0.0,0.11,1.72,0.0
20230302:0011,0.0,0.0,-0.35,1.72,0.0
20230302:0111,0.0,0.0,-0.85,1.52,0.0
20230302:0211,0.0,0.0,-1.07,1.31,0.0
20230302:0311,0.0,0.0,-1.53,1.45,0.0
20230302:0411,0.0,0.0,-1.7,1.45,0.0
20230302:0511,0.0,0.0,-1.2,1.17,0.0
20230302:0611,0.0,0.0,0.52,0.69,0.0
20230302:0711,19.17,3.67,-1.21,1.24,0.0
20230302:0811,348.05,10.41,0.81,0.76,0.0
20230302:0911,565.5,16.13,2.29,0.28,0.0
20230302:1011,746.15,20.4,4.3,0.97,0.0
20230302:1111,847.41,22.84,5.35,1.79,0.0
20230302:1211,893.92,23.2,5.87,2.55,0.0
20230302:1311,796.96,21.45,6.09,3.24,0.0
20230302:1411,687.77,17.76,6.06,3.52,0.0
20230302:1511,488.39,12.48,5.88,3.52,0.0
20230302:1611,218.91,6.04,5.32,3.72,0.0
20230302:1711,0.0,0.0,4.43,4.07,0.0
20230302:1811,0.0,0.0,3.76,4.21,0.0
20230302:1911,0.0,0.0,3.57,4.28,0.0
20230302:2011,0.0,0.0,3.33,4.48,0.0
20230302:2111,0.0,0.0,3.11,4.41,0.0
20230302:2211,0.0,0.0,2.84,4.41,0.0
20230302:2311,0.0,0.0,2.65,4.55,0.0
20230303:0011,0.0,0.0,2.65,4.62,0.0
20230303:0111,0.0,0.0,2.57,4.62,0.0
20230303:0211,0.0,0.0,2.56,4.76,0.0
20230303:0311,0.0,0.0,2.58,4.97,0.0
20230303:0411,0.0,0.0,2.63,4.97,0.0
20230303:0511,0.0,0.0,2.64,4.83,0.0
20230303:0611,0.0,0.0,2.67,4.69,0.0
20230303:0711,25.25,4.03,2.67,3.86,0.0
20230303:0811,130.77,10.78,3.35,3.72,0.0
20230303:0911,437.13,16.51,4.56,3.31,0.0
20230303:1011,719.1,20.78,5.64,3.66,0.0
20230303:1111,376.42,23.23,6.6,5.66,0.0
20230303:1211,340.43,23.59,7.11,6.28,0.0
20230303:1311,198.26,21.81,6.65,6.62,0.0
20230303:1411,91.7,18.11,6.62,6.69,0.0
20230303:1511,152.68,12.81,6.23,7.24,0.0
20230303:1611,91.33,6.36,5.97,7.1,0.0
20230303:1711,0.0,0.0,5.29,7.31,0.0
20230303:1811,0.0,0.0,4.44,7.52,0.0
20230303:1911,0.0,0.0,5.02,7.31,0.0
20230303:2011,0.0,0.0,4.44,7.45,0.0
20230303:2111,0.0,0.0,3.91,7.93,0.0
20230303:2211,0.0,0.0,3.43,8.28,0.0
20230303:2311,0.0,0.0,3.01,8.41,0.0
20230304:0011,0.0,0.0,2.61,8.41,0.0
20230304:0111,0.0,0.0,2.32,8.55,0.0
20230304:0211,0.0,0.0,2.05,8.62,0.0
20230304:0311,0.0,0.0,1.81,8.62,0.0
20230304:0411,0.0,0.0,1.63,8.62,0.0
20230304:0511,0.0,0.0,1.43,8.48,0.0
20230304:0611,0.0,0.0,1.32,8.34,0.0
20230304:0711,8.07,4.39,1.34,7.52,0.0
20230304:0811,112.1,11.15,1.32,7.17,0.0
20230304:0911,529.21,16.88,1.38,7.1,0.0
20230304:1011,618.91,21.17,1.8,7.45,0.0
20230304:1111,780.07,23.62,2.01,7.24,0.0
20230304:1211,66.36,23.97,2.18,7.72,0.0
20230304:1311,132.06,22.18,1.43,7.38,0.0
20230304:1411,118.46,18.46,1.76,7.72,0.0
20230304:1511,155.93,13.15,1.26,7.59,0.0
20230304:1611,52.06,6.68,0.9,7.03,0.0
20230304:1711,0.0,0.0,0.59,6.9,0.0
20230304:1811,0.0,0.0,0.17,6.48,0.0
20230304:1911,0.0,0.0,0.32,5.66,0.0
20230304:2011,0.0,0.0,-0.13,4.97,0.0
20230304:2111,0.0,0.0,-0.23,4.62,0.0
20230304:2211,0.0,0.0,-0.25,4.48,0.0
20230304:2311,0.0,0.0,-0.37,4.34,0.0
20230305:0011,0.0,0.0,-0.4,4.14,0.0
20230305:0111,0.0,0.0,-0.45,4.0,0.0
20230305:0211,0.0,0.0,-0.62,3.79,0.0
20230305:0311,0.0,0.0,-0.86,3.66,0.0
20230305:0411,0.0,0.0,-1.01,3.52,0.0
20230305:0511,0.0,0.0,-1.17,3.45,0.0
20230305:0611,0.0,0.0,-1.25,3.31,0.0
20230305:0711,37.18,4.76,-1.31,3.38,0.0
20230305:0811,360.45,11.52,-0.63,3.24,0.0
20230305:0911,590.54,17.27,0.38,3.93,0.0
20230305:1011,771.41,21.56,0.97,4.69,0.0
20230305:1111,876.4,24.01,1.14,5.1,0.0
20230305:1211,928.05,24.35,1.57,5.59,0.0
20230305:1311,819.43,22.55,1.77,5.66,0.0
20230305:1411,716.29,18.81,1.75,5.72,0.0
20230305:1511,522.49,13.48,1.63,5.52,0.0
20230305:1611,265.09,6.99,1.14,4.83,0.0
20230305:1711,0.0,0.0,0.55,4.55,0.0
20230305:1811,0.0,0.0,0.11,4.28,0.0
20230305:1911,0.0,0.0,-0.11,3.86,0.0
20230305:2011,0.0,0.0,-0.22,3.72,0.0
20230305:2111,0.0,0.0,-0.47,3.52,0.0
20230305:2211,0.0,0.0,-0.59,3.1,0.0
20230305:2311,0.0,0.0,-0.84,2.69,0.0
20230306:0011,0.0,0.0,-1.09,2.41,0.0
20230306:0111,0.0,0.0,-1.29,2.21,0.0
20230306:0211,0.0,0.0,-1.52,1.93,0.0
20230306:0311,0.0,0.0,-1.8,1.52,0.0
20230306:0411,0.0,0.0,-1.96,1.17,0.0
20230306:0511,0.0,0.0,-2.49,1.1,0.0
20230306:0611,0.0,0.0,-2.69,1.17,0.0
20230306:0711,17.94,5.12,-2.65,2.0,0.0
20230306:0811,109.8,11.9,-2.23,1.79,0.0
20230306:0911,188.82,17.65,-1.33,1.59,0.0
20230306:1011,323.47,21.95,-0.36,1.52,0.0
20230306:1111,708.53,24.4,0.4,1.66,0.0
20230306:1211,854.36,24.73,1.06,1.79,0.0
20230306:1311,764.32,22.92,1.35,2.0,0.0
20230306:1411,521.56,19.16,1.42,2.14,0.0
20230306:1511,230.37,13.81,1.31,2.28,0.0
20230306:1611,84.07,7.31,0.78,2.21,0.0
20230306:1711,0.0,0.0,-0.13,2.55,0.0
20230306:1811,0.0,0.0,-0.88,2.55,0.0
20230306:1911,0.0,0.0,-0.7,2.21,0.0
20230306:2011,0.0,0.0,-1.21,2.34,0.0
20230306:2111,0.0,0.0,-1.51,2.48,0.0
20230306:2211,0.0,0.0,-1.76,2.48,0.0
20230306:2311,0.0,0.0,-2.01,2.41,0.0
20230307:0011,0.0,0.0,-2.23,2.41,0.0
20230307:0111,0.0,0.0,-2.42,2.41,0.0
20230307:0211,0.0,0.0,-2.59,2.48,0.0
20230307:0311,0.0,0.0,-2.74,2.48,0.0
20230307:0411,0.0,0.0,-3.03,2.55,0.0
20230307:0511,0.0,0.0,-3.43,2.48,0.0
20230307:0611,0.0,0.0,-3.76,2.41,0.0
20230307:0711,53.95,5.49,-3.62,1.93,0.0
20230307:0811,401.82,12.27,-2.72,1.86,0.0
20230307:0911,645.58,18.03,-1.42,2.0,0.0
20230307:1011,827.8,22.34,-0.39,2.07,0.0
20230307:1111,937.68,24.79,0.45,2.14,0.0
20230307:1211,963.33,25.12,1.0,2.21,0.0
20230307:1311,893.64,23.29,1.2,2.41,0.0
20230307:1411,763.0,19.51,1.23,2.62,0.0
20230307:1511,550.37,14.15,1.03,2.69,0.0
20230307:1611,272.97,7.63,0.61,2.41,0.0
20230307:1711,0.0,0.0,-0.25,2.41,0.0
20230307:1811,0.0,0.0,-0.98,2.41,0.0
20230307:1911,0.0,0.0,-1.16,1.93,0.0
20230307:2011,0.0,0.0,-1.75,1.86,0.0
20230307:2111,0.0,0.0,-2.54,1.79,0.0
20230307:2211,0.0,0.0,-3.17,1.72,0.0
20230307:2311,0.0,0.0,-3.62,1.66,0.0
20230308:0011,0.0,0.0,-3.9,1.59,0.0
20230308:0111,0.0,0.0,-3.92,1.52,0.0
20230308:0211,0.0,0.0,-3.97,1.72,0.0
20230308:0311,0.0,0.0,-4.11,1.72,0.0
20230308:0411,0.0,0.0,-4.19,1.79,0.0
20230308:0511,0.0,0.0,-4.11,1.79,0.0
20230308:0611,0.0,0.0,-4.2,1.86,0.0
20230308:0711,57.01,5.86,-4.24,2.48,0.0
20230308:0811,407.86,12.65,-2.65,2.41,0.0
20230308:0911,616.74,18.42,-0.81,2.62,0.0
20230308:1011,730.62,22.73,0.66,2.76,0.0
20230308:1111,673.88,25.18,1.65,2.83,0.0
20230308:1211,464.07,25.51,2.11,3.03,0.0
20230308:1311,113.9,23.66,2.48,3.03,0.0
20230308:1411,77.13,19.86,2.47,3.03,0.0
20230308:1511,27.8,14.48,1.83,2.97,0.0
20230308:1611,18.83,7.95,0.67,2.83,0.0
20230308:1711,0.0,0.0,-0.06,2.21,0.0
20230308:1811,0.0,0.0,-0.57,1.79,0.0
20230308:1911,0.0,0.0,-0.5,2.69,0.0
20230308:2011,0.0,0.0,-0.62,2.83,0.0
20230308:2111,0.0,0.0,-0.91,2.83,0.0
20230308:2211,0.0,0.0,-1.01,2.9,0.0
20230308:2311,0.0,0.0,-1.04,2.83,0.0
20230309:0011,0.0,0.0,-1.38,2.48,0.0
20230309:0111,0.0,0.0,-1.5,2.34,0.0
20230309:0211,0.0,0.0,-1.7,2.41,0.0
20230309:0311,0.0,0.0,-1.77,2.48,0.0
20230309:0411,0.0,0.0,-1.8,2.48,0.0
20230309:0511,0.0,0.0,-2.08,2.21,0.0
20230309:0611,0.0,0.0,-2.34,1.79,0.0
20230309:0711,47.2,6.23,-3.64,1.59,0.0
20230309:0811,202.79,13.03,-2.99,1.38,0.0
20230309:0911,276.33,18.81,-2.3,1.31,0.0
20230309:1011,298.54,23.13,-1.38,1.38,0.0
20230309:1111,170.31,25.58,-1.04,1.03,0.0
20230309:1211,34.98,25.89,-0.91,0.76,0.0
20230309:1311,233.29,24.04,-0.51,0.41,0.0
20230309:1411,336.47,20.22,-0.14,1.38,0.0
20230309:1511,188.02,14.81,-0.29,2.69,0.0
20230309:1611,258.08,8.26,-1.17,3.24,0.0
20230309:1711,0.0,0.0,-1.68,2.76,0.0
20230309:1811,0.0,0.0,-2.49,2.83,0.0
20230309:1911,0.0,0.0,-3.19,3.1,0.0
20230309:2011,0.0,0.0,-3.44,2.97,0.0
20230309:2111,0.0,0.0,-3.7,3.03,0.0
20230309:2211,0.0,0.0,-3.96,3.1,0.0
20230309:2311,0.0,0.0,-4.27,2.97,0.0
20230310:0011,0.0,0.0,-4.6,2.69,0.0
20230310:0111,0.0,0.0,-4.99,2.48,0.0
20230310:0211,0.0,0.0,-5.29,2.34,0.0
20230310:0311,0.0,0.0,-5.58,2.07,0.0
20230310:0411,0.0,0.0,-5.85,1.93,0.0
20230310:0511,0.0,0.0,-6.06,1.72,0.0
20230310:0611,0.0,0.0,-6.37,1.59,0.0
20230310:0711,32.21,6.61,-6.06,1.45,0.0
20230310:0811,175.69,13.41,-4.4,1.31,0.0
20230310:0911,355.01,19.2,-3.07,1.31,0.0
20230310:1011,443.49,23.52,-1.85,1.03,0.0
20230310:1111,400.75,25.97,-0.8,0.97,0.0
20230310:1211,470.4,26.28,0.0,1.31,0.0
20230310:1311,335.49,24.41,0.52,1.79,0.0
20230310:1411,409.82,20.57,0.75,2.07,0.0
20230310:1511,213.92,15.15,0.75,2.34,0.0
20230310:1611,69.86,8.58,0.29,2.21,0.0
20230310:1711,0.0,0.0,-0.48,2.34,0.0
20230310:1811,0.0,0.0,-1.08,2.14,0.0
20230310:1911,0.0,0.0,-1.38,0.83,0.0
20230310:2011,0.0,0.0,-0.82,0.69,0.0
20230310:2111,0.0,0.0,-2.28,1.24,0.0
20230310:2211,0.0,0.0,-2.98,1.52,0.0
20230310:2311,0.0,0.0,-2.52,1.86,0.0
20230311:0011,0.0,0.0,-2.3,2.07,0.0
20230311:0111,0.0,0.0,-1.78,2.21,0.0
20230311:0211,0.0,0.0,-1.49,2.28,0.0
20230311:0311,0.0,0.0,-1.49,2.69,0.0
20230311:0411,0.0,0.0,-1.22,4.69,0.0
20230311:0511,0.0,0.0,-1.06,5.24,0.0
20230311:0611,0.0,0.0,-1.31,5.17,0.0
20230311:0711,9.87,6.98,-1.67,4.48,0.0
20230311:0811,84.42,13.8,-1.06,3.93,0.0
20230311:0911,190.23,19.59,-0.36,4.21,0.0
20230311:1011,47.53,23.92,0.27,4.55,0.0
20230311:1111,392.25,26.37,0.55,4.97,0.0
20230311:1211,129.14,26.67,0.55,5.38,0.0
20230311:1311,48.43,24.78,-0.13,5.93,0.0
20230311:1411,99.55,20.92,0.03,5.93,0.0
20230311:1511,232.83,15.48,-0.12,5.86,0.0
20230311:1611,8.97,8.9,-0.73,5.66,0.0
20230311:1711,0.0,0.0,-1.2,5.86,0.0
20230311:1811,0.0,0.0,-1.59,5.72,0.0
20230311:1911,0.0,0.0,-1.77,4.83,0.0
20230311:2011,0.0,0.0,-1.94,4.76,0.0
20230311:2111,0.0,0.0,-2.02,4.07,0.0
20230311:2211,0.0,0.0,-2.1,3.24,0.0
20230311:2311,0.0,0.0,-2.21,2.83,0.0
20230312:0011,0.0,0.0,-2.02,2.0,0.0
20230312:0111,0.0,0.0,-2.38,1.24,0.0
20230312:0211,0.0,0.0,-2.96,1.31,0.0
20230312:0311,0.0,0.0,-3.38,1.59,0.0
20230312:0411,0.0,0.0,-3.82,2.0,0.0
20230312:0511,0.0,0.0,-3.35,2.14,0.0
20230312:0611,0.0,0.0,-2.66,2.55,0.0
20230312:0711,25.11,7.36,-2.6,3.17,0.0
20230312:0811,48.43,14.18,-1.89,3.45,0.0
20230312:0911,102.78,19.98,-1.01,3.72,0.0
20230312:1011,135.68,24.32,-0.09,4.21,0.0
20230312:1111,149.18,26.77,0.59,4.9,0.0
20230312:1211,113.0,27.06,0.87,5.31,0.0
20230312:1311,77.13,25.15,1.19,5.59,0.0
20230312:1411,34.98,21.27,1.38,6.0,0.0
20230312:1511,64.57,15.81,1.31,5.93,0.0
20230312:1611,52.0,9.22,1.28,5.86,0.0
20230312:1711,0.83,1.92,1.27,5.79,0.0
20230312:1811,0.0,0.0,1.21,5.79,0.0
20230312:1911,0.0,0.0,1.3,5.79,0.0
20230312:2011,0.0,0.0,1.34,5.59,0.0
20230312:2111,0.0,0.0,1.56,5.79,0.0
20230312:2211,0.0,0.0,1.62,6.07,0.0
20230312:2311,0.0,0.0,1.78,6.28,0.0
20230313:0011,0.0,0.0,2.01,5.93,0.0
20230313:0111,0.0,0.0,1.97,5.45,0.0
20230313:0211,0.0,0.0,1.89,4.97,0.0
20230313:0311,0.0,0.0,1.72,4.48,0.0
20230313:0411,0.0,0.0,1.5,3.93,0.0
20230313:0511,0.0,0.0,1.38,3.79,0.0
20230313:0611,0.0,0.0,0.46,3.72,0.0
20230313:0711,17.04,7.74,0.58,4.0,0.0
20230313:0811,36.77,14.56,0.98,3.93,0.0
20230313:0911,50.22,20.37,1.4,3.86,0.0
20230313:1011,43.05,24.72,1.86,3.72,0.0
20230313:1111,106.72,27.17,2.09,3.66,0.0
20230313:1211,103.13,27.45,2.2,3.38,0.0
20230313:1311,35.87,25.53,2.0,3.45,0.0
20230313:1411,85.2,21.63,1.72,3.59,0.0
20230313:1511,403.6,16.14,1.55,4.14,0.0
20230313:1611,14.35,9.53,1.38,4.28,0.0
20230313:1711,0.83,2.23,1.38,4.41,0.0
20230313:1811,0.0,0.0,1.79,4.97,0.0
20230313:1911,0.0,0.0,2.39,5.86,0.0
20230313:2011,0.0,0.0,2.37,5.93,0.0
20230313:2111,0.0,0.0,2.23,6.21,0.0
20230313:2211,0.0,0.0,2.2,6.62,0.0
20230313:2311,0.0,0.0,1.85,7.1,0.0
20230314:0011,0.0,0.0,1.59,7.66,0.0
20230314:0111,0.0,0.0,1.43,7.86,0.0
20230314:0211,0.0,0.0,1.44,7.66,0.0
20230314:0311,0.0,0.0,1.33,7.1,0.0
20230314:0411,0.0,0.0,1.32,6.76,0.0
20230314:0511,0.0,0.0,1.31,6.41,0.0
20230314:0611,0.0,0.0,1.25,6.21,0.0
20230314:0711,185.65,8.12,1.5,6.9,0.0
20230314:0811,340.86,14.95,1.68,6.97,0.0
20230314:0911,535.81,20.77,2.11,7.17,0.0
20230314:1011,628.48,25.12,2.49,7.38,0.0
20230314:1111,118.38,27.57,2.6,7.79,0.0
20230314:1211,425.92,27.84,2.48,7.38,0.0
20230314:1311,95.06,25.9,2.44,6.69,0.0
20230314:1411,252.33,21.98,2.01,6.21,0.0
20230314:1511,19.73,16.47,2.02,6.0,0.0
20230314:1611,90.44,9.85,1.32,5.31,0.0
20230314:1711,6.62,2.53,0.73,4.83,0.0
20230314:1811,0.0,0.0,0.24,4.41,0.0
20230314:1911,0.0,0.0,0.23,3.86,0.0
20230314:2011,0.0,0.0,0.01,3.86,0.0
20230314:2111,0.0,0.0,-0.31,3.72,0.0
20230314:2211,0.0,0.0,-0.41,3.24,0.0
20230314:2311,0.0,0.0,-0.46,2.97,0.0
20230315:0011,0.0,0.0,-0.36,2.83,0.0
20230315:0111,0.0,0.0,-0.33,2.69,0.0
20230315:0211,0.0,0.0,-0.51,2.28,0.0
20230315:0311,0.0,0.0,-0.71,1.31,0.0
20230315:0411,0.0,0.0,-1.17,0.97,0.0
20230315:0511,0.0,0.0,-1.72,1.31,0.0
20230315:0611,0.0,0.0,-1.46,2.0,0.0
20230315:0711,134.53,8.5,-0.92,1.72,0.0
20230315:0811,334.62,15.34,-0.15,1.52,0.0
20230315:0911,508.04,21.16,1.39,1.31,0.0
20230315:1011,655.81,25.52,2.54,1.52,0.0
20230315:1111,658.27,27.97,2.56,2.28,0.0
20230315:1211,737.86,28.23,2.83,2.69,0.0
20230315:1311,737.2,26.27,2.92,2.76,0.0
20230315:1411,680.89,22.33,2.98,2.55,0.0
20230315:1511,522.79,16.81,2.86,2.14,0.0
20230315:1611,297.12,10.16,2.39,1.66,0.0
20230315:1711,6.62,2.84,1.74,1.66,0.0
20230315:1811,0.0,0.0,0.19,1.72,0.0
20230315:1911,0.0,0.0,-0.79,1.93,0.0
20230315:2011,0.0,0.0,-1.98,1.93,0.0
20230315:2111,0.0,0.0,-2.73,2.14,0.0
20230315:2211,0.0,0.0,-3.35,2.34,0.0
20230315:2311,0.0,0.0,-3.69,2.62,0.0
20230316:0011,0.0,0.0,-3.11,2.97,0.0
20230316:0111,0.0,0.0,-1.68,3.38,0.0
20230316:0211,0.0,0.0,-0.77,3.66,0.0
20230316:0311,0.0,0.0,-0.35,4.0,0.0
20230316:0411,0.0,0.0,0.0,4.34,0.0
20230316:0511,0.0,0.0,0.24,4.76,0.0
20230316:0611,0.0,0.0,0.37,5.24,0.0
20230316:0711,68.23,8.88,1.21,5.86,0.0
20230316:0811,47.53,15.73,1.71,6.55,0.0
20230316:0911,94.17,21.56,2.15,6.41,0.0
20230316:1011,68.16,25.92,2.29,6.28,0.0
20230316:1111,145.77,28.37,2.48,6.48,0.0
20230316:1211,187.86,28.62,2.78,6.62,0.0
20230316:1311,113.0,26.65,3.44,7.72,0.0
20230316:1411,124.13,22.68,3.17,8.62,0.0
20230316:1511,54.71,17.14,2.62,8.9,0.0
20230316:1611,14.35,10.48,2.43,9.1,0.0
20230316:1711,1.79,3.15,2.39,9.1,0.0
20230316:1811,0.0,0.0,2.42,9.1,0.0
20230316:1911,0.0,0.0,2.47,9.17,0.0
20230316:2011,0.0,0.0,2.47,9.1,0.0
20230316:2111,0.0,0.0,2.33,8.62,0.0
20230316:2211,0.0,0.0,2.44,8.55,0.0
20230316:2311,0.0,0.0,2.63,8.21,0.0
20230317:0011,0.0,0.0,3.55,7.93,0.0
20230317:0111,0.0,0.0,3.67,7.59,0.0
20230317:0211,0.0,0.0,4.17,6.9,0.0
20230317:0311,0.0,0.0,4.46,6.34,0.0
20230317:0411,0.0,0.0,4.55,6.21,0.0
20230317:0511,0.0,0.0,4.74,5.86,0.0
20230317:0611,0.83,1.83,4.86,5.72,0.0
20230317:0711,37.67,9.26,5.16,5.72,0.0
20230317:0811,143.71,16.12,5.49,5.59,0.0
20230317:0911,78.02,21.96,6.05,5.72,0.0
20230317:1011,49.33,26.32,6.59,4.83,0.0
20230317:1111,60.09,28.77,6.46,4.69,0.0
20230317:1211,76.23,29.01,6.92,4.48,0.0
20230317:1311,34.98,27.02,6.98,4.34,0.0
20230317:1411,28.7,23.03,6.93,4.14,0.0
20230317:1511,52.91,17.47,6.94,3.72,0.0
20230317:1611,41.25,10.79,6.74,3.66,0.0
20230317:1711,2.69,3.45,6.59,3.24,0.0
20230317:1811,0.0,0.0,6.34,2.62,0.0
20230317:1911,0.0,0.0,6.1,1.86,0.0
20230317:2011,0.0,0.0,5.85,1.59,0.0
20230317:2111,0.0,0.0,5.62,1.31,0.0
20230317:2211,0.0,0.0,5.38,1.1,0.0
20230317:2311,0.0,0.0,5.05,1.17,0.0
20230318:0011,0.0,0.0,4.73,1.38,0.0
20230318:0111,0.0,0.0,3.82,1.59,0.0
20230318:0211,0.0,0.0,3.25,1.72,0.0
20230318:0311,0.0,0.0,2.75,1.86,0.0
20230318:0411,0.0,0.0,1.94,2.0,0.0
20230318:0511,0.0,0.0,1.47,2.0,0.0
20230318:0611,1.65,2.21,1.15,2.14,0.0
20230318:0711,209.32,9.65,1.69,2.07,0.0
20230318:0811,424.63,16.51,3.5,2.21,0.0
20230318:0911,670.39,22.35,4.48,1.79,0.0
20230318:1011,840.16,26.72,5.43,1.31,0.0
20230318:1111,925.33,29.17,6.33,0.83,0.0
20230318:1211,911.9,29.4,7.1,0.69,0.0
20230318:1311,903.65,27.39,7.58,0.69,0.0
20230318:1411,757.11,23.38,7.9,0.62,0.0
20230318:1511,558.86,17.8,7.85,0.55,0.0
20230318:1611,300.81,11.11,7.43,0.55,0.0
20230318:1711,12.56,3.76,6.64,0.34,0.0
20230318:1811,0.0,0.0,5.83,0.48,0.0
20230318:1911,0.0,0.0,3.7,1.93,0.0
20230318:2011,0.0,0.0,3.82,2.14,0.0
20230318:2111,0.0,0.0,4.13,2.28,0.0
20230318:2211,0.0,0.0,4.53,2.48,0.0
20230318:2311,0.0,0.0,4.87,2.83,0.0
20230319:0011,0.0,0.0,5.12,3.03,0.0
20230319:0111,0.0,0.0,5.34,3.17,0.0
20230319:0211,0.0,0.0,5.47,3.38,0.0
20230319:0311,0.0,0.0,5.61,3.79,0.0
20230319:0411,0.0,0.0,5.78,4.07,0.0
20230319:0511,0.0,0.0,5.96,4.41,0.0
20230319:0611,1.65,2.59,5.93,4.76,0.0
20230319:0711,118.99,10.03,5.93,5.24,0.0
20230319:0811,100.68,16.9,6.03,5.38,0.0
20230319:0911,93.27,22.75,6.26,5.38,0.0
20230319:1011,153.64,27.12,6.53,5.86,0.0
20230319:1111,122.86,29.57,6.73,5.45,0.0
20230319:1211,70.85,29.79,6.79,5.24,0.0
20230319:1311,35.87,27.76,6.66,4.14,0.0
20230319:1411,47.53,23.73,6.62,3.66,0.0
20230319:1511,64.57,18.13,6.31,3.45,0.0
20230319:1611,41.25,11.42,5.96,3.24,0.0
20230319:1711,7.17,4.06,5.78,2.83,0.0
20230319:1811,0.0,0.0,5.58,2.76,0.0
20230319:1911,0.0,0.0,5.72,2.76,0.0
20230319:2011,0.0,0.0,5.74,2.41,0.0
20230319:2111,0.0,0.0,5.69,1.79,0.0
20230319:2211,0.0,0.0,5.51,2.21,0.0
20230319:2311,0.0,0.0,5.19,2.97,0.0
20230320:0011,0.0,0.0,4.87,3.17,0.0
20230320:0111,0.0,0.0,4.46,3.24,0.0
20230320:0211,0.0,0.0,4.03,3.38,0.0
20230320:0311,0.0,0.0,3.7,3.1,0.0
20230320:0411,0.0,0.0,3.46,2.55,0.0
20230320:0511,0.0,0.0,3.39,2.21,0.0
20230320:0611,3.31,2.97,3.31,1.86,0.0
20230320:0711,132.67,10.41,3.84,1.79,0.0
20230320:0811,397.72,17.29,4.7,2.07,0.0
20230320:0911,667.25,23.15,5.41,2.41,0.0
20230320:1011,815.75,27.53,5.98,2.48,0.0
20230320:1111,477.74,29.97,6.28,2.83,0.0
20230320:1211,500.35,30.18,6.63,3.17,0.0
20230320:1311,717.4,28.13,6.85,3.24,0.0
20230320:1411,339.0,24.08,6.93,3.17,0.0
20230320:1511,582.82,18.45,6.66,3.24,0.0
20230320:1611,305.87,11.73,6.21,3.17,0.0
20230320:1711,28.11,4.37,5.45,2.62,0.0
20230320:1811,0.0,0.0,4.45,2.28,0.0
20230320:1911,0.0,0.0,4.13,1.72,0.0
20230320:2011,0.0,0.0,3.43,1.38,0.0
20230320:2111,0.0,0.0,2.59,0.97,0.0
20230320:2211,0.0,0.0,1.46,1.45,0.0
20230320:2311,0.0,0.0,0.86,1.72,0.0
20230321:0011,0.0,0.0,0.51,1.66,0.0
20230321:0111,0.0,0.0,0.49,1.59,0.0
20230321:0211,0.0,0.0,0.6,1.52,0.0
20230321:0311,0.0,0.0,0.78,1.59,0.0
20230321:0411,0.0,0.0,1.21,1.79,0.0
20230321:0511,0.0,0.0,1.36,2.0,0.0
20230321:0611,2.48,3.35,1.62,2.14,0.0
20230321:0711,0.0,0.0,2.39,2.83,0.0
20230321:0811,0.0,0.0,3.21,3.17,0.0
20230321:0911,80.71,23.55,3.84,3.17,0.0
20230321:1011,146.84,27.93,3.93,3.72,0.0
20230321:1111,189.9,30.37,3.7,4.0,0.0
20230321:1211,127.35,30.57,3.29,4.48,0.0
20230321:1311,127.35,28.51,3.94,4.69,0.0
20230321:1411,274.81,24.43,3.89,4.55,0.0
20230321:1511,69.06,18.78,3.75,4.62,0.0
20230321:1611,30.49,12.04,3.97,4.83,0.0
20230321:1711,10.76,4.67,4.07,5.17,0.0
20230321:1811,0.0,0.0,4.14,5.38,0.0
20230321:1911,0.0,0.0,4.49,5.66,0.0
20230321:2011,0.0,0.0,4.64,5.45,0.0
20230321:2111,0.0,0.0,5.13,5.03,0.0
20230321:2211,0.0,0.0,5.28,4.83,0.0
20230321:2311,0.0,0.0,5.34,4.69,0.0
20230322:0011,0.0,0.0,5.37,4.69,0.0
20230322:0111,0.0,0.0,5.48,4.76,0.0
20230322:0211,0.0,0.0,5.7,4.83,0.0
20230322:0311,0.0,0.0,5.89,5.1,0.0
20230322:0411,0.0,0.0,5.95,5.31,0.0
20230322:0511,0.0,0.0,5.94,5.38,0.0
20230322:0611,2.48,3.73,6.09,5.45,0.0
20230322:0711,0.0,0.0,6.25,5.52,0.0
20230322:0811,43.05,18.07,6.14,5.79,0.0
20230322:0911,65.47,23.94,6.39,6.48,0.0
20230322:1011,92.37,28.33,6.45,6.97,0.0
20230322:1111,91.48,30.77,6.44,7.17,0.0
20230322:1211,95.06,30.96,6.37,7.24,0.0
20230322:1311,315.99,28.88,6.52,6.34,0.0
20230322:1411,681.71,24.78,6.99,6.0,0.0
20230322:1511,498.13,19.11,7.4,5.66,0.0
20230322:1611,294.56,12.35,7.28,5.86,0.0
20230322:1711,84.45,4.97,6.84,6.0,0.0
20230322:1811,0.0,0.0,6.34,5.93,0.0
20230322:1911,0.0,0.0,6.1,6.9,0.0
20230322:2011,0.0,0.0,6.21,6.28,0.0
20230322:2111,0.0,0.0,6.08,5.52,0.0
20230322:2211,0.0,0.0,5.91,5.1,0.0
20230322:2311,0.0,0.0,5.91,4.83,0.0
20230323:0011,0.0,0.0,5.83,4.41,0.0
20230323:0111,0.0,0.0,5.58,4.34,0.0
20230323:0211,0.0,0.0,5.29,4.41,0.0
20230323:0311,0.0,0.0,5.1,4.21,0.0
20230323:0411,0.0,0.0,4.7,4.07,0.0
20230323:0511,0.0,0.0,4.48,4.07,0.0
20230323:0611,7.45,4.11,4.49,4.07,0.0
20230323:0711,26.01,11.56,5.04,4.69,0.0
20230323:0811,30.49,18.46,5.52,4.28,0.0
20230323:0911,31.39,24.34,5.42,4.76,0.0
20230323:1011,44.84,28.73,5.64,5.38,0.0
20230323:1111,98.65,31.17,5.94,4.9,0.0
20230323:1211,117.48,31.35,6.61,4.48,0.0
20230323:1311,111.21,29.24,7.25,5.45,0.0
20230323:1411,87.89,25.12,6.75,6.14,0.0
20230323:1511,69.95,19.43,6.68,5.86,0.0
20230323:1611,79.36,12.66,6.55,5.59,0.0
20230323:1711,8.07,5.27,6.33,4.62,0.0
20230323:1811,0.0,0.0,5.69,3.93,0.0
20230323:1911,0.0,0.0,5.77,4.62,0.0
20230323:2011,0.0,0.0,5.6,4.41,0.0
20230323:2111,0.0,0.0,5.39,4.28,0.0
20230323:2211,0.0,0.0,5.27,4.28,0.0
20230323:2311,0.0,0.0,5.2,4.07,0.0
20230324:0011,0.0,0.0,5.07,3.72,0.0
20230324:0111,0.0,0.0,5.01,3.52,0.0
20230324:0211,0.0,0.0,4.87,3.38,0.0
20230324:0311,0.0,0.0,4.89,3.17,0.0
20230324:0411,0.0,0.0,4.76,2.9,0.0
20230324:0511,0.0,0.0,4.46,2.55,0.0
20230324:0611,11.58,4.49,4.23,2.14,0.0
20230324:0711,52.02,11.95,4.29,1.79,0.0
20230324:0811,88.87,18.84,5.26,1.52,0.0
20230324:0911,106.72,24.74,6.03,1.24,0.0
20230324:1011,176.36,29.14,6.22,0.97,0.0
20230324:1111,293.69,31.57,6.72,1.24,0.0
20230324:1211,448.19,31.74,6.54,2.07,0.0
20230324:1311,472.56,29.61,6.29,2.48,0.0
20230324:1411,378.23,25.47,6.19,2.97,0.0
20230324:1511,287.43,19.76,6.09,2.97,0.0
20230324:1611,70.92,12.97,6.02,2.76,0.0
20230324:1711,26.45,5.57,5.74,2.9,0.0
20230324:1811,0.0,0.0,5.38,2.48,0.0
20230324:1911,0.0,0.0,5.09,2.0,0.0
20230324:2011,0.0,0.0,4.95,1.59,0.0
20230324:2111,0.0,0.0,4.77,1.24,0.0
20230324:2211,0.0,0.0,4.67,0.97,0.0
20230324:2311,0.0,0.0,4.64,0.97,0.0
20230325:0011,0.0,0.0,4.58,0.9,0.0
20230325:0111,0.0,0.0,4.32,0.76,0.0
20230325:0211,0.0,0.0,4.12,0.48,0.0
20230325:0311,0.0,0.0,3.91,0.21,0.0
20230325:0411,0.0,0.0,3.71,0.76,0.0
20230325:0511,0.0,0.0,3.73,1.1,0.0
20230325:0611,10.76,4.87,3.68,1.38,0.0
20230325:0711,185.41,12.33,4.54,1.45,0.0
20230325:0811,229.36,19.23,5.11,1.59,0.0
20230325:0911,256.24,25.13,5.75,1.31,0.0
20230325:1011,285.06,29.54,6.4,1.17,0.0
20230325:1111,337.12,31.97,7.27,1.38,0.0
20230325:1211,185.22,32.13,7.41,2.0,0.0
20230325:1311,183.08,29.98,7.42,2.55,0.0
20230325:1411,180.98,25.81,7.08,3.1,0.0
20230325:1511,224.82,20.08,6.18,3.79,0.0
20230325:1611,219.64,13.28,5.65,4.14,0.0
20230325:1711,72.04,5.87,5.1,4.69,0.0
20230325:1811,0.0,0.0,4.33,4.83,0.0
20230325:1911,0.0,0.0,4.22,4.69,0.0
20230325:2011,0.0,0.0,3.91,4.69,0.0
20230325:2111,0.0,0.0,3.64,4.83,0.0
20230325:2211,0.0,0.0,3.23,5.1,0.0
20230325:2311,0.0,0.0,2.94,5.59,0.0
20230326:0011,0.0,0.0,2.72,6.07,0.0
20230326:0111,0.0,0.0,2.55,6.21,0.0
20230326:0211,0.0,0.0,2.41,6.34,0.0
20230326:0311,0.0,0.0,2.3,6.41,0.0
20230326:0411,0.0,0.0,2.16,6.55,0.0
20230326:0511,0.0,0.0,2.03,6.69,0.0
20230326:0611,32.02,5.25,1.95,6.76,0.0
20230326:0711,259.03,12.71,2.09,6.69,0.0
20230326:0811,504.57,19.62,2.67,6.69,0.0
20230326:0911,750.4,25.53,3.26,6.76,0.0
20230326:1011,922.11,29.94,3.76,6.62,0.0
20230326:1111,1022.84,32.37,3.97,6.62,0.0
20230326:1211,989.5,32.51,4.15,6.41,0.0
20230326:1311,897.69,30.35,4.09,6.41,0.0
20230326:1411,822.07,26.16,3.8,6.41,0.0
20230326:1511,564.57,20.4,3.54,6.41,0.0
20230326:1611,380.67,13.59,3.24,6.14,0.0
20230326:1711,127.12,6.17,2.65,6.07,0.0
20230326:1811,0.0,0.0,1.94,6.0,0.0
20230326:1911,0.0,0.0,1.27,5.17,0.0
20230326:2011,0.0,0.0,0.97,4.76,0.0
20230326:2111,0.0,0.0,0.88,4.55,0.0
20230326:2211,0.0,0.0,0.76,4.83,0.0
20230326:2311,0.0,0.0,0.5,4.76,0.0
20230327:0011,0.0,0.0,0.25,4.34,0.0
20230327:0111,0.0,0.0,-0.13,4.41,0.0
20230327:0211,0.0,0.0,-0.24,4.21,0.0
20230327:0311,0.0,0.0,-0.19,4.0,0.0
20230327:0411,0.0,0.0,0.02,4.69,0.0
20230327:0511,0.0,0.0,0.35,4.69,0.0
20230327:0611,5.38,5.63,0.34,4.76,0.0
20230327:0711,17.04,13.09,0.39,5.59,0.0
20230327:0811,215.96,20.01,1.26,5.79,0.0
20230327:0911,627.42,25.93,2.22,6.21,0.0
20230327:1011,839.16,30.34,2.96,6.69,0.0
20230327:1111,989.94,32.77,3.55,6.48,0.0
20230327:1211,1034.85,32.9,4.15,6.55,0.0
20230327:1311,767.64,30.71,4.49,6.55,0.0
20230327:1411,693.29,26.5,4.58,6.69,0.0
20230327:1511,545.83,20.73,4.4,6.55,0.0
20230327:1611,358.9,13.9,4.06,5.86,0.0
20230327:1711,126.67,6.47,3.56,5.24,0.0
20230327:1811,0.0,0.0,2.79,4.76,0.0
20230327:1911,0.0,0.0,2.34,4.0,0.0
20230327:2011,0.0,0.0,1.91,3.52,0.0
20230327:2111,0.0,0.0,1.44,2.9,0.0
20230327:2211,0.0,0.0,1.02,2.48,0.0
20230327:2311,0.0,0.0,0.69,1.86,0.0
20230328:0011,0.0,0.0,0.35,0.97,0.0
20230328:0111,0.0,0.0,1.41,0.34,0.0
20230328:0211,0.0,0.0,-0.48,1.59,0.0
20230328:0311,0.0,0.0,0.01,1.86,0.0
20230328:0411,0.0,0.0,0.16,2.14,0.0
20230328:0511,0.0,0.0,0.23,2.21,0.0
20230328:0611,39.19,6.01,0.5,2.83,0.0
20230328:0711,49.33,13.47,0.99,4.14,0.0
20230328:0811,90.58,20.4,1.46,5.38,0.0
20230328:0911,102.24,26.32,2.07,5.79,0.0
20230328:1011,132.73,30.74,3.0,5.45,0.0
20230328:1111,152.46,33.17,3.81,5.79,0.0
20230328:1211,112.1,33.28,4.3,6.21,0.0
20230328:1311,41.25,31.08,3.62,5.79,0.0
20230328:1411,50.22,26.84,2.89,4.9,0.0
20230328:1511,96.86,21.05,2.91,4.62,0.0
20230328:1611,38.56,14.2,2.92,3.52,0.0
20230328:1711,98.61,6.77,3.03,2.76,0.0
20230328:1811,0.0,0.0,2.55,1.86,0.0
20230328:1911,0.0,0.0,1.44,1.93,0.0
20230328:2011,0.0,0.0,0.96,1.79,0.0
20230328:2111,0.0,0.0,0.4,1.79,0.0
20230328:2211,0.0,0.0,-0.37,1.93,0.0
20230328:2311,0.0,0.0,-0.81,2.0,0.0
20230329:0011,0.0,0.0,-1.06,2.07,0.0
20230329:0111,0.0,0.0,-1.45,2.14,0.0
20230329:0211,0.0,0.0,-1.49,2.07,0.0
20230329:0311,0.0,0.0,-1.59,2.07,0.0
20230329:0411,0.0,0.0,-1.65,2.07,0.0
20230329:0511,0.0,0.0,-1.7,2.07,0.0
20230329:0611,60.5,6.38,-1.54,1.93,0.0
20230329:0711,267.08,13.85,1.22,1.24,0.0
20230329:0811,485.47,20.78,3.13,1.17,0.0
20230329:0911,742.15,26.71,4.44,1.52,0.0
20230329:1011,910.34,31.14,5.51,1.66,0.0
20230329:1111,1006.85,33.56,6.39,1.72,0.0
20230329:1211,1024.68,33.67,7.27,2.21,0.0
20230329:1311,665.0,31.44,7.47,2.76,0.0
20230329:1411,134.79,27.18,7.6,3.31,0.0
20230329:1511,183.47,21.36,6.7,3.72,0.0
20230329:1611,118.86,14.5,6.04,3.79,0.0
20230329:1711,79.58,7.07,5.38,3.38,0.0
20230329:1811,0.0,0.0,4.97,3.24,0.0
20230329:1911,0.0,0.0,4.52,3.72,0.0
20230329:2011,0.0,0.0,4.15,3.72,0.0
20230329:2111,0.0,0.0,3.63,3.79,0.0
20230329:2211,0.0,0.0,3.17,3.93,0.0
20230329:2311,0.0,0.0,2.75,4.07,0.0
20230330:0011,0.0,0.0,2.4,4.34,0.0
20230330:0111,0.0,0.0,2.12,4.55,0.0
20230330:0211,0.0,0.0,1.99,4.69,0.0
20230330:0311,0.0,0.0,1.8,4.62,0.0
20230330:0411,0.0,0.0,1.55,4.55,0.0
20230330:0511,0.0,0.0,1.34,4.55,0.0
20230330:0611,9.87,6.76,1.27,4.69,0.0
20230330:0711,28.7,14.23,1.35,4.69,0.0
20230330:0811,83.4,21.17,1.09,4.55,0.0
20230330:0911,63.67,27.11,1.35,4.07,0.0
20230330:1011,111.21,31.53,1.51,3.52,0.0
20230330:1111,155.15,33.96,1.89,3.17,0.0
20230330:1211,189.06,34.05,1.96,2.76,0.0
20230330:1311,201.11,31.8,2.74,2.62,0.0
20230330:1411,244.22,27.52,2.91,2.34,0.0
20230330:1511,110.55,21.68,3.01,2.21,0.0
20230330:1611,71.04,14.81,2.97,2.0,0.0
20230330:1711,34.11,7.36,2.78,1.86,0.0
20230330:1811,0.0,0.0,2.46,1.79,0.0
20230330:1911,0.0,0.0,2.37,1.24,0.0
20230330:2011,0.0,0.0,2.18,1.17,0.0
20230330:2111,0.0,0.0,2.01,1.1,0.0
20230330:2211,0.0,0.0,1.92,0.97,0.0
20230330:2311,0.0,0.0,1.81,0.83,0.0
20230331:0011,0.0,0.0,1.96,1.03,0.0
20230331:0111,0.0,0.0,1.67,1.31,0.0
20230331:0211,0.0,0.0,1.53,1.38,0.0
20230331:0311,0.0,0.0,1.31,1.38,0.0
20230331:0411,0.0,0.0,1.33,1.38,0.0
20230331:0511,0.0,0.0,1.3,1.52,0.0
20230331:0611,25.11,7.13,1.42,1.45,0.0
20230331:0711,76.49,14.61,2.92,1.17,0.0
20230331:0811,214.51,21.55,4.14,1.31,0.0
20230331:0911,438.41,27.5,5.39,1.38,0.0
20230331:1011,324.92,31.93,6.76,1.66,0.0
20230331:1111,585.71,34.35,7.75,2.07,0.0
20230331:1211,819.44,34.43,8.39,2.41,0.0
20230331:1311,566.29,32.16,8.77,2.69,0.0
20230331:1411,620.19,27.86,8.79,2.69,0.0
20230331:1511,584.76,22.0,8.51,2.41,0.0
20230331:1611,342.97,15.11,7.99,2.21,0.0
20230331:1711,121.18,7.66,7.17,1.93,0.0
20230331:1811,0.0,0.0,5.96,2.14,0.0
20230331:1911,0.0,0.0,5.63,2.14,0.0
20230331:2011,0.0,0.0,4.89,2.28,0.0
20230331:2111,0.0,0.0,4.12,2.34,0.0
20230331:2211,0.0,0.0,3.48,2.34,0.0
20230331:2311,0.0,0.0,2.9,2.34,0.0
20230401:0011,0.0,0.0,2.39,2.34,0.0
20230401:0111,0.0,0.0,1.87,2.41,0.0
20230401:0211,0.0,0.0,1.34,2.41,0.0
20230401:0311,0.0,0.0,0.8,2.28,0.0
20230401:0411,0.0,0.0,0.28,2.07,0.0
20230401:0511,0.0,0.0,-0.3,1.86,0.0
20230401:0611,74.22,7.51,-0.79,1.72,0.0
20230401:0711,287.22,14.99,0.75,1.1,0.0
20230401:0811,519.53,21.93,3.2,1.03,0.0
20230401:0911,745.84,27.89,4.56,1.1,0.0
20230401:1011,909.05,32.32,5.71,1.1,0.0
20230401:1111,1024.0,34.74,6.58,1.24,0.0
20230401:1211,999.66,34.81,7.25,1.66,0.0
20230401:1311,978.9,32.52,7.55,1.93,0.0
20230401:1411,836.23,28.19,7.67,2.21,0.0
20230401:1511,631.8,22.31,7.43,2.69,0.0
20230401:1611,382.26,15.41,6.78,3.1,0.0
20230401:1711,146.57,7.95,5.99,2.97,0.0
20230401:1811,0.0,0.0,4.9,2.9,0.0
20230401:1911,0.0,0.0,4.02,2.9,0.0
20230401:2011,0.0,0.0,3.49,2.62,0.0
20230401:2111,0.0,0.0,3.03,2.28,0.0
20230401:2211,0.0,0.0,2.74,1.93,0.0
20230401:2311,0.0,0.0,2.37,1.72,0.0
20230402:0011,0.0,0.0,1.4,1.24,0.0
20230402:0111,0.0,0.0,0.78,1.1,0.0
20230402:0211,0.0,0.0,-0.22,1.52,0.0
20230402:0311,0.0,0.0,-0.53,1.72,0.0
20230402:0411,0.0,0.0,-0.51,1.59,0.0
20230402:0511,0.0,0.0,-0.04,1.66,0.0
20230402:0611,53.33,7.88,0.7,1.52,0.0
20230402:0711,151.26,15.36,1.9,1.31,0.0
20230402:0811,280.87,22.32,3.55,1.31,0.0
20230402:0911,450.6,28.28,4.91,1.45,0.0
20230402:1011,396.1,32.72,5.71,1.52,0.0
20230402:1111,196.0,35.13,6.47,1.59,0.0
20230402:1211,189.6,35.19,6.81,1.72,0.0
20230402:1311,150.67,32.88,7.19,1.66,0.0
20230402:1411,115.69,28.53,6.96,1.72,0.0
20230402:1511,108.67,22.63,6.96,1.59,0.0
20230402:1611,93.74,15.71,6.62,1.52,0.0
20230402:1711,55.82,8.24,6.41,1.38,0.0
20230402:1811,0.0,0.0,5.83,1.24,0.0
20230402:1911,0.0,0.0,5.13,0.83,0.0
20230402:2011,0.0,0.0,5.18,0.48,0.0
20230402:2111,0.0,0.0,4.02,0.9,0.0
20230402:2211,0.0,0.0,3.7,1.31,0.0
20230402:2311,0.0,0.0,3.48,1.31,0.0
20230403:0011,0.0,0.0,3.28,1.52,0.0
20230403:0111,0.0,0.0,2.96,1.59,0.0
20230403:0211,0.0,0.0,2.23,1.45,0.0
20230403:0311,0.0,0.0,2.21,1.31,0.0
20230403:0411,0.0,0.0,1.83,1.38,0.0
20230403:0511,0.0,0.0,1.64,1.59,0.0
20230403:0611,34.76,8.25,2.17,1.66,0.0
20230403:0711,171.58,15.73,3.43,1.86,0.0
20230403:0811,321.26,22.69,4.68,2.14,0.0
20230403:0911,363.73,28.66,5.38,2.21,0.0
20230403:1011,646.3,33.11,5.96,2.48,0.0
20230403:1111,750.19,35.52,6.24,2.76,0.0
20230403:1211,832.59,35.57,6.34,2.9,0.0
20230403:1311,695.28,33.24,6.38,2.76,0.0
20230403:1411,616.6,28.86,6.32,2.48,0.0
20230403:1511,601.38,22.94,6.14,2.28,0.0
20230403:1611,346.42,16.01,5.97,2.0,0.0
20230403:1711,137.41,8.53,5.5,1.59,0.0
20230403:1811,0.0,0.0,4.77,1.38,0.0
20230403:1911,0.0,0.0,4.17,1.52,0.0
20230403:2011,0.0,0.0,3.43,1.66,0.0
20230403:2111,0.0,0.0,3.0,1.72,0.0
20230403:2211,0.0,0.0,2.52,1.79,0.0
20230403:2311,0.0,0.0,1.99,1.79,0.0
20230404:0011,0.0,0.0,1.63,1.79,0.0
20230404:0111,0.0,0.0,1.24,1.72,0.0
20230404:0211,0.0,0.0,0.97,1.86,0.0
20230404:0311,0.0,0.0,0.72,1.93,0.0
20230404:0411,0.0,0.0,0.62,2.07,0.0
20230404:0511,0.0,0.0,-0.02,2.21,0.0
20230404:0611,83.25,8.62,0.32,2.07,0.0
20230404:0711,289.25,16.1,2.02,1.66,0.0
20230404:0811,507.72,23.07,3.7,1.79,0.0
20230404:0911,729.56,29.05,4.74,2.14,0.0
20230404:1011,879.64,33.5,5.67,2.55,0.0
20230404:1111,982.5,35.91,6.27,2.97,0.0
20230404:1211,954.27,35.94,6.62,3.24,0.0
20230404:1311,939.99,33.59,6.74,3.38,0.0
20230404:1411,784.75,29.19,6.74,3.52,0.0
20230404:1511,606.78,23.25,6.35,3.66,0.0
20230404:1611,238.91,16.3,5.78,3.45,0.0
20230404:1711,57.84,8.82,5.13,2.9,0.0
20230404:1811,0.0,0.0,4.18,2.62,0.0
20230404:1911,0.0,0.0,3.62,2.55,0.0
20230404:2011,0.0,0.0,2.99,2.69,0.0
20230404:2111,0.0,0.0,2.62,2.69,0.0
20230404:2211,0.0,0.0,2.29,2.76,0.0
20230404:2311,0.0,0.0,1.99,2.76,0.0
20230405:0011,0.0,0.0,1.73,2.76,0.0
20230405:0111,0.0,0.0,1.54,2.97,0.0
20230405:0211,0.0,0.0,1.39,3.17,0.0
20230405:0311,0.0,0.0,1.25,3.31,0.0
20230405:0411,0.0,0.0,1.13,3.31,0.0
20230405:0511,0.0,0.0,1.05,3.17,0.0
20230405:0611,77.92,8.98,1.5,3.17,0.0
20230405:0711,270.74,16.47,2.99,3.52,0.0
20230405:0811,505.34,23.45,4.57,4.34,0.0
20230405:0911,729.23,29.43,5.85,5.31,0.0
20230405:1011,880.02,33.89,6.81,5.72,0.0
20230405:1111,974.58,36.29,7.5,5.66,0.0
20230405:1211,981.21,36.32,7.8,5.66,0.0
20230405:1311,937.09,33.94,7.65,5.59,0.0
20230405:1411,818.14,29.52,7.39,5.59,0.0
20230405:1511,601.89,23.56,6.95,5.24,0.0
20230405:1611,346.5,16.6,6.56,4.69,0.0
20230405:1711,146.0,9.11,5.99,3.93,0.0
20230405:1811,0.0,0.0,5.14,3.79,0.0
20230405:1911,0.0,0.0,4.7,3.45,0.0
20230405:2011,0.0,0.0,4.1,3.1,0.0
20230405:2111,0.0,0.0,3.57,2.83,0.0
20230405:2211,0.0,0.0,3.06,2.69,0.0
20230405:2311,0.0,0.0,2.57,2.62,0.0
20230406:0011,0.0,0.0,2.04,2.55,0.0
20230406:0111,0.0,0.0,1.57,2.48,0.0
20230406:0211,0.0,0.0,1.15,2.48,0.0
20230406:0311,0.0,0.0,0.83,2.41,0.0
20230406:0411,0.0,0.0,0.56,2.48,0.0
20230406:0511,0.83,1.76,0.41,2.69,0.0
20230406:0611,91.37,9.35,1.15,2.97,0.0
20230406:0711,249.81,16.84,3.04,3.24,0.0
20230406:0811,330.48,23.82,4.25,4.28,0.0
20230406:0911,374.68,29.81,4.9,5.03,0.0
20230406:1011,366.83,34.27,5.26,5.24,0.0
20230406:1111,252.02,36.68,5.47,5.17,0.0
20230406:1211,113.0,36.69,6.01,4.9,0.0
20230406:1311,146.18,34.29,6.84,4.83,0.0
20230406:1411,178.28,29.85,6.98,4.62,0.0
20230406:1511,149.51,23.86,6.92,4.48,0.0
20230406:1611,165.24,16.89,6.54,4.28,0.0
20230406:1711,132.37,9.4,5.91,3.45,0.0
20230406:1811,0.83,1.81,4.87,3.24,0.0
20230406:1911,0.0,0.0,3.57,2.76,0.0
20230406:2011,0.0,0.0,2.77,2.9,0.0
20230406:2111,0.0,0.0,2.05,3.1,0.0
20230406:2211,0.0,0.0,1.51,3.17,0.0
20230406:2311,0.0,0.0,1.15,3.1,0.0
20230407:0011,0.0,0.0,0.72,3.1,0.0
20230407:0111,0.0,0.0,0.45,3.1,0.0
20230407:0211,0.0,0.0,0.33,3.1,0.0
20230407:0311,0.0,0.0,0.21,3.1,0.0
20230407:0411,0.0,0.0,0.15,3.1,0.0
20230407:0511,0.83,2.12,0.14,3.1,0.0
20230407:0611,60.83,9.71,0.65,2.97,0.0
20230407:0711,154.93,17.21,3.25,2.9,0.0
20230407:0811,197.65,24.19,5.31,3.31,0.0
20230407:0911,314.1,30.19,6.81,3.72,0.0
20230407:1011,311.47,34.66,7.75,3.66,0.0
20230407:1111,257.35,37.06,8.48,3.52,0.0
20230407:1211,464.8,37.06,9.16,3.31,0.0
20230407:1311,474.58,34.64,9.5,2.9,0.0
20230407:1411,680.65,30.17,9.64,2.41,0.0
20230407:1511,447.98,24.17,9.51,1.79,0.0
20230407:1611,158.01,17.18,9.12,1.24,0.0
20230407:1711,146.99,9.68,8.33,0.62,0.0
20230407:1811,3.31,2.09,7.23,0.76,0.0
20230407:1911,0.0,0.0,5.44,0.97,0.0
20230407:2011,0.0,0.0,4.21,1.24,0.0
20230407:2111,0.0,0.0,3.29,1.79,0.0
20230407:2211,0.0,0.0,2.39,1.79,0.0
20230407:2311,0.0,0.0,1.66,1.79,0.0
20230408:0011,0.0,0.0,0.87,1.66,0.0
20230408:0111,0.0,0.0,0.15,1.66,0.0
20230408:0211,0.0,0.0,-0.6,1.79,0.0
20230408:0311,0.0,0.0,-1.41,1.93,0.0
20230408:0411,0.0,0.0,-1.64,1.93,0.0
20230408:0511,1.65,2.48,-1.87,1.86,0.0
20230408:0611,99.35,10.07,-0.91,1.45,0.0
20230408:0711,311.25,17.57,3.02,1.66,0.0
20230408:0811,532.65,24.56,5.73,1.52,0.0
20230408:0911,734.51,30.57,7.71,1.59,0.0
20230408:1011,868.73,35.04,9.37,1.59,0.0
20230408:1111,987.68,37.44,10.43,1.38,0.0
20230408:1211,973.52,37.42,11.17,1.1,0.0
20230408:1311,910.05,34.99,11.58,1.03,0.0
20230408:1411,698.07,30.5,11.76,1.24,0.0
20230408:1511,598.48,24.47,11.53,1.66,0.0
20230408:1611,380.32,17.47,10.66,1.79,0.0
20230408:1711,156.42,9.97,9.85,1.93,0.0
20230408:1811,1.65,2.38,8.85,1.79,0.0
20230408:1911,0.0,0.0,8.41,2.0,0.0
20230408:2011,0.0,0.0,8.01,1.93,0.0
20230408:2111,0.0,0.0,7.63,1.72,0.0
20230408:2211,0.0,0.0,7.03,1.59,0.0
20230408:2311,0.0,0.0,6.26,1.72,0.0
20230409:0011,0.0,0.0,5.37,1.79,0.0
20230409:0111,0.0,0.0,4.68,1.72,0.0
20230409:0211,0.0,0.0,4.46,1.59,0.0
20230409:0311,0.0,0.0,4.14,1.59,0.0
20230409:0411,0.0,0.0,3.97,1.66,0.0
20230409:0511,3.31,2.84,4.06,1.66,0.0
20230409:0611,59.71,10.43,4.3,1.66,0.0
20230409:0711,44.84,17.93,5.49,1.79,0.0
20230409:0811,65.47,24.93,6.21,1.66,0.0
20230409:0911,96.86,30.94,8.35,1.93,0.0
20230409:1011,96.86,35.42,8.75,2.55,0.0
20230409:1111,107.62,37.82,8.69,3.1,0.0
20230409:1211,149.77,37.79,8.63,3.59,0.0
20230409:1311,167.77,35.34,8.6,3.45,0.0
20230409:1411,171.52,30.82,8.46,3.24,0.0
20230409:1511,134.57,24.78,8.32,3.03,0.0
20230409:1611,58.29,17.76,8.32,3.1,0.0
20230409:1711,41.25,10.25,8.11,3.38,0.0
20230409:1811,1.65,2.67,7.64,3.38,0.0
20230409:1911,0.0,0.0,5.81,3.66,0.0
20230409:2011,0.0,0.0,5.53,3.59,0.0
20230409:2111,0.0,0.0,5.39,3.66,0.0
20230409:2211,0.0,0.0,5.47,3.79,0.0
20230409:2311,0.0,0.0,5.48,4.28,0.0
20230410:0011,0.0,0.0,5.28,4.76,0.0
20230410:0111,0.0,0.0,5.49,5.17,0.0
20230410:0211,0.0,0.0,5.74,5.59,0.0
20230410:0311,0.0,0.0,5.89,5.79,0.0
20230410:0411,0.0,0.0,5.88,5.79,0.0
20230410:0511,3.31,3.2,5.83,6.07,0.0
20230410:0611,10.76,10.78,6.04,6.48,0.0
20230410:0711,38.56,18.29,7.06,6.76,0.0
20230410:0811,147.7,25.29,7.46,6.28,0.0
20230410:0911,218.84,31.31,8.02,6.55,0.0
20230410:1011,238.81,35.79,8.51,6.83,0.0
20230410:1111,320.12,38.19,8.7,7.03,0.0
20230410:1211,221.99,38.15,9.27,7.79,0.0
20230410:1311,177.63,35.68,9.28,7.79,0.0
20230410:1411,126.45,31.14,8.92,7.24,0.0
20230410:1511,110.31,25.08,8.52,7.59,0.0
20230410:1611,39.46,18.05,8.15,7.79,0.0
20230410:1711,23.32,10.53,7.94,7.45,0.0
20230410:1811,2.48,2.95,7.8,6.97,0.0
20230410:1911,0.0,0.0,7.69,6.21,0.0
20230410:2011,0.0,0.0,7.31,6.07,0.0
20230410:2111,0.0,0.0,6.96,5.93,0.0
20230410:2211,0.0,0.0,6.76,5.79,0.0
20230410:2311,0.0,0.0,6.55,5.66,0.0
20230411:0011,0.0,0.0,6.45,5.93,0.0
20230411:0111,0.0,0.0,6.46,6.55,0.0
20230411:0211,0.0,0.0,6.67,6.83,0.0
20230411:0311,0.0,0.0,6.76,6.41,0.0
20230411:0411,0.0,0.0,6.8,5.52,0.0
20230411:0511,8.27,3.55,6.81,4.76,0.0
20230411:0611,104.3,11.13,6.94,4.34,0.0
20230411:0711,177.15,18.64,7.19,4.69,0.0
20230411:0811,290.0,25.65,7.53,4.97,0.0
20230411:0911,222.24,31.68,7.96,6.41,0.0
20230411:1011,156.94,36.17,8.12,6.28,0.0
20230411:1111,357.24,38.57,7.73,6.0,0.0
20230411:1211,164.12,38.51,7.12,5.45,0.0
20230411:1311,87.89,36.02,7.15,5.03,0.0
20230411:1411,94.17,31.45,6.64,3.93,0.0
20230411:1511,67.26,25.37,6.98,2.83,0.0
20230411:1611,76.23,18.33,7.14,2.69,0.0
20230411:1711,25.11,10.81,6.7,3.17,0.0
20230411:1811,2.48,3.23,6.09,2.48,0.0
20230411:1911,0.0,0.0,5.44,2.14,0.0
20230411:2011,0.0,0.0,4.76,2.28,0.0
20230411:2111,0.0,0.0,4.6,2.55,0.0
20230411:2211,0.0,0.0,4.46,2.76,0.0
20230411:2311,0.0,0.0,4.48,3.17,0.0
20230412:0011,0.0,0.0,4.68,3.52,0.0
20230412:0111,0.0,0.0,4.9,3.86,0.0
20230412:0211,0.0,0.0,4.93,4.28,0.0
20230412:0311,0.0,0.0,4.71,4.55,0.0
20230412:0411,0.0,0.0,4.46,4.55,0.0
20230412:0511,4.14,3.9,4.37,5.03,0.0
20230412:0611,61.97,11.48,4.69,5.31,0.0
20230412:0711,96.66,19.0,5.4,5.93,0.0
20230412:0811,108.52,26.01,6.34,6.0,0.0
20230412:0911,352.15,32.05,7.11,6.55,0.0
20230412:1011,197.18,36.54,7.42,6.28,0.0
20230412:1111,400.82,38.94,7.75,6.14,0.0
20230412:1211,281.49,38.87,7.93,6.97,0.0
20230412:1311,340.93,36.36,8.24,6.41,0.0
20230412:1411,323.57,31.77,8.47,5.79,0.0
20230412:1511,89.68,25.67,8.48,5.17,0.0
20230412:1611,69.06,18.62,8.33,5.03,0.0
20230412:1711,57.19,11.09,7.92,5.17,0.0
20230412:1811,4.14,3.52,7.41,5.24,0.0
20230412:1911,0.0,0.0,6.83,5.1,0.0
20230412:2011,0.0,0.0,6.6,4.62,0.0
20230412:2111,0.0,0.0,6.48,3.93,0.0
20230412:2211,0.0,0.0,6.49,3.31,0.0
20230412:2311,0.0,0.0,6.45,2.62,0.0
20230413:0011,0.0,0.0,6.33,2.34,0.0
20230413:0111,0.0,0.0,6.06,2.28,0.0
20230413:0211,0.0,0.0,5.84,2.48,0.0
20230413:0311,0.0,0.0,5.66,2.62,0.0
20230413:0411,0.0,0.0,5.47,2.62,0.0
20230413:0511,16.55,4.25,5.29,2.62,0.0
20230413:0611,37.67,11.83,5.72,2.34,0.0
20230413:0711,48.43,19.34,7.69,2.28,0.0
20230413:0811,132.43,26.37,8.77,2.07,0.0
20230413:0911,173.55,32.41,9.75,2.0,0.0
20230413:1011,106.72,36.91,10.3,2.97,0.0
20230413:1111,147.08,39.31,10.12,3.03,0.0
20230413:1211,81.61,39.23,8.82,2.9,0.0
20230413:1311,142.59,36.69,8.71,3.31,0.0
20230413:1411,484.44,32.08,8.5,4.07,0.0
20230413:1511,570.62,25.97,8.66,4.21,0.0
20230413:1611,93.05,18.9,8.79,3.45,0.0
20230413:1711,46.63,11.37,8.79,2.97,0.0
20230413:1811,3.31,3.8,8.23,3.1,0.0
20230413:1911,0.0,0.0,6.83,2.76,0.0
20230413:2011,0.0,0.0,6.17,3.03,0.0
20230413:2111,0.0,0.0,5.62,3.03,0.0
20230413:2211,0.0,0.0,5.18,3.03,0.0
20230413:2311,0.0,0.0,5.29,3.45,0.0
20230414:0011,0.0,0.0,5.26,4.48,0.0
20230414:0111,0.0,0.0,5.36,5.45,0.0
20230414:0211,0.0,0.0,5.48,5.59,0.0
20230414:0311,0.0,0.0,5.36,5.72,0.0
20230414:0411,0.0,0.0,5.49,5.79,0.0
20230414:0511,19.03,4.59,5.69,5.79,0.0
20230414:0611,80.94,12.18,6.31,6.0,0.0
20230414:0711,179.74,19.69,7.21,5.38,0.0
20230414:0811,144.38,26.72,7.99,6.41,0.0
20230414:0911,220.94,32.77,8.53,6.41,0.0
20230414:1011,150.67,37.28,9.07,6.69,0.0
20230414:1111,770.05,39.67,9.32,6.97,0.0
20230414:1211,120.17,39.58,9.5,7.03,0.0
20230414:1311,363.89,37.03,9.75,6.55,0.0
20230414:1411,151.53,32.4,9.88,5.93,0.0
20230414:1511,417.99,26.26,10.0,5.31,0.0
20230414:1611,40.36,19.18,9.97,4.48,0.0
20230414:1711,12.56,11.65,9.54,3.59,0.0
20230414:1811,2.48,4.08,8.81,3.1,0.0
20230414:1911,0.0,0.0,8.12,2.83,0.0
20230414:2011,0.0,0.0,7.22,2.34,0.0
20230414:2111,0.0,0.0,6.61,2.07,0.0
20230414:2211,0.0,0.0,5.92,1.79,0.0
20230414:2311,0.0,0.0,5.09,1.52,0.0
20230415:0011,0.0,0.0,4.09,0.97,0.0
20230415:0111,0.0,0.0,4.18,0.48,0.0
20230415:0211,0.0,0.0,2.68,1.03,0.0
20230415:0311,0.0,0.0,2.03,1.59,0.0
20230415:0411,0.0,0.0,2.31,1.86,0.0
20230415:0511,16.55,4.94,2.65,2.07,0.0
20230415:0611,121.64,12.52,3.77,1.86,0.0
20230415:0711,280.79,20.03,6.54,2.21,0.0
20230415:0811,327.31,27.07,8.17,2.62,0.0
20230415:0911,544.26,33.13,9.22,2.9,0.0
20230415:1011,848.41,37.64,9.86,2.76,0.0
20230415:1111,786.12,40.03,10.48,2.83,0.0
20230415:1211,424.13,39.93,10.88,2.48,0.0
20230415:1311,550.2,37.36,11.0,2.48,0.0
20230415:1411,609.0,32.7,10.41,2.76,0.0
20230415:1511,381.41,26.55,9.86,2.83,0.0
20230415:1611,272.24,19.46,9.19,2.76,0.0
20230415:1711,130.38,11.92,8.67,2.48,0.0
20230415:1811,16.55,4.35,8.09,2.14,0.0
20230415:1911,0.0,0.0,7.17,1.86,0.0
20230415:2011,0.0,0.0,6.38,1.79,0.0
20230415:2111,0.0,0.0,5.72,1.66,0.0
20230415:2211,0.0,0.0,5.21,1.59,0.0
20230415:2311,0.0,0.0,4.76,1.52,0.0
20230416:0011,0.0,0.0,4.24,1.52,0.0
20230416:0111,0.0,0.0,3.82,1.52,0.0
20230416:0211,0.0,0.0,3.46,1.52,0.0
20230416:0311,0.0,0.0,3.1,1.52,0.0
20230416:0411,0.0,0.0,2.69,1.59,0.0
20230416:0511,23.99,5.27,2.52,1.45,0.0
20230416:0611,124.4,12.85,3.59,1.03,0.0
20230416:0711,277.27,20.37,6.34,1.31,0.0
20230416:0811,413.13,27.42,7.9,1.45,0.0
20230416:0911,679.35,33.48,9.33,1.45,0.0
20230416:1011,868.55,38.0,10.17,1.52,0.0
20230416:1111,891.03,40.39,10.74,1.52,0.0
20230416:1211,1009.61,40.28,11.05,1.59,0.0
20230416:1311,923.5,37.69,11.22,2.21,0.0
20230416:1411,785.48,33.01,10.84,2.62,0.0
20230416:1511,405.67,26.84,10.49,2.55,0.0
20230416:1611,384.94,19.74,10.02,2.21,0.0
20230416:1711,180.57,12.19,9.38,1.66,0.0
20230416:1811,19.03,4.63,8.54,1.17,0.0
20230416:1911,0.0,0.0,7.78,0.48,0.0
20230416:2011,0.0,0.0,6.47,0.9,0.0
20230416:2111,0.0,0.0,5.81,0.9,0.0
20230416:2211,0.0,0.0,5.47,0.9,0.0
20230416:2311,0.0,0.0,4.74,1.17,0.0
20230417:0011,0.0,0.0,4.35,1.38,0.0
20230417:0111,0.0,0.0,3.81,1.52,0.0
20230417:0211,0.0,0.0,3.25,1.79,0.0
20230417:0311,0.0,0.0,2.73,1.79,0.0
20230417:0411,0.0,0.0,1.48,1.66,0.0
20230417:0511,24.82,5.61,1.21,1.52,0.0
20230417:0611,123.53,13.19,3.14,1.03,0.0
20230417:0711,354.16,20.71,7.17,0.55,0.0
20230417:0811,584.11,27.76,9.18,0.34,0.0
20230417:0911,782.31,33.84,10.5,0.48,0.0
20230417:1011,928.02,38.36,11.58,0.9,0.0
20230417:1111,985.57,40.75,12.24,1.17,0.0
20230417:1211,1041.98,40.63,12.71,1.38,0.0
20230417:1311,962.49,38.01,12.74,2.21,0.0
20230417:1411,825.42,33.32,12.7,2.83,0.0
20230417:1511,596.43,27.12,12.41,3.17,0.0
20230417:1611,328.91,20.01,11.97,3.24,0.0
20230417:1711,168.25,12.46,11.31,2.83,0.0
20230417:1811,16.55,4.9,10.1,2.76,0.0
20230417:1911,0.0,0.0,8.95,2.28,0.0
20230417:2011,0.0,0.0,7.89,2.34,0.0
20230417:2111,0.0,0.0,7.25,2.34,0.0
20230417:2211,0.0,0.0,6.7,2.28,0.0
20230417:2311,0.0,0.0,6.09,2.14,0.0
20230418:0011,0.0,0.0,5.26,2.0,0.0
20230418:0111,0.0,0.0,4.42,1.86,0.0
20230418:0211,0.0,0.0,3.85,1.86,0.0
20230418:0311,0.0,0.0,3.4,2.0,0.0
20230418:0411,0.0,0.0,3.0,2.0,0.0
20230418:0511,22.34,5.94,2.78,1.86,0.0
20230418:0611,130.26,13.52,4.03,1.45,0.0
20230418:0711,352.26,21.04,7.16,1.45,0.0
20230418:0811,571.54,28.1,10.1,1.31,0.0
20230418:0911,768.26,34.18,12.12,1.17,0.0
20230418:1011,941.11,38.71,13.16,0.69,0.0
20230418:1111,1012.78,41.1,13.82,0.48,0.0
20230418:1211,1028.26,40.97,14.18,1.03,0.0
20230418:1311,917.12,38.34,14.26,1.72,0.0
20230418:1411,802.26,33.62,14.12,2.76,0.0
20230418:1511,627.19,27.41,13.61,3.45,0.0
20230418:1611,386.63,20.28,12.83,3.45,0.0
20230418:1711,160.95,12.73,11.9,3.38,0.0
20230418:1811,15.72,5.18,10.74,3.38,0.0
20230418:1911,0.0,0.0,9.82,3.1,0.0
20230418:2011,0.0,0.0,8.91,2.9,0.0
20230418:2111,0.0,0.0,8.23,2.62,0.0
20230418:2211,0.0,0.0,7.49,2.34,0.0
20230418:2311,0.0,0.0,6.67,2.21,0.0
20230419:0011,0.0,0.0,5.8,2.07,0.0
20230419:0111,0.0,0.0,4.93,2.07,0.0
20230419:0211,0.0,0.0,4.16,2.0,0.0
20230419:0311,0.0,0.0,3.56,1.93,0.0
20230419:0411,0.0,0.0,3.08,1.79,0.0
20230419:0511,28.13,6.27,2.86,1.59,0.0
20230419:0611,135.69,13.85,4.53,0.97,0.0
20230419:0711,360.76,21.37,8.21,0.97,0.0
20230419:0811,584.18,28.43,11.24,0.76,0.0
20230419:0911,783.5,34.53,13.08,1.17,0.0
20230419:1011,951.56,39.06,13.98,2.0,0.0
20230419:1111,1037.57,41.46,14.39,2.62,0.0
20230419:1211,1033.21,41.31,14.52,3.1,0.0
20230419:1311,972.49,38.66,14.44,3.59,0.0
20230419:1411,842.96,33.92,14.11,3.86,0.0
20230419:1511,646.67,27.69,13.49,3.93,0.0
20230419:1611,416.37,20.55,12.59,3.86,0.0
20230419:1711,185.13,13.0,11.47,3.72,0.0
20230419:1811,23.16,5.45,10.25,3.45,0.0
20230419:1911,0.0,0.0,9.33,3.17,0.0
20230419:2011,0.0,0.0,8.46,2.76,0.0
20230419:2111,0.0,0.0,7.82,2.34,0.0
20230419:2211,0.0,0.0,7.25,2.0,0.0
20230419:2311,0.0,0.0,6.51,1.86,0.0
20230420:0011,0.0,0.0,5.69,1.79,0.0
20230420:0111,0.0,0.0,4.82,1.79,0.0
20230420:0211,0.0,0.0,4.08,1.72,0.0
20230420:0311,0.0,0.0,3.52,1.72,0.0
20230420:0411,0.0,0.0,2.99,1.66,0.0
20230420:0511,28.13,6.6,2.81,1.45,0.0
20230420:0611,140.0,14.17,4.62,0.9,0.0
20230420:0711,362.23,21.7,8.44,0.69,0.0
20230420:0811,589.49,28.77,11.6,0.69,0.0
20230420:0911,790.08,34.87,13.55,1.24,0.0
20230420:1011,952.49,39.41,14.58,1.79,0.0
20230420:1111,1024.38,41.8,15.18,2.21,0.0
20230420:1211,1039.54,41.65,15.45,2.55,0.0
20230420:1311,977.44,38.98,15.47,2.9,0.0
20230420:1411,822.53,34.21,15.22,3.24,0.0
20230420:1511,644.65,27.97,14.76,3.38,0.0
20230420:1611,418.64,20.82,14.03,3.38,0.0
20230420:1711,183.55,13.27,12.94,3.38,0.0
20230420:1811,23.99,5.71,11.52,3.38,0.0
20230420:1911,0.0,0.0,10.32,2.83,0.0
20230420:2011,0.0,0.0,9.31,2.55,0.0
20230420:2111,0.0,0.0,8.55,2.28,0.0
20230420:2211,0.0,0.0,7.84,1.93,0.0
20230420:2311,0.0,0.0,7.23,1.72,0.0
20230421:0011,0.0,0.0,6.67,1.66,0.0
20230421:0111,0.0,0.0,5.99,1.66,0.0
20230421:0211,0.0,0.0,5.13,1.79,0.0
20230421:0311,0.0,0.0,4.42,1.86,0.0
20230421:0411,0.0,0.0,3.76,1.79,0.0
20230421:0511,29.78,6.92,3.38,1.52,0.0
20230421:0611,143.16,14.49,5.18,0.76,0.0
20230421:0711,362.75,22.02,8.87,0.69,0.0
20230421:0811,591.85,29.09,11.46,0.69,0.0
20230421:0911,787.26,35.2,13.12,0.83,0.0
20230421:1011,947.62,39.76,14.24,1.03,0.0
20230421:1111,1031.74,42.15,14.93,1.31,0.0
20230421:1211,1045.49,41.98,15.29,1.72,0.0
20230421:1311,977.66,39.29,15.34,2.07,0.0
20230421:1411,823.09,34.51,15.13,2.41,0.0
20230421:1511,645.35,28.25,14.73,2.69,0.0
20230421:1611,422.46,21.09,13.99,2.83,0.0
20230421:1711,188.21,13.53,12.83,2.76,0.0
20230421:1811,25.65,5.98,11.38,2.62,0.0
20230421:1911,0.0,0.0,10.43,2.62,0.0
20230421:2011,0.0,0.0,9.25,2.55,0.0
20230421:2111,0.0,0.0,8.58,2.41,0.0
20230421:2211,0.0,0.0,8.07,2.28,0.0
20230421:2311,0.0,0.0,7.63,2.07,0.0
20230422:0011,0.0,0.0,7.07,2.0,0.0
20230422:0111,0.0,0.0,6.22,1.93,0.0
20230422:0211,0.0,0.0,5.36,1.79,0.0
20230422:0311,0.0,0.0,4.71,1.72,0.0
20230422:0411,0.0,0.0,4.26,1.72,0.0
20230422:0511,31.44,7.23,4.24,1.52,0.0
20230422:0611,146.88,14.8,6.26,0.97,0.0
20230422:0711,364.44,22.34,9.33,0.76,0.0
20230422:0811,588.74,29.42,12.23,0.48,0.0
20230422:0911,786.52,35.54,14.02,0.21,0.0
20230422:1011,939.87,40.1,15.2,0.07,0.0
20230422:1111,1028.8,42.49,15.94,0.48,0.0
20230422:1211,1036.92,42.31,16.39,1.03,0.0
20230422:1311,969.07,39.6,16.48,1.72,0.0
20230422:1411,816.31,34.8,15.98,2.34,0.0
20230422:1511,482.85,28.52,15.45,2.55,0.0
20230422:1611,177.5,21.36,14.67,2.41,0.0
20230422:1711,41.25,13.79,13.82,2.14,0.0
20230422:1811,4.96,6.25,12.77,1.52,0.0
20230422:1911,0.0,0.0,11.77,1.66,0.0
20230422:2011,0.0,0.0,10.86,1.24,0.0
20230422:2111,0.0,0.0,10.49,0.41,0.0
20230422:2211,0.0,0.0,9.8,0.69,0.0
20230422:2311,0.0,0.0,9.81,1.72,0.0
20230423:0011,0.0,0.0,9.6,1.59,0.0
20230423:0111,0.0,0.0,9.16,1.52,0.0
20230423:0211,0.0,0.0,8.61,1.38,0.0
20230423:0311,0.0,0.0,7.13,1.45,0.0
20230423:0411,0.0,0.0,7.02,1.45,0.0
20230423:0511,6.62,7.55,7.16,1.24,0.0
20230423:0611,62.78,15.12,7.55,1.38,0.0
20230423:0711,74.44,22.65,7.73,2.76,0.0
20230423:0811,114.79,29.74,7.75,3.17,0.0
20230423:0911,307.43,35.87,8.17,3.66,0.0
20230423:1011,250.56,40.43,8.92,4.0,0.0
20230423:1111,274.21,42.83,9.74,4.07,0.0
20230423:1211,350.39,42.64,10.21,4.14,0.0
20230423:1311,165.91,39.91,10.58,4.14,0.0
20230423:1411,176.38,35.09,10.62,4.55,0.0
20230423:1511,190.69,28.8,10.37,4.76,0.0
20230423:1611,117.19,21.62,9.85,4.62,0.0
20230423:1711,63.77,14.05,9.06,4.28,0.0
20230423:1811,24.82,6.51,8.22,3.45,0.0
20230423:1911,0.0,0.0,7.6,4.0,0.0
20230423:2011,0.0,0.0,7.16,3.24,0.0
20230423:2111,0.0,0.0,6.91,2.76,0.0
20230423:2211,0.0,0.0,6.79,2.28,0.0
20230423:2311,0.0,0.0,6.77,1.93,0.0
20230424:0011,0.0,0.0,6.71,1.38,0.0
20230424:0111,0.0,0.0,6.49,0.97,0.0
20230424:0211,0.0,0.0,6.15,0.76,0.0
20230424:0311,0.0,0.0,6.13,0.48,0.0
20230424:0411,0.0,0.0,5.45,0.83,0.0
20230424:0511,11.58,7.86,5.28,1.1,0.0
20230424:0611,73.23,15.42,6.8,0.97,0.0
20230424:0711,132.04,22.96,7.46,0.34,0.0
20230424:0811,123.76,30.06,8.14,0.9,0.0
20230424:0911,224.66,36.19,8.91,2.21,0.0
20230424:1011,343.04,40.77,9.18,3.45,0.0
20230424:1111,522.56,43.16,8.86,4.28,0.0
20230424:1211,919.72,42.97,9.15,4.69,0.0
20230424:1311,578.42,40.22,9.16,5.17,0.0
20230424:1411,286.02,35.38,8.4,6.07,0.0
20230424:1511,348.64,29.07,7.83,6.62,0.0
20230424:1611,276.27,21.88,7.28,7.03,0.0
20230424:1711,130.08,14.31,6.65,7.24,0.0
20230424:1811,23.99,6.77,5.83,7.1,0.0
20230424:1911,0.0,0.0,5.45,6.48,0.0
20230424:2011,0.0,0.0,5.07,6.55,0.0
20230424:2111,0.0,0.0,4.72,6.76,0.0
20230424:2211,0.0,0.0,4.52,7.03,0.0
20230424:2311,0.0,0.0,4.33,7.17,0.0
20230425:0011,0.0,0.0,4.23,7.31,0.0
20230425:0111,0.0,0.0,4.21,7.45,0.0
20230425:0211,0.0,0.0,4.2,7.52,0.0
20230425:0311,0.0,0.0,4.11,7.59,0.0
20230425:0411,0.0,0.0,4.06,7.66,0.0
20230425:0511,36.4,8.16,4.2,7.86,0.0
20230425:0611,131.98,15.73,4.46,8.28,0.0
20230425:0711,369.44,23.27,4.65,7.93,0.0
20230425:0811,569.76,30.37,5.09,8.41,0.0
20230425:0911,656.08,36.51,5.47,8.69,0.0
20230425:1011,653.43,41.09,5.73,8.76,0.0
20230425:1111,866.85,43.49,6.02,9.24,0.0
20230425:1211,989.69,43.29,6.11,9.45,0.0
20230425:1311,784.61,40.52,6.13,9.52,0.0
20230425:1411,675.52,35.66,6.05,9.45,0.0
20230425:1511,457.87,29.33,5.86,9.38,0.0
20230425:1611,261.47,22.14,5.53,8.97,0.0
20230425:1711,182.83,14.57,5.29,8.69,0.0
20230425:1811,33.09,7.03,4.91,8.07,0.0
20230425:1911,0.0,0.0,4.33,7.24,0.0
20230425:2011,0.0,0.0,4.08,6.9,0.0
20230425:2111,0.0,0.0,3.91,6.69,0.0
20230425:2211,0.0,0.0,3.8,6.48,0.0
20230425:2311,0.0,0.0,3.63,6.34,0.0
20230426:0011,0.0,0.0,3.45,6.14,0.0
20230426:0111,0.0,0.0,3.23,5.86,0.0
20230426:0211,0.0,0.0,2.91,5.72,0.0
20230426:0311,0.0,0.0,2.69,5.59,0.0
20230426:0411,0.0,0.0,2.39,5.45,0.0
20230426:0511,7.45,8.46,2.48,4.97,0.0
20230426:0611,145.69,16.02,2.92,4.55,0.0
20230426:0711,114.09,23.57,3.8,5.38,0.0
20230426:0811,412.75,30.67,4.37,5.1,0.0
20230426:0911,725.23,36.83,4.94,4.97,0.0
20230426:1011,446.34,41.42,5.34,4.97,0.0
20230426:1111,940.47,43.82,5.76,4.97,0.0
20230426:1211,675.55,43.6,5.99,5.03,0.0
20230426:1311,440.49,40.82,5.92,5.1,0.0
20230426:1411,826.68,35.94,5.74,4.97,0.0
20230426:1511,358.46,29.6,5.81,4.97,0.0
20230426:1611,429.78,22.39,5.46,5.1,0.0
20230426:1711,109.56,14.82,4.94,5.24,0.0
20230426:1811,38.88,7.29,4.47,4.83,0.0
20230426:1911,0.0,0.0,3.88,4.07,0.0
20230426:2011,0.0,0.0,3.46,4.07,0.0
20230426:2111,0.0,0.0,3.28,3.93,0.0
20230426:2211,0.0,0.0,3.29,3.72,0.0
20230426:2311,0.0,0.0,3.26,3.72,0.0
20230427:0011,0.0,0.0,2.95,3.86,0.0
20230427:0111,0.0,0.0,2.84,4.0,0.0
20230427:0211,0.0,0.0,2.85,4.14,0.0
20230427:0311,0.0,0.0,2.84,4.34,0.0
20230427:0411,0.0,0.0,2.9,4.34,0.0
20230427:0511,35.57,8.76,3.08,4.28,0.0
20230427:0611,140.95,16.32,3.6,4.69,0.0
20230427:0711,219.58,23.87,4.04,4.55,0.0
20230427:0811,304.63,30.98,4.68,4.76,0.0
20230427:0911,781.32,37.14,5.27,4.97,0.0
20230427:1011,921.76,41.74,5.64,4.97,0.0
20230427:1111,789.94,44.14,6.18,4.97,0.0
20230427:1211,1042.44,43.92,6.51,4.97,0.0
20230427:1311,742.1,41.12,6.73,4.97,0.0
20230427:1411,626.75,36.22,6.76,4.83,0.0
20230427:1511,460.71,29.86,6.59,4.62,0.0
20230427:1611,387.66,22.65,6.37,4.28,0.0
20230427:1711,183.36,15.07,5.99,3.93,0.0
20230427:1811,33.09,7.54,5.41,3.45,0.0
20230427:1911,0.0,0.0,4.6,2.62,0.0
20230427:2011,0.0,0.0,3.62,2.21,0.0
20230427:2111,0.0,0.0,3.06,1.93,0.0
20230427:2211,0.0,0.0,2.58,1.72,0.0
20230427:2311,0.0,0.0,2.18,1.66,0.0
20230428:0011,0.0,0.0,1.73,1.59,0.0
20230428:0111,0.0,0.0,0.75,1.31,0.0
20230428:0211,0.0,0.0,0.2,1.24,0.0
20230428:0311,0.0,0.0,0.01,1.45,0.0
20230428:0411,0.83,1.86,0.0,1.45,0.0
20230428:0511,20.68,9.05,0.81,1.24,0.0
20230428:0611,135.03,16.61,2.67,0.9,0.0
20230428:0711,206.45,24.16,3.64,1.38,0.0
20230428:0811,264.8,31.28,4.45,1.31,0.0
20230428:0911,328.51,37.45,5.25,1.38,0.0
20230428:1011,247.93,42.05,5.68,1.45,0.0
20230428:1111,265.22,44.46,5.75,1.66,0.0
20230428:1211,125.56,44.23,5.75,2.14,0.0
20230428:1311,125.56,41.41,5.59,2.48,0.0
20230428:1411,92.37,36.5,5.53,2.69,0.0
20230428:1511,156.37,30.12,5.38,2.83,0.0
20230428:1611,191.93,22.9,5.28,3.1,0.0
20230428:1711,142.46,15.32,5.12,3.17,0.0
20230428:1811,35.57,7.8,5.13,3.66,0.0
20230428:1911,0.0,0.0,5.09,3.86,0.0
20230428:2011,0.0,0.0,5.0,4.48,0.0
20230428:2111,0.0,0.0,5.1,5.03,0.0
20230428:2211,0.0,0.0,5.1,5.59,0.0
20230428:2311,0.0,0.0,5.09,6.0,0.0
20230429:0011,0.0,0.0,5.22,5.31,0.0
20230429:0111,0.0,0.0,4.74,4.34,0.0
20230429:0211,0.0,0.0,4.32,5.45,0.0
20230429:0311,0.0,0.0,3.71,5.79,0.0
20230429:0411,0.83,2.15,3.1,5.31,0.0
20230429:0511,51.29,9.34,2.92,6.07,0.0
20230429:0611,126.18,16.89,3.02,5.79,0.0
20230429:0711,247.64,24.45,4.01,5.52,0.0
20230429:0811,394.29,31.57,4.56,5.59,0.0
20230429:0911,612.59,37.75,4.88,5.86,0.0
20230429:1011,736.8,42.37,5.69,5.93,0.0
20230429:1111,445.23,44.77,6.02,6.0,0.0
20230429:1211,891.07,44.53,6.39,5.93,0.0
20230429:1311,571.02,41.7,6.55,5.93,0.0
20230429:1411,662.34,36.77,6.37,5.86,0.0
20230429:1511,421.4,30.38,6.06,5.86,0.0
20230429:1611,243.52,23.15,5.43,5.86,0.0
20230429:1711,203.29,15.57,5.07,5.45,0.0
20230429:1811,40.54,8.05,4.51,4.97,0.0
20230429:1911,0.0,0.0,4.12,4.62,0.0
20230429:2011,0.0,0.0,3.56,4.34,0.0
20230429:2111,0.0,0.0,3.41,4.14,0.0
20230429:2211,0.0,0.0,3.07,4.0,0.0
20230429:2311,0.0,0.0,2.74,3.72,0.0
20230430:0011,0.0,0.0,2.67,3.66,0.0
20230430:0111,0.0,0.0,2.6,3.45,0.0
20230430:0211,0.0,0.0,2.7,3.1,0.0
20230430:0311,0.0,0.0,2.54,2.83,0.0
20230430:0411,0.83,2.44,2.48,2.76,0.0
20230430:0511,29.78,9.62,2.91,2.48,0.0
20230430:0611,112.02,17.17,3.7,2.28,0.0
20230430:0711,215.58,24.73,4.54,3.38,0.0
20230430:0811,204.39,31.86,5.33,3.66,0.0
20230430:0911,484.56,38.05,5.96,3.45,0.0
20230430:1011,432.2,42.67,6.78,3.45,0.0
20230430:1111,593.79,45.08,6.88,3.31,0.0
20230430:1211,546.55,44.84,6.96,3.24,0.0
20230430:1311,250.82,41.99,6.84,3.1,0.0
20230430:1411,260.73,37.04,6.64,2.83,0.0
20230430:1511,250.73,30.63,6.21,2.55,0.0
20230430:1611,130.36,23.39,5.69,2.14,0.0
20230430:1711,55.6,15.81,5.26,1.52,0.0
20230430:1811,14.06,8.3,4.91,0.83,0.0
20230430:1911,0.0,0.0,4.43,1.45,0.0
20230430:2011,0.0,0.0,4.05,2.07,0.0
20230430:2111,0.0,0.0,3.77,2.83,0.0
20230430:2211,0.0,0.0,3.39,2.97,0.0
20230430:2311,0.0,0.0,2.42,2.76,0.0
20230501:0011,0.0,0.0,1.72,2.9,0.0
20230501:0111,0.0,0.0,1.64,3.1,0.0
20230501:0211,0.0,0.0,2.02,3.03,0.0
20230501:0311,0.0,0.0,2.42,2.83,0.0
20230501:0411,1.65,2.72,2.77,2.55,0.0
20230501:0511,33.09,9.9,3.11,2.28,0.0
20230501:0611,52.02,17.45,3.51,2.21,0.0
20230501:0711,127.66,25.01,4.15,2.48,0.0
20230501:0811,193.1,32.14,4.33,3.59,0.0
20230501:0911,550.94,38.34,4.49,4.21,0.0
20230501:1011,462.98,42.98,5.29,5.52,0.0
20230501:1111,603.48,45.39,6.54,6.62,0.0
20230501:1211,660.68,45.14,7.06,6.9,0.0
20230501:1311,868.27,42.27,6.88,7.31,0.0
20230501:1411,831.68,37.3,6.48,7.59,0.0
20230501:1511,657.77,30.89,6.0,7.72,0.0
20230501:1611,413.42,23.64,5.35,7.79,0.0
20230501:1711,203.24,16.05,4.92,7.59,0.0
20230501:1811,39.71,8.54,4.56,7.17,0.0
20230501:1911,0.0,0.0,4.33,6.34,0.0
20230501:2011,0.0,0.0,3.98,5.86,0.0
20230501:2111,0.0,0.0,3.72,5.38,0.0
20230501:2211,0.0,0.0,3.6,5.1,0.0
20230501:2311,0.0,0.0,3.53,4.69,0.0
20230502:0011,0.0,0.0,3.5,4.21,0.0
20230502:0111,0.0,0.0,3.44,3.66,0.0
20230502:0211,0.0,0.0,3.36,3.17,0.0
20230502:0311,0.0,0.0,3.23,2.76,0.0
20230502:0411,1.65,3.0,2.78,2.21,0.0
20230502:0511,47.16,10.17,2.95,1.72,0.0
20230502:0611,143.74,17.72,4.26,1.72,0.0
20230502:0711,0.0,0.0,5.72,2.9,0.0
20230502:0811,483.78,32.42,6.21,3.59,0.0
20230502:0911,264.99,38.63,6.94,3.86,0.0
20230502:1011,405.11,43.27,7.6,4.41,0.0
20230502:1111,721.79,45.69,7.91,4.9,0.0
20230502:1211,792.03,45.43,8.21,5.03,0.0
20230502:1311,883.74,42.55,8.18,5.1,0.0
20230502:1411,237.38,37.57,8.12,5.1,0.0
20230502:1511,442.39,31.14,7.85,5.1,0.0
20230502:1611,298.61,23.88,7.34,5.1,0.0
20230502:1711,118.17,16.29,6.93,4.97,0.0
20230502:1811,45.5,8.79,6.4,4.41,0.0
20230502:1911,0.83,1.72,6.14,3.31,0.0
20230502:2011,0.0,0.0,5.42,2.97,0.0
20230502:2111,0.0,0.0,4.99,2.69,0.0
20230502:2211,0.0,0.0,4.73,2.48,0.0
20230502:2311,0.0,0.0,4.46,2.14,0.0
20230503:0011,0.0,0.0,4.23,2.0,0.0
20230503:0111,0.0,0.0,4.08,1.86,0.0
20230503:0211,0.0,0.0,4.08,1.66,0.0
20230503:0311,0.0,0.0,3.82,1.59,0.0
20230503:0411,1.65,3.27,3.45,1.45,0.0
20230503:0511,29.78,10.44,3.66,0.97,0.0
20230503:0611,157.01,17.99,5.28,0.9,0.0
20230503:0711,319.67,25.55,6.44,2.28,0.0
20230503:0811,312.46,32.7,7.25,2.48,0.0
20230503:0911,676.17,38.92,8.09,2.76,0.0
20230503:1011,749.63,43.57,8.53,3.17,0.0
20230503:1111,948.62,45.98,9.06,3.59,0.0
20230503:1211,1029.54,45.72,9.04,4.0,0.0
20230503:1311,988.71,42.83,8.87,4.48,0.0
20230503:1411,856.94,37.83,8.63,4.62,0.0
20230503:1511,662.41,31.38,8.42,4.62,0.0
20230503:1611,447.29,24.12,8.05,4.62,0.0
20230503:1711,216.04,16.53,7.52,4.55,0.0
20230503:1811,36.4,9.03,6.84,4.14,0.0
20230503:1911,2.48,1.97,6.34,3.59,0.0
20230503:2011,0.0,0.0,5.44,3.38,0.0
20230503:2111,0.0,0.0,4.84,3.17,0.0
20230503:2211,0.0,0.0,4.49,3.03,0.0
20230503:2311,0.0,0.0,4.37,2.83,0.0
20230504:0011,0.0,0.0,4.2,2.62,0.0
20230504:0111,0.0,0.0,4.05,2.48,0.0
20230504:0211,0.0,0.0,3.84,2.34,0.0
20230504:0311,0.0,0.0,3.59,2.14,0.0
20230504:0411,2.48,3.54,3.31,1.93,0.0
20230504:0511,56.26,10.7,3.44,1.52,0.0
20230504:0611,179.01,18.25,4.97,1.17,0.0
20230504:0711,410.62,25.81,6.84,1.1,0.0
20230504:0811,640.59,32.97,8.73,1.59,0.0
20230504:0911,770.23,39.19,9.84,2.28,0.0
20230504:1011,730.46,43.86,10.54,2.14,0.0
20230504:1111,529.49,46.28,10.76,1.66,0.0
20230504:1211,466.65,46.01,10.89,1.24,0.0
20230504:1311,206.05,43.1,10.99,0.97,0.0
20230504:1411,365.47,38.08,11.08,1.03,0.0
20230504:1511,281.0,31.63,10.78,1.79,0.0
20230504:1611,297.87,24.35,10.63,2.41,0.0
20230504:1711,220.07,16.76,10.17,2.76,0.0
20230504:1811,39.71,9.26,9.55,2.48,0.0
20230504:1911,1.65,2.22,8.83,1.86,0.0
20230504:2011,0.0,0.0,7.57,2.41,0.0
20230504:2111,0.0,0.0,6.87,2.97,0.0
20230504:2211,0.0,0.0,6.46,3.17,0.0
20230504:2311,0.0,0.0,5.98,2.97,0.0
20230505:0011,0.0,0.0,5.27,2.83,0.0
20230505:0111,0.0,0.0,4.65,2.97,0.0
20230505:0211,0.0,0.0,4.28,3.17,0.0
20230505:0311,0.0,0.0,4.03,3.31,0.0
20230505:0411,9.93,3.8,3.88,3.38,0.0
20230505:0511,41.37,10.96,4.47,3.59,0.0
20230505:0611,187.39,18.5,5.92,3.52,0.0
20230505:0711,407.81,26.07,7.54,3.93,0.0
20230505:0811,636.77,33.23,8.85,4.69,0.0
20230505:0911,828.31,39.47,9.95,4.76,0.0
20230505:1011,983.11,44.14,10.92,4.69,0.0
20230505:1111,1062.97,46.57,11.72,4.62,0.0
20230505:1211,1082.11,46.29,12.38,4.55,0.0
20230505:1311,1018.29,43.37,12.87,4.76,0.0
20230505:1411,863.83,38.33,12.68,4.62,0.0
20230505:1511,672.86,31.87,12.36,4.34,0.0
20230505:1611,453.61,24.59,12.01,4.21,0.0
20230505:1711,220.36,17.0,11.42,4.14,0.0
20230505:1811,38.88,9.5,10.5,3.79,0.0
20230505:1911,4.96,2.46,9.24,3.31,0.0
20230505:2011,0.0,0.0,7.84,3.31,0.0
20230505:2111,0.0,0.0,6.82,3.17,0.0
20230505:2211,0.0,0.0,6.01,3.03,0.0
20230505:2311,0.0,0.0,5.4,2.83,0.0
20230506:0011,0.0,0.0,5.0,2.9,0.0
20230506:0111,0.0,0.0,4.78,2.9,0.0
20230506:0211,0.0,0.0,4.69,2.97,0.0
20230506:0311,0.0,0.0,4.64,2.83,0.0
20230506:0411,2.48,4.06,4.85,2.62,0.0
20230506:0511,27.3,11.21,5.24,2.48,0.0
20230506:0611,132.3,18.75,6.6,2.34,0.0
20230506:0711,201.66,26.32,7.93,2.9,0.0
20230506:0811,385.44,33.49,9.13,3.72,0.0
20230506:0911,508.82,39.74,10.27,3.86,0.0
20230506:1011,460.84,44.42,11.22,3.66,0.0
20230506:1111,632.03,46.85,11.82,3.52,0.0
20230506:1211,1035.22,46.57,12.24,3.24,0.0
20230506:1311,974.75,43.64,12.48,2.9,0.0
20230506:1411,841.65,38.58,12.1,2.21,0.0
20230506:1511,659.41,32.1,11.94,1.79,0.0
20230506:1611,439.59,24.82,11.51,1.52,0.0
20230506:1711,215.22,17.23,11.14,1.45,0.0
20230506:1811,42.19,9.73,10.65,1.45,0.0
20230506:1911,4.96,2.7,9.97,2.07,0.0
20230506:2011,0.0,0.0,8.75,2.62,0.0
20230506:2111,0.0,0.0,7.83,2.97,0.0
20230506:2211,0.0,0.0,7.23,3.1,0.0
20230506:2311,0.0,0.0,6.69,3.17,0.0
20230507:0011,0.0,0.0,6.32,3.17,0.0
20230507:0111,0.0,0.0,6.09,3.1,0.0
20230507:0211,0.0,0.0,5.77,3.17,0.0
20230507:0311,0.0,0.0,5.65,3.24,0.0
20230507:0411,13.24,4.32,5.22,3.24,0.0
20230507:0511,47.16,11.46,5.64,3.17,0.0
20230507:0611,184.77,19.0,7.07,3.1,0.0
20230507:0711,392.72,26.57,8.98,3.52,0.0
20230507:0811,441.02,33.74,10.49,4.14,0.0
20230507:0911,479.38,40.0,11.84,4.34,0.0
20230507:1011,394.88,44.69,12.98,4.34,0.0
20230507:1111,503.65,47.13,13.75,4.21,0.0
20230507:1211,842.92,46.84,14.19,4.14,0.0
20230507:1311,981.01,43.9,14.3,4.07,0.0
20230507:1411,847.89,38.83,14.04,4.0,0.0
20230507:1511,649.17,32.34,13.45,4.14,0.0
20230507:1611,441.32,25.05,12.74,4.0,0.0
20230507:1711,219.22,17.45,12.44,3.79,0.0
20230507:1811,43.02,9.96,12.22,3.79,0.0
20230507:1911,4.96,2.94,11.57,3.03,0.0
20230507:2011,0.0,0.0,11.28,3.38,0.0
20230507:2111,0.0,0.0,11.05,3.79,0.0
20230507:2211,0.0,0.0,10.74,4.14,0.0
20230507:2311,0.0,0.0,10.43,4.21,0.0
20230508:0011,0.0,0.0,10.06,4.34,0.0
20230508:0111,0.0,0.0,9.88,4.62,0.0
20230508:0211,0.0,0.0,9.78,4.83,0.0
20230508:0311,0.0,0.0,9.69,4.83,0.0
20230508:0411,3.31,4.56,9.64,4.9,0.0
20230508:0511,67.01,11.7,9.62,5.1,0.0
20230508:0611,86.65,19.24,10.02,4.9,0.0
20230508:0711,216.94,26.81,11.12,5.38,0.0
20230508:0811,291.65,33.99,11.82,5.72,0.0
20230508:0911,143.49,40.26,12.26,6.14,0.0
20230508:1011,249.38,44.96,13.45,6.62,0.0
20230508:1111,229.98,47.4,13.98,6.97,0.0
20230508:1211,269.16,47.11,14.48,7.1,0.0
20230508:1311,273.67,44.16,14.28,6.76,0.0
20230508:1411,217.43,39.07,14.16,6.62,0.0
20230508:1511,179.62,32.57,13.86,6.28,0.0
20230508:1611,113.0,25.27,13.11,5.66,0.0
20230508:1711,26.01,17.68,12.88,5.45,0.0
20230508:1811,28.13,10.19,12.62,5.93,0.0
20230508:1911,2.48,3.18,12.51,6.21,0.0
20230508:2011,0.0,0.0,12.18,6.28,0.0
20230508:2111,0.0,0.0,12.13,6.48,0.0
20230508:2211,0.0,0.0,12.02,6.48,0.0
20230508:2311,0.0,0.0,11.85,6.48,0.0
20230509:0011,0.0,0.0,11.36,6.21,0.0
20230509:0111,0.0,0.0,10.79,6.0,0.0
20230509:0211,0.0,0.0,10.63,5.93,0.0
20230509:0311,0.0,0.0,10.75,5.79,0.0
20230509:0411,3.31,4.81,11.01,5.66,0.0
20230509:0511,13.24,11.94,11.26,5.45,0.0
20230509:0611,39.46,19.47,11.46,5.45,0.0
20230509:0711,150.18,27.05,10.62,5.1,0.0
20230509:0811,165.36,34.23,10.96,5.1,0.0
20230509:0911,337.68,40.51,11.21,5.45,0.0
20230509:1011,472.44,45.22,11.31,5.66,0.0
20230509:1111,277.45,47.67,11.19,5.66,0.0
20230509:1211,187.44,47.38,11.03,5.79,0.0
20230509:1311,159.63,44.41,10.0,6.0,0.0
20230509:1411,115.69,39.31,9.86,6.28,0.0
20230509:1511,84.3,32.8,9.68,6.21,0.0
20230509:1611,53.81,25.49,9.62,5.93,0.0
20230509:1711,33.18,17.9,9.58,5.52,0.0
20230509:1811,19.86,10.41,9.55,5.03,0.0
20230509:1911,1.65,3.41,9.65,4.41,0.0
20230509:2011,0.0,0.0,9.64,4.0,0.0
20230509:2111,0.0,0.0,9.52,3.59,0.0
20230509:2211,0.0,0.0,9.49,3.1,0.0
20230509:2311,0.0,0.0,9.42,2.55,0.0
20230510:0011,0.0,0.0,9.65,2.28,0.0
20230510:0111,0.0,0.0,9.21,2.34,0.0
20230510:0211,0.0,0.0,9.06,2.55,0.0
20230510:0311,0.0,0.0,8.89,2.69,0.0
20230510:0411,3.31,5.04,8.71,2.62,0.0
20230510:0511,11.58,12.17,8.57,2.41,0.0
20230510:0611,39.46,19.7,8.59,2.34,0.0
20230510:0711,66.36,27.28,8.5,2.34,0.0
20230510:0811,113.9,34.47,8.63,2.21,0.0
20230510:0911,153.36,40.76,8.91,2.07,0.0
20230510:1011,194.61,45.48,9.22,2.0,0.0
20230510:1111,182.05,47.93,9.52,1.93,0.0
20230510:1211,210.49,47.64,9.79,1.79,0.0
20230510:1311,181.16,44.66,9.93,1.86,0.0
20230510:1411,121.97,39.55,10.04,1.86,0.0
20230510:1511,96.86,33.02,10.07,1.86,0.0
20230510:1611,77.13,25.71,9.99,1.93,0.0
20230510:1711,29.6,18.11,9.93,2.0,0.0
20230510:1811,36.4,10.64,9.86,2.0,0.0
20230510:1911,7.45,3.64,9.84,1.52,0.0
20230510:2011,0.0,0.0,9.56,1.38,0.0
20230510:2111,0.0,0.0,9.25,1.31,0.0
20230510:2211,0.0,0.0,9.02,1.45,0.0
20230510:2311,0.0,0.0,8.94,1.59,0.0
20230511:0011,0.0,0.0,9.6,1.59,0.0
20230511:0111,0.0,0.0,8.85,1.59,0.0
20230511:0211,0.0,0.0,8.68,1.52,0.0
20230511:0311,0.0,0.0,8.72,1.38,0.0
20230511:0411,6.62,5.27,8.66,1.24,0.0
20230511:0511,22.34,12.4,8.94,1.1,0.0
20230511:0611,52.02,19.93,9.27,1.38,0.0
20230511:0711,137.39,27.5,9.54,1.38,0.0
20230511:0811,205.46,34.7,10.01,0.97,0.0
20230511:0911,259.52,41.0,10.55,0.83,0.0
20230511:1011,214.91,45.73,11.32,0.76,0.0
20230511:1111,304.05,48.19,12.04,0.83,0.0
20230511:1211,424.6,47.89,12.48,0.62,0.0
20230511:1311,624.46,44.9,12.91,0.69,0.0
20230511:1411,537.83,39.78,13.29,1.52,0.0
20230511:1511,453.6,33.24,12.96,2.34,0.0
20230511:1611,286.21,25.93,12.48,2.83,0.0
20230511:1711,130.13,18.33,11.93,2.83,0.0
20230511:1811,49.64,10.85,11.37,2.62,0.0
20230511:1911,2.48,3.86,10.49,2.34,0.0
20230511:2011,0.0,0.0,9.77,2.34,0.0
20230511:2111,0.0,0.0,9.25,2.21,0.0
20230511:2211,0.0,0.0,8.93,2.07,0.0
20230511:2311,0.0,0.0,8.66,1.93,0.0
20230512:0011,0.0,0.0,8.42,2.0,0.0
20230512:0111,0.0,0.0,8.0,2.14,0.0
20230512:0211,0.0,0.0,7.62,2.21,0.0
20230512:0311,0.0,0.0,7.25,2.14,0.0
20230512:0411,4.14,5.5,7.2,2.21,0.0
20230512:0511,22.34,12.62,7.83,2.14,0.0
20230512:0611,115.67,20.14,9.21,2.14,0.0
20230512:0711,214.54,27.72,10.71,2.41,0.0
20230512:0811,285.04,34.93,11.74,2.48,0.0
20230512:0911,378.46,41.23,12.48,2.62,0.0
20230512:1011,532.99,45.98,13.27,2.83,0.0
20230512:1111,941.36,48.45,13.56,3.17,0.0
20230512:1211,1012.82,48.15,13.62,3.52,0.0
20230512:1311,817.35,45.14,13.52,4.0,0.0
20230512:1411,696.6,40.01,12.69,4.28,0.0
20230512:1511,552.46,33.46,12.34,4.14,0.0
20230512:1611,424.87,26.14,11.76,4.07,0.0
20230512:1711,197.62,18.54,10.99,3.93,0.0
20230512:1811,64.17,11.07,10.17,3.66,0.0
20230512:1911,4.96,4.08,9.43,3.52,0.0
20230512:2011,0.0,0.0,8.54,3.24,0.0
20230512:2111,0.0,0.0,8.11,3.17,0.0
20230512:2211,0.0,0.0,7.68,3.1,0.0
20230512:2311,0.0,0.0,7.49,2.9,0.0
20230513:0011,0.0,0.0,7.34,2.9,0.0
20230513:0111,0.0,0.0,7.33,2.69,0.0
20230513:0211,0.0,0.0,7.31,2.48,0.0
20230513:0311,0.0,0.0,7.17,2.62,0.0
20230513:0411,4.14,5.72,7.06,2.48,0.0
20230513:0511,26.47,12.83,7.16,2.69,0.0
20230513:0611,79.82,20.36,7.53,2.62,0.0
20230513:0711,166.49,27.93,8.41,3.38,0.0
20230513:0811,233.52,35.15,9.29,3.79,0.0
20230513:0911,274.37,41.46,10.08,3.86,0.0
20230513:1011,310.04,46.22,11.51,3.93,0.0
20230513:1111,1025.62,48.69,11.95,3.79,0.0
20230513:1211,1043.69,48.39,12.03,3.93,0.0
20230513:1311,965.88,45.38,11.98,4.41,0.0
20230513:1411,835.48,40.23,11.37,4.69,0.0
20230513:1511,619.19,33.67,10.73,4.62,0.0
20230513:1611,416.98,26.35,10.33,4.34,0.0
20230513:1711,203.22,18.75,9.81,3.93,0.0
20230513:1811,64.38,11.28,9.22,3.45,0.0
20230513:1911,4.96,4.3,9.02,2.76,0.0
20230513:2011,0.0,0.0,8.37,2.41,0.0
20230513:2111,0.0,0.0,7.72,2.41,0.0
20230513:2211,0.0,0.0,7.18,2.21,0.0
20230513:2311,0.0,0.0,6.95,1.66,0.0
20230514:0011,0.0,0.0,6.78,1.31,0.0
20230514:0111,0.0,0.0,6.49,1.31,0.0
20230514:0211,0.0,0.0,6.32,1.31,0.0
20230514:0311,0.0,0.0,5.99,1.66,0.0
20230514:0411,25.65,5.94,6.1,1.72,0.0
20230514:0511,64.53,13.04,7.37,1.45,0.0
20230514:0611,175.48,20.56,9.8,1.31,0.0
20230514:0711,287.19,28.14,11.31,1.17,0.0
20230514:0811,429.32,35.36,12.46,1.72,0.0
20230514:0911,501.39,41.69,12.51,2.48,0.0
20230514:1011,501.96,46.46,12.36,2.69,0.0
20230514:1111,751.43,48.94,12.5,2.55,0.0
20230514:1211,948.9,48.63,12.88,2.48,0.0
20230514:1311,631.79,45.61,13.04,2.69,0.0
20230514:1411,591.08,40.45,12.26,3.45,0.0
20230514:1511,496.37,33.89,11.25,3.52,0.0
20230514:1611,285.38,26.55,10.36,3.31,0.0
20230514:1711,135.95,18.95,9.65,2.9,0.0
20230514:1811,55.39,11.49,8.95,2.76,0.0
20230514:1911,5.79,4.52,7.84,2.41,0.0
20230514:2011,0.0,0.0,7.28,2.41,0.0
20230514:2111,0.0,0.0,6.79,2.34,0.0
20230514:2211,0.0,0.0,6.51,2.34,0.0
20230514:2311,0.0,0.0,6.3,2.28,0.0
20230515:0011,0.0,0.0,6.08,2.28,0.0
20230515:0111,0.0,0.0,5.83,2.21,0.0
20230515:0211,0.0,0.0,5.71,2.0,0.0
20230515:0311,0.0,0.0,5.73,1.86,0.0
20230515:0411,4.96,6.14,5.7,1.52,0.0
20230515:0511,13.24,13.24,6.06,1.66,0.0
20230515:0611,86.99,20.76,6.61,1.03,0.0
20230515:0711,211.89,28.34,7.28,0.76,0.0
20230515:0811,136.32,35.57,7.81,0.83,0.0
20230515:0911,200.44,41.9,8.59,1.45,0.0
20230515:1011,236.62,46.69,8.96,2.21,0.0
20230515:1111,212.55,49.17,9.09,2.9,0.0
20230515:1211,250.3,48.87,8.85,3.45,0.0
20230515:1311,171.29,45.84,8.68,3.72,0.0
20230515:1411,207.38,40.67,8.56,4.14,0.0
20230515:1511,143.49,34.09,9.09,4.55,0.0
20230515:1611,165.38,26.75,9.02,4.69,0.0
20230515:1711,111.49,19.15,8.93,4.83,0.0
20230515:1811,30.49,11.69,8.61,4.62,0.0
20230515:1911,3.31,4.73,7.99,4.55,0.0
20230515:2011,0.0,0.0,7.41,4.48,0.0
20230515:2111,0.0,0.0,7.0,4.34,0.0
20230515:2211,0.0,0.0,6.76,4.28,0.0
20230515:2311,0.0,0.0,6.64,4.41,0.0
20230516:0011,0.0,0.0,6.53,4.34,0.0
20230516:0111,0.0,0.0,6.47,4.14,0.0
20230516:0211,0.0,0.0,6.39,3.93,0.0
20230516:0311,0.0,0.0,6.29,3.79,0.0
20230516:0411,30.61,6.35,6.43,3.66,0.0
20230516:0511,78.59,13.44,6.95,3.59,0.0
20230516:0611,195.41,20.96,7.63,3.52,0.0
20230516:0711,409.37,28.54,8.13,3.17,0.0
20230516:0811,591.97,35.77,8.94,2.76,0.0
20230516:0911,729.58,42.12,10.04,3.24,0.0
20230516:1011,183.85,46.91,10.33,3.59,0.0
20230516:1111,312.58,49.41,10.06,4.28,0.0
20230516:1211,213.44,49.1,9.62,4.83,0.0
20230516:1311,198.2,46.06,9.24,6.34,0.0
20230516:1411,221.05,40.88,7.97,8.0,0.0
20230516:1511,291.83,34.3,7.41,7.86,0.0
20230516:1611,336.7,26.95,6.81,7.79,0.0
20230516:1711,193.41,19.35,6.28,7.86,0.0
20230516:1811,69.36,11.9,5.61,7.66,0.0
20230516:1911,14.89,4.94,5.4,7.17,0.0
20230516:2011,0.0,0.0,4.65,6.9,0.0
20230516:2111,0.0,0.0,4.16,6.76,0.0
20230516:2211,0.0,0.0,3.84,6.9,0.0
20230516:2311,0.0,0.0,3.75,6.9,0.0
20230517:0011,0.0,0.0,3.75,6.83,0.0
20230517:0111,0.0,0.0,3.86,6.76,0.0
20230517:0211,0.0,0.0,4.05,6.62,0.0
20230517:0311,0.0,0.0,4.05,6.28,0.0
20230517:0411,25.65,6.55,4.21,6.14,0.0
20230517:0511,61.22,13.63,4.48,5.79,0.0
20230517:0611,121.88,21.15,5.17,6.55,0.0
20230517:0711,157.12,28.73,5.79,6.76,0.0
20230517:0811,318.68,35.97,6.18,6.48,0.0
20230517:0911,485.47,42.32,6.87,6.28,0.0
20230517:1011,448.78,47.13,7.58,5.93,0.0
20230517:1111,586.78,49.63,7.62,6.07,0.0
20230517:1211,1018.49,49.33,7.68,6.07,0.0
20230517:1311,926.47,46.28,7.73,5.86,0.0
20230517:1411,822.48,41.09,7.64,5.79,0.0
20230517:1511,672.72,34.5,7.5,5.59,0.0
20230517:1611,433.6,27.15,7.23,5.38,0.0
20230517:1711,211.55,19.55,6.81,4.9,0.0
20230517:1811,73.41,12.09,6.46,4.55,0.0
20230517:1911,21.51,5.14,6.19,3.03,0.0
20230517:2011,0.0,0.0,5.64,2.21,0.0
20230517:2111,0.0,0.0,5.21,1.79,0.0
20230517:2211,0.0,0.0,5.08,1.31,0.0
20230517:2311,0.0,0.0,5.35,0.34,0.0
20230518:0011,0.0,0.0,4.37,0.9,0.0
20230518:0111,0.0,0.0,3.78,1.52,0.0
20230518:0211,0.0,0.0,4.22,1.66,0.0
20230518:0311,0.0,0.0,4.37,2.0,0.0
20230518:0411,4.96,6.74,4.52,2.41,0.0
20230518:0511,23.99,13.82,5.18,2.62,0.0
20230518:0611,95.06,21.33,6.17,3.03,0.0
20230518:0711,174.44,28.92,7.65,3.24,0.0
20230518:0811,362.48,36.16,8.99,3.38,0.0
20230518:0911,429.91,42.52,9.82,3.72,0.0
20230518:1011,214.86,47.34,10.37,4.14,0.0
20230518:1111,221.19,49.85,11.07,4.69,0.0
20230518:1211,204.48,49.55,11.28,4.62,0.0
20230518:1311,237.64,46.5,11.29,4.28,0.0
20230518:1411,266.21,41.29,11.19,3.93,0.0
20230518:1511,301.28,34.69,11.23,3.72,0.0
20230518:1611,245.34,27.34,11.45,3.66,0.0
20230518:1711,144.25,19.74,10.83,3.1,0.0
20230518:1811,67.69,12.29,10.23,2.69,0.0
20230518:1911,24.82,5.34,9.95,2.41,0.0
20230518:2011,0.0,0.0,9.51,2.41,0.0
20230518:2111,0.0,0.0,9.2,2.55,0.0
20230518:2211,0.0,0.0,8.92,2.76,0.0
20230518:2311,0.0,0.0,8.68,2.9,0.0
20230519:0011,0.0,0.0,8.35,3.03,0.0
20230519:0111,0.0,0.0,8.11,2.97,0.0
20230519:0211,0.0,0.0,7.95,2.9,0.0
20230519:0311,0.0,0.0,7.58,3.03,0.0
20230519:0411,5.79,6.92,7.56,3.31,0.0
20230519:0511,21.51,14.0,8.23,3.38,0.0
20230519:0611,125.06,21.51,9.4,3.72,0.0
20230519:0711,218.71,29.1,10.14,4.48,0.0
20230519:0811,331.42,36.34,10.32,4.55,0.0
20230519:0911,548.41,42.72,10.78,4.9,0.0
20230519:1011,443.54,47.55,11.35,4.97,0.0
20230519:1111,249.27,50.07,12.22,5.24,0.0
20230519:1211,393.88,49.77,12.23,4.9,0.0
20230519:1311,133.63,46.71,12.02,4.48,0.0
20230519:1411,196.03,41.49,12.15,4.14,0.0
20230519:1511,595.69,34.88,11.54,3.66,0.0
20230519:1611,256.08,27.53,10.99,3.31,0.0
20230519:1711,184.01,19.93,10.46,2.97,0.0
20230519:1811,45.74,12.48,10.01,2.62,0.0
20230519:1911,5.79,5.54,10.26,2.28,0.0
20230519:2011,0.0,0.0,9.64,2.28,0.0
20230519:2111,0.0,0.0,9.14,2.21,0.0
20230519:2211,0.0,0.0,8.85,2.14,0.0
20230519:2311,0.0,0.0,8.69,2.0,0.0
20230520:0011,0.0,0.0,8.59,1.79,0.0
20230520:0111,0.0,0.0,8.54,1.66,0.0
20230520:0211,0.0,0.0,8.36,1.72,0.0
20230520:0311,0.0,0.0,8.25,1.59,0.0
20230520:0411,5.79,7.1,8.26,1.38,0.0
20230520:0511,29.78,14.17,8.71,1.45,0.0
20230520:0611,95.96,21.68,9.32,1.52,0.0
20230520:0711,167.98,29.27,9.8,1.93,0.0
20230520:0811,227.5,36.52,10.56,2.28,0.0
20230520:0911,279.98,42.91,11.47,2.83,0.0
20230520:1011,411.65,47.75,12.17,3.24,0.0
20230520:1111,1016.78,50.28,12.81,3.45,0.0
20230520:1211,1047.6,49.98,12.55,3.17,0.0
20230520:1311,964.58,46.91,12.25,2.97,0.0
20230520:1411,836.45,41.69,12.14,2.62,0.0
20230520:1511,633.45,35.07,12.03,2.41,0.0
20230520:1611,414.54,27.71,11.71,2.21,0.0
20230520:1711,223.17,20.11,11.07,2.0,0.0
20230520:1811,52.78,12.67,10.27,1.66,0.0
20230520:1911,24.82,5.73,10.12,1.45,0.0
20230520:2011,0.0,0.0,9.14,1.45,0.0
20230520:2111,0.0,0.0,8.32,1.38,0.0
20230520:2211,0.0,0.0,7.9,1.03,0.0
20230520:2311,0.0,0.0,7.64,0.62,0.0
20230521:0011,0.0,0.0,7.49,0.62,0.0
20230521:0111,0.0,0.0,7.2,0.62,0.0
20230521:0211,0.0,0.0,6.85,0.62,0.0
20230521:0311,0.0,0.0,6.14,0.97,0.0
20230521:0411,11.58,7.28,6.25,0.55,0.0
20230521:0511,81.9,14.34,7.22,0.48,0.0
20230521:0611,204.18,21.85,9.15,0.34,0.0
20230521:0711,416.71,29.43,11.05,0.69,0.0
20230521:0811,604.1,36.69,12.82,0.76,0.0
20230521:0911,828.13,43.09,14.25,1.24,0.0
20230521:1011,948.38,47.94,15.2,1.59,0.0
20230521:1111,943.33,50.48,15.78,2.0,0.0
20230521:1211,1007.01,50.18,16.01,2.55,0.0
20230521:1311,915.81,47.11,16.01,3.17,0.0
20230521:1411,783.09,41.88,15.77,3.59,0.0
20230521:1511,650.91,35.26,15.48,3.66,0.0
20230521:1611,459.4,27.89,14.99,3.31,0.0
20230521:1711,236.81,20.29,14.37,2.83,0.0
20230521:1811,57.29,12.85,13.57,2.41,0.0
20230521:1911,28.13,5.92,13.2,2.14,0.0
20230521:2011,0.0,0.0,11.69,2.34,0.0
20230521:2111,0.0,0.0,10.47,2.41,0.0
20230521:2211,0.0,0.0,9.68,2.41,0.0
20230521:2311,0.0,0.0,9.26,2.48,0.0
20230522:0011,0.0,0.0,9.02,2.34,0.0
20230522:0111,0.0,0.0,8.79,2.21,0.0
20230522:0211,0.0,0.0,8.53,2.0,0.0
20230522:0311,0.0,0.0,8.23,1.86,0.0
20230522:0411,35.57,7.44,8.25,1.72,0.0
20230522:0511,81.9,14.5,9.47,1.52,0.0
20230522:0611,203.45,22.01,11.01,1.79,0.0
20230522:0711,344.54,29.59,12.96,1.52,0.0
20230522:0811,388.13,36.86,14.4,1.86,0.0
20230522:0911,415.35,43.26,15.19,1.93,0.0
20230522:1011,202.68,48.13,15.96,2.0,0.0
20230522:1111,977.4,50.68,16.58,2.41,0.0
20230522:1211,613.46,50.38,16.07,3.1,0.0
20230522:1311,152.46,47.31,15.74,3.66,0.0
20230522:1411,162.32,42.07,15.25,3.38,0.0
20230522:1511,178.38,35.44,14.28,3.59,0.0
20230522:1611,108.52,28.07,12.35,4.14,0.0
20230522:1711,26.01,20.47,10.46,4.0,0.0
20230522:1811,13.45,13.03,9.29,3.59,0.0
20230522:1911,4.96,6.1,8.64,2.83,0.0
20230522:2011,0.0,0.0,8.13,3.17,0.0
20230522:2111,0.0,0.0,7.74,3.66,0.0
20230522:2211,0.0,0.0,7.52,4.0,0.0
20230522:2311,0.0,0.0,7.36,4.28,0.0
20230523:0011,0.0,0.0,7.24,4.55,0.0
20230523:0111,0.0,0.0,7.11,4.83,0.0
20230523:0211,0.0,0.0,7.04,4.9,0.0
20230523:0311,0.0,0.0,6.95,5.17,0.0
20230523:0411,31.44,7.61,7.16,5.72,0.0
20230523:0511,35.57,14.66,7.75,6.41,0.0
20230523:0611,207.82,22.16,8.53,7.38,0.0
20230523:0711,404.63,29.75,9.1,7.59,0.0
20230523:0811,636.78,37.02,9.52,7.31,0.0
20230523:0911,849.21,43.43,10.02,7.31,0.0
20230523:1011,985.09,48.31,10.26,7.45,0.0
20230523:1111,1061.07,50.87,10.38,7.38,0.0
20230523:1211,1085.89,50.58,10.62,7.17,0.0
20230523:1311,996.16,47.5,10.78,6.83,0.0
20230523:1411,844.65,42.25,10.82,6.76,0.0
20230523:1511,613.22,35.61,10.71,6.34,0.0
20230523:1611,372.07,28.24,10.51,5.93,0.0
20230523:1711,188.98,20.64,10.22,5.38,0.0
20230523:1811,73.47,13.2,9.79,4.55,0.0
20230523:1911,4.96,6.28,9.17,3.86,0.0
20230523:2011,0.0,0.0,8.26,3.38,0.0
20230523:2111,0.0,0.0,7.62,2.9,0.0
20230523:2211,0.0,0.0,7.32,2.21,0.0
20230523:2311,0.0,0.0,7.09,1.59,0.0
20230524:0011,0.0,0.0,6.82,1.31,0.0
20230524:0111,0.0,0.0,6.81,0.41,0.0
20230524:0211,0.0,0.0,6.19,1.1,0.0
20230524:0311,0.0,0.0,6.44,1.24,0.0
20230524:0411,6.62,7.76,7.03,1.38,0.0
20230524:0511,14.89,14.81,7.77,1.45,0.0
20230524:0611,63.67,22.31,8.46,1.52,0.0
20230524:0711,83.4,29.9,9.25,1.93,0.0
20230524:0811,137.21,37.17,10.56,2.14,0.0
20230524:0911,167.71,43.6,11.2,2.48,0.0
20230524:1011,188.33,48.48,11.35,2.83,0.0
20230524:1111,196.4,51.06,11.31,3.17,0.0
20230524:1211,199.99,50.77,11.28,3.66,0.0
20230524:1311,229.8,47.68,11.13,4.28,0.0
20230524:1411,270.75,42.43,11.06,4.48,0.0
20230524:1511,464.05,35.79,10.97,4.62,0.0
20230524:1611,264.36,28.41,10.62,4.69,0.0
20230524:1711,191.78,20.81,10.11,4.55,0.0
20230524:1811,66.24,13.37,9.75,4.97,0.0
20230524:1911,29.78,6.46,9.83,3.59,0.0
20230524:2011,0.0,0.0,9.24,3.72,0.0
20230524:2111,0.0,0.0,8.77,4.0,0.0
20230524:2211,0.0,0.0,8.6,4.14,0.0
20230524:2311,0.0,0.0,8.53,4.0,0.0
20230525:0011,0.0,0.0,8.59,4.0,0.0
20230525:0111,0.0,0.0,8.49,4.0,0.0
20230525:0211,0.0,0.0,8.36,4.07,0.0
20230525:0311,0.83,1.65,7.97,3.86,0.0
20230525:0411,26.47,7.91,8.02,3.93,0.0
20230525:0511,55.43,14.95,8.5,4.07,0.0
20230525:0611,200.72,22.45,9.05,5.31,0.0
20230525:0711,401.78,30.04,9.84,4.76,0.0
20230525:0811,609.78,37.32,10.31,4.69,0.0
20230525:0911,733.79,43.75,10.56,4.76,0.0
20230525:1011,772.92,48.65,10.82,4.9,0.0
20230525:1111,508.59,51.24,10.84,4.83,0.0
20230525:1211,838.59,50.95,11.09,4.9,0.0
20230525:1311,821.79,47.86,10.96,4.9,0.0
20230525:1411,751.81,42.6,11.12,5.1,0.0
20230525:1511,571.64,35.95,10.86,5.17,0.0
20230525:1611,401.37,28.58,10.6,5.38,0.0
20230525:1711,178.97,20.97,10.13,5.59,0.0
20230525:1811,62.75,13.54,9.57,5.66,0.0
20230525:1911,17.37,6.63,9.41,4.69,0.0
20230525:2011,0.0,0.0,8.71,5.24,0.0
20230525:2111,0.0,0.0,8.26,4.97,0.0
20230525:2211,0.0,0.0,8.08,5.1,0.0
20230525:2311,0.0,0.0,7.99,5.38,0.0
20230526:0011,0.0,0.0,7.99,5.38,0.0
20230526:0111,0.0,0.0,7.96,5.24,0.0
20230526:0211,0.0,0.0,7.81,5.1,0.0
20230526:0311,0.83,1.8,7.85,5.03,0.0
20230526:0411,18.2,8.05,7.9,4.76,0.0
20230526:0511,72.8,15.09,8.21,4.9,0.0
20230526:0611,132.62,22.58,8.7,5.31,0.0
20230526:0711,219.49,30.18,8.85,4.41,0.0
20230526:0811,435.01,37.46,9.59,4.41,0.0
20230526:0911,670.4,43.9,9.75,4.55,0.0
20230526:1011,571.99,48.82,10.18,4.83,0.0
20230526:1111,772.78,51.41,10.55,5.17,0.0
20230526:1211,621.6,51.13,11.09,5.03,0.0
20230526:1311,623.55,48.04,11.28,4.83,0.0
20230526:1411,526.2,42.77,11.42,4.76,0.0
20230526:1511,464.87,36.12,11.33,4.55,0.0
20230526:1611,322.01,28.74,11.07,4.14,0.0
20230526:1711,218.75,21.14,10.52,3.79,0.0
20230526:1811,85.71,13.7,10.05,3.52,0.0
20230526:1911,30.61,6.79,9.52,2.76,0.0
20230526:2011,0.0,0.0,8.62,2.14,0.0
20230526:2111,0.0,0.0,8.07,1.66,0.0
20230526:2211,0.0,0.0,7.76,1.45,0.0
20230526:2311,0.0,0.0,7.52,1.31,0.0
20230527:0011,0.0,0.0,7.34,1.24,0.0
20230527:0111,0.0,0.0,7.35,1.1,0.0
20230527:0211,0.0,0.0,7.11,1.31,0.0
20230527:0311,0.83,1.95,7.24,1.45,0.0
20230527:0411,6.62,8.19,7.25,1.59,0.0
20230527:0511,24.82,15.22,7.88,2.0,0.0
20230527:0611,95.06,22.71,8.23,2.62,0.0
20230527:0711,168.67,30.31,8.69,3.59,0.0
20230527:0811,219.12,37.59,8.89,4.14,0.0
20230527:0911,343.58,44.05,9.56,4.69,0.0
20230527:1011,146.18,48.97,10.38,5.31,0.0
20230527:1111,130.94,51.58,10.53,5.66,0.0
20230527:1211,121.97,51.3,10.52,6.07,0.0
20230527:1311,104.03,48.2,10.21,6.0,0.0
20230527:1411,98.65,42.93,10.02,6.69,0.0
20230527:1511,69.06,36.28,9.85,5.72,0.0
20230527:1611,35.87,28.89,9.57,4.21,0.0
20230527:1711,72.64,21.29,9.55,3.72,0.0
20230527:1811,60.97,13.86,9.85,4.07,0.0
20230527:1911,10.75,6.95,9.74,3.38,0.0
20230527:2011,0.0,0.0,9.33,4.07,0.0
20230527:2111,0.0,0.0,8.78,4.07,0.0
20230527:2211,0.0,0.0,8.24,4.34,0.0
20230527:2311,0.0,0.0,7.9,4.07,0.0
20230528:0011,0.0,0.0,7.63,3.59,0.0
20230528:0111,0.0,0.0,7.5,3.59,0.0
20230528:0211,0.0,0.0,7.22,3.79,0.0
20230528:0311,0.83,2.09,7.27,3.93,0.0
20230528:0411,43.02,8.32,7.34,4.62,0.0
20230528:0511,94.31,15.35,7.6,5.1,0.0
20230528:0611,206.5,22.83,8.04,5.72,0.0
20230528:0711,268.62,30.43,8.72,5.59,0.0
20230528:0811,302.62,37.72,9.09,5.93,0.0
20230528:0911,468.2,44.19,9.09,5.79,0.0
20230528:1011,909.98,49.12,9.7,5.24,0.0
20230528:1111,788.21,51.74,9.8,5.52,0.0
20230528:1211,345.57,51.46,9.97,5.59,0.0
20230528:1311,702.45,48.37,9.83,5.66,0.0
20230528:1411,778.15,43.09,9.58,5.66,0.0
20230528:1511,576.91,36.43,9.22,5.72,0.0
20230528:1611,438.02,29.05,8.83,5.52,0.0
20230528:1711,225.86,21.44,8.56,5.31,0.0
20230528:1811,61.24,14.02,8.08,4.97,0.0
20230528:1911,28.96,7.11,8.05,4.41,0.0
20230528:2011,0.0,0.0,7.34,3.86,0.0
20230528:2111,0.0,0.0,6.73,3.66,0.0
20230528:2211,0.0,0.0,6.35,3.45,0.0
20230528:2311,0.0,0.0,6.17,3.31,0.0
20230529:0011,0.0,0.0,5.96,2.97,0.0
20230529:0111,0.0,0.0,5.93,2.62,0.0
20230529:0211,0.0,0.0,5.9,2.14,0.0
20230529:0311,0.83,2.22,5.78,1.66,0.0
20230529:0411,25.65,8.45,5.91,1.1,0.0
20230529:0511,91.83,15.47,6.9,0.62,0.0
20230529:0611,202.33,22.95,7.67,0.76,0.0
20230529:0711,183.03,30.55,8.51,1.03,0.0
20230529:0811,330.7,37.84,9.37,2.0,0.0
20230529:0911,186.54,44.32,9.75,2.76,0.0
20230529:1011,168.6,49.27,10.21,3.52,0.0
20230529:1111,238.19,51.89,10.11,4.21,0.0
20230529:1211,225.64,51.62,10.12,4.14,0.0
20230529:1311,121.97,48.53,9.73,3.86,0.0
20230529:1411,121.07,43.25,9.8,3.86,0.0
20230529:1511,113.0,36.58,9.85,3.79,0.0
20230529:1611,110.31,29.2,9.69,4.0,0.0
20230529:1711,57.4,21.59,9.7,4.55,0.0
20230529:1811,28.7,14.17,9.64,4.55,0.0
20230529:1911,6.62,7.26,9.29,3.45,0.0
20230529:2011,0.0,0.0,9.12,3.45,0.0
20230529:2111,0.0,0.0,8.98,3.52,0.0
20230529:2211,0.0,0.0,8.94,3.72,0.0
20230529:2311,0.0,0.0,8.92,3.86,0.0
20230530:0011,0.0,0.0,8.91,3.86,0.0
20230530:0111,0.0,0.0,8.76,3.66,0.0
20230530:0211,0.0,0.0,8.59,3.31,0.0
20230530:0311,0.83,2.34,8.33,2.9,0.0
20230530:0411,19.86,8.57,8.45,2.62,0.0
20230530:0511,47.98,15.58,8.89,3.17,0.0
20230530:0611,117.57,23.06,9.21,3.31,0.0
20230530:0711,190.2,30.66,9.72,3.59,0.0
20230530:0811,301.6,37.96,10.27,3.24,0.0
20230530:0911,393.63,44.44,10.77,2.9,0.0
20230530:1011,420.64,49.4,11.7,2.9,0.0
20230530:1111,571.57,52.04,12.42,3.45,0.0
20230530:1211,863.85,51.78,12.5,4.14,0.0
20230530:1311,909.28,48.68,12.6,4.62,0.0
20230530:1411,849.39,43.4,12.3,4.76,0.0
20230530:1511,669.62,36.73,12.2,4.76,0.0
20230530:1611,452.92,29.34,11.84,4.69,0.0
20230530:1711,234.54,21.74,11.28,4.62,0.0
20230530:1811,91.55,14.31,10.57,4.69,0.0
20230530:1911,38.88,7.41,9.87,4.21,0.0
20230530:2011,0.0,0.0,9.21,3.86,0.0
20230530:2111,0.0,0.0,8.55,3.66,0.0
20230530:2211,0.0,0.0,8.27,3.79,0.0
20230530:2311,0.0,0.0,8.13,3.79,0.0
20230531:0011,0.0,0.0,8.04,3.66,0.0
20230531:0111,0.0,0.0,8.09,3.59,0.0
20230531:0211,0.0,0.0,8.29,3.45,0.0
20230531:0311,1.65,2.46,8.43,3.38,0.0
20230531:0411,7.45,8.68,8.69,3.1,0.0
20230531:0511,26.47,15.69,9.08,3.24,0.0
20230531:0611,91.48,23.16,9.5,3.45,0.0
20230531:0711,146.18,30.76,9.91,3.52,0.0
20230531:0811,177.8,38.07,10.31,3.86,0.0
20230531:0911,228.06,44.56,10.71,3.93,0.0
20230531:1011,235.02,49.53,11.24,4.62,0.0
20230531:1111,288.65,52.18,11.7,4.83,0.0
20230531:1211,300.41,51.93,11.87,4.76,0.0
20230531:1311,419.6,48.83,11.72,4.76,0.0
20230531:1411,365.46,43.54,11.64,4.9,0.0
20230531:1511,242.67,36.87,11.4,5.03,0.0
20230531:1611,242.87,29.48,10.99,5.17,0.0
20230531:1711,134.75,21.87,10.58,5.24,0.0
20230531:1811,64.58,14.45,10.05,5.24,0.0
20230531:1911,22.34,7.56,9.69,4.48,0.0
20230531:2011,0.0,0.0,9.07,4.21,0.0
20230531:2111,0.0,0.0,8.62,4.21,0.0
20230531:2211,0.0,0.0,8.29,4.21,0.0
20230531:2311,0.0,0.0,8.13,4.21,0.0
20230601:0011,0.0,0.0,7.99,4.55,0.0
20230601:0111,0.0,0.0,7.9,4.76,0.0
20230601:0211,0.0,0.0,7.91,5.03,0.0
20230601:0311,1.65,2.58,7.9,5.52,0.0
20230601:0411,36.4,8.78,7.96,6.0,0.0
20230601:0511,96.79,15.79,7.92,6.48,0.0
20230601:0611,214.3,23.26,7.79,6.83,0.0
20230601:0711,400.54,30.86,8.56,6.83,0.0
20230601:0811,646.18,38.17,8.96,6.97,0.0
20230601:0911,822.21,44.67,9.33,6.97,0.0
20230601:1011,973.06,49.66,10.1,7.17,0.0
20230601:1111,1060.92,52.32,10.75,7.38,0.0
20230601:1211,1081.04,52.07,11.31,7.59,0.0
20230601:1311,998.48,48.97,11.45,7.79,0.0
20230601:1411,881.15,43.68,11.37,7.86,0.0
20230601:1511,693.06,37.0,11.22,7.86,0.0
20230601:1611,480.19,29.61,10.82,7.72,0.0
20230601:1711,258.94,22.01,10.22,7.59,0.0
20230601:1811,58.9,14.59,9.49,7.24,0.0
20230601:1911,33.09,7.69,9.62,6.55,0.0
20230601:2011,0.83,1.65,8.97,6.48,0.0
20230601:2111,0.0,0.0,8.38,5.86,0.0
20230601:2211,0.0,0.0,7.97,5.66,0.0
20230601:2311,0.0,0.0,7.67,5.52,0.0
20230602:0011,0.0,0.0,7.39,5.24,0.0
20230602:0111,0.0,0.0,7.15,4.9,0.0
20230602:0211,0.0,0.0,6.92,4.62,0.0
20230602:0311,1.65,2.68,6.72,4.41,0.0
20230602:0411,38.88,8.88,6.9,4.21,0.0
20230602:0511,57.91,15.88,7.68,3.93,0.0
20230602:0611,214.76,23.35,8.76,3.93,0.0
20230602:0711,441.17,30.95,10.58,2.34,0.0
20230602:0811,651.93,38.27,11.95,2.0,0.0
20230602:0911,842.82,44.78,13.02,2.21,0.0
20230602:1011,971.38,49.77,13.55,2.69,0.0
20230602:1111,1064.69,52.45,13.73,3.03,0.0
20230602:1211,1054.05,52.2,13.67,3.17,0.0
20230602:1311,996.82,49.11,13.45,3.31,0.0
20230602:1411,875.49,43.81,13.2,3.52,0.0
20230602:1511,664.18,37.14,12.82,3.79,0.0
20230602:1611,462.26,29.74,12.36,3.93,0.0
20230602:1711,235.29,22.14,11.78,4.07,0.0
20230602:1811,61.64,14.72,10.96,4.34,0.0
20230602:1911,33.92,7.83,10.74,3.31,0.0
20230602:2011,0.83,1.79,9.81,3.03,0.0
20230602:2111,0.0,0.0,8.9,2.97,0.0
20230602:2211,0.0,0.0,8.32,3.03,0.0
20230602:2311,0.0,0.0,7.96,3.24,0.0
20230603:0011,0.0,0.0,7.73,3.45,0.0
20230603:0111,0.0,0.0,7.6,3.72,0.0
20230603:0211,0.0,0.0,7.44,3.79,0.0
20230603:0311,1.65,2.78,7.35,3.79,0.0
20230603:0411,44.67,8.98,7.56,4.0,0.0
20230603:0511,96.79,15.97,8.42,4.9,0.0
20230603:0611,208.14,23.44,9.32,4.07,0.0
20230603:0711,380.67,31.04,10.18,4.07,0.0
20230603:0811,637.89,38.36,11.15,4.07,0.0
20230603:0911,806.53,44.87,11.95,4.28,0.0
20230603:1011,913.75,49.88,12.36,4.69,0.0
20230603:1111,1042.16,52.57,12.41,5.03,0.0
20230603:1211,1062.16,52.33,12.48,5.24,0.0
20230603:1311,975.42,49.24,12.43,5.24,0.0
20230603:1411,851.21,43.94,12.34,5.31,0.0
20230603:1511,669.5,37.26,12.16,5.59,0.0
20230603:1611,458.39,29.87,11.8,5.66,0.0
20230603:1711,249.23,22.26,11.42,5.59,0.0
20230603:1811,72.2,14.85,10.87,5.38,0.0
20230603:1911,42.19,7.96,10.27,5.1,0.0
20230603:2011,0.83,1.92,9.56,5.1,0.0
20230603:2111,0.0,0.0,8.87,4.9,0.0
20230603:2211,0.0,0.0,8.47,4.76,0.0
20230603:2311,0.0,0.0,8.16,4.55,0.0
20230604:0011,0.0,0.0,7.87,4.28,0.0
20230604:0111,0.0,0.0,7.57,4.0,0.0
20230604:0211,0.0,0.0,7.37,3.93,0.0
20230604:0311,1.65,2.88,7.19,3.79,0.0
20230604:0411,8.27,9.06,7.42,3.59,0.0
20230604:0511,52.95,16.05,8.23,3.59,0.0
20230604:0611,201.72,23.52,9.39,3.45,0.0
20230604:0711,437.19,31.12,9.95,2.97,0.0
20230604:0811,654.17,38.44,11.42,2.76,0.0
20230604:0911,833.02,44.97,12.89,2.76,0.0
20230604:1011,980.63,49.99,14.17,2.83,0.0
20230604:1111,1045.15,52.68,15.06,3.03,0.0
20230604:1211,1070.88,52.46,15.57,3.24,0.0
20230604:1311,996.8,49.36,15.85,3.66,0.0
20230604:1411,870.5,44.07,15.79,3.86,0.0
20230604:1511,664.91,37.38,15.57,4.0,0.0
20230604:1611,482.53,29.99,14.99,4.21,0.0
20230604:1711,262.92,22.39,14.25,4.48,0.0
20230604:1811,64.68,14.97,13.35,4.55,0.0
20230604:1911,43.85,8.08,12.79,3.86,0.0
20230604:2011,0.83,2.04,11.68,4.07,0.0
20230604:2111,0.0,0.0,10.64,4.21,0.0
20230604:2211,0.0,0.0,9.88,4.28,0.0
20230604:2311,0.0,0.0,9.33,4.41,0.0
20230605:0011,0.0,0.0,8.89,4.41,0.0
20230605:0111,0.0,0.0,8.49,4.34,0.0
20230605:0211,0.0,0.0,8.1,4.34,0.0
20230605:0311,1.65,2.96,7.79,4.28,0.0
20230605:0411,50.47,9.14,7.86,4.07,0.0
20230605:0511,98.45,16.13,8.51,4.28,0.0
20230605:0611,178.95,23.59,9.32,4.41,0.0
20230605:0711,235.65,31.19,10.18,4.34,0.0
20230605:0811,574.42,38.52,11.16,4.41,0.0
20230605:0911,682.9,45.05,11.91,4.55,0.0
20230605:1011,869.67,50.08,12.36,4.9,0.0
20230605:1111,948.1,52.79,12.85,5.31,0.0
20230605:1211,1052.2,52.57,12.79,5.66,0.0
20230605:1311,984.02,49.48,12.94,5.93,0.0
20230605:1411,865.0,44.19,12.81,6.14,0.0
20230605:1511,697.32,37.5,12.56,6.34,0.0
20230605:1611,485.69,30.1,12.13,6.48,0.0
20230605:1711,262.15,22.5,11.53,6.55,0.0
20230605:1811,68.56,15.09,10.81,6.41,0.0
20230605:1911,34.75,8.2,10.12,5.86,0.0
20230605:2011,0.83,2.16,9.38,5.79,0.0
20230605:2111,0.0,0.0,8.78,5.52,0.0
20230605:2211,0.0,0.0,8.35,5.24,0.0
20230605:2311,0.0,0.0,8.06,5.1,0.0
20230606:0011,0.0,0.0,7.85,4.97,0.0
20230606:0111,0.0,0.0,7.71,4.97,0.0
20230606:0211,0.0,0.0,7.7,5.03,0.0
20230606:0311,2.48,3.04,7.6,5.03,0.0
20230606:0411,37.23,9.22,7.88,5.03,0.0
20230606:0511,59.57,16.2,8.67,5.24,0.0
20230606:0611,215.01,23.66,9.7,5.79,0.0
20230606:0711,0.0,0.0,10.57,6.55,0.0
20230606:0811,657.62,38.59,11.6,6.76,0.0
20230606:0911,837.12,45.13,12.57,6.62,0.0
20230606:1011,974.54,50.17,13.24,6.69,0.0
20230606:1111,1045.7,52.89,13.67,6.83,0.0
20230606:1211,1053.23,52.68,13.94,6.83,0.0
20230606:1311,985.15,49.6,13.93,6.83,0.0
20230606:1411,866.26,44.3,13.74,6.83,0.0
20230606:1511,694.9,37.61,13.44,6.76,0.0
20230606:1611,486.98,30.22,12.94,6.62,0.0
20230606:1711,264.42,22.61,12.34,6.41,0.0
20230606:1811,70.05,15.2,11.56,6.14,0.0
20230606:1911,36.4,8.31,10.91,5.66,0.0
20230606:2011,0.83,2.27,10.02,5.24,0.0
20230606:2111,0.0,0.0,9.27,4.97,0.0
20230606:2211,0.0,0.0,8.72,4.76,0.0
20230606:2311,0.0,0.0,8.32,4.62,0.0
20230607:0011,0.0,0.0,8.03,4.48,0.0
20230607:0111,0.0,0.0,7.8,4.41,0.0
20230607:0211,0.0,0.0,7.65,4.55,0.0
20230607:0311,1.65,3.12,7.58,4.55,0.0
20230607:0411,13.24,9.29,7.82,4.34,0.0
20230607:0511,98.45,16.26,8.73,4.76,0.0
20230607:0611,215.28,23.72,9.69,4.55,0.0
20230607:0711,441.17,31.32,11.01,4.34,0.0
20230607:0811,649.23,38.66,12.17,4.62,0.0
20230607:0911,835.59,45.2,13.08,5.03,0.0
20230607:1011,972.72,50.26,13.59,5.38,0.0
20230607:1111,1049.42,52.99,13.81,5.72,0.0
20230607:1211,1051.32,52.79,13.76,6.0,0.0
20230607:1311,990.25,49.7,13.73,6.07,0.0
20230607:1411,871.21,44.41,13.59,6.14,0.0
20230607:1511,703.34,37.72,13.32,6.07,0.0
20230607:1611,493.23,30.32,12.89,6.0,0.0
20230607:1711,267.41,22.72,12.34,5.86,0.0
20230607:1811,67.47,15.3,11.66,5.72,0.0
20230607:1911,33.92,8.42,10.91,5.31,0.0
20230607:2011,1.65,2.38,10.09,5.1,0.0
20230607:2111,0.0,0.0,9.33,4.9,0.0
20230607:2211,0.0,0.0,8.88,4.9,0.0
20230607:2311,0.0,0.0,8.52,4.97,0.0
20230608:0011,0.0,0.0,8.27,5.03,0.0
20230608:0111,0.0,0.0,8.07,5.03,0.0
20230608:0211,0.0,0.0,7.89,5.03,0.0
20230608:0311,1.65,3.19,7.76,4.69,0.0
20230608:0411,30.61,9.35,7.96,4.28,0.0
20230608:0511,81.08,16.32,8.71,4.41,0.0
20230608:0611,185.84,23.78,9.61,4.41,0.0
20230608:0711,410.03,31.38,10.67,4.14,0.0
20230608:0811,637.78,38.72,11.98,4.07,0.0
20230608:0911,829.4,45.27,13.08,3.86,0.0
20230608:1011,976.58,50.33,14.18,3.79,0.0
20230608:1111,1041.08,53.08,14.99,4.07,0.0
20230608:1211,1049.94,52.89,15.38,4.48,0.0
20230608:1311,988.96,49.81,15.57,4.69,0.0
20230608:1411,864.76,44.51,15.64,4.55,0.0
20230608:1511,698.79,37.82,15.68,4.28,0.0
20230608:1611,485.92,30.42,15.43,3.79,0.0
20230608:1711,264.58,22.82,14.82,3.66,0.0
20230608:1811,74.74,15.41,13.82,3.31,0.0
20230608:1911,42.19,8.52,12.79,2.34,0.0
20230608:2011,1.65,2.48,11.67,1.79,0.0
20230608:2111,0.0,0.0,10.43,1.52,0.0
20230608:2211,0.0,0.0,9.5,1.31,0.0
20230608:2311,0.0,0.0,8.77,0.76,0.0
20230609:0011,0.0,0.0,9.18,0.21,0.0
20230609:0111,0.0,0.0,9.26,0.28,0.0
20230609:0211,0.0,0.0,8.79,0.62,0.0
20230609:0311,1.65,3.25,7.67,1.1,0.0
20230609:0411,38.88,9.4,7.64,1.38,0.0
20230609:0511,95.14,16.37,9.99,0.76,0.0
20230609:0611,210.13,23.82,14.05,0.9,0.0
20230609:0711,414.94,31.43,15.66,0.55,0.0
20230609:0811,620.08,38.77,17.99,0.83,0.0
20230609:0911,786.78,45.33,19.82,1.03,0.0
20230609:1011,927.14,50.4,20.61,1.24,0.0
20230609:1111,904.7,53.16,20.28,1.66,0.0
20230609:1211,904.38,52.98,19.97,2.48,0.0
20230609:1311,890.31,49.9,19.09,3.31,0.0
20230609:1411,779.29,44.61,17.89,3.66,0.0
20230609:1511,620.82,37.92,17.02,3.52,0.0
20230609:1611,415.98,30.52,16.19,3.17,0.0
20230609:1711,257.37,22.92,15.46,2.69,0.0
20230609:1811,85.95,15.5,15.07,2.62,0.0
20230609:1911,41.37,8.62,13.98,2.14,0.0
20230609:2011,1.65,2.58,13.12,1.59,0.0
20230609:2111,0.0,0.0,12.02,1.72,0.0
20230609:2211,0.0,0.0,11.2,1.93,0.0
20230609:2311,0.0,0.0,10.7,2.07,0.0
20230610:0011,0.0,0.0,10.37,2.14,0.0
20230610:0111,0.0,0.0,10.04,2.21,0.0
20230610:0211,0.0,0.0,9.69,2.28,0.0
20230610:0311,2.48,3.3,9.43,2.41,0.0
20230610:0411,43.85,9.45,10.34,2.41,0.0
20230610:0511,68.67,16.41,12.77,2.21,0.0
20230610:0611,211.92,23.87,15.49,2.28,0.0
20230610:0711,429.4,31.47,17.48,3.24,0.0
20230610:0811,634.55,38.81,19.06,3.72,0.0
20230610:0911,820.12,45.38,19.98,4.28,0.0
20230610:1011,944.42,50.47,20.41,4.97,0.0
20230610:1111,1019.92,53.24,20.33,5.24,0.0
20230610:1211,1034.27,53.06,19.83,5.38,0.0
20230610:1311,974.88,49.99,19.26,5.45,0.0
20230610:1411,852.71,44.7,18.96,5.31,0.0
20230610:1511,685.43,38.01,18.89,4.97,0.0
20230610:1611,462.45,30.61,18.52,4.41,0.0
20230610:1711,263.93,23.01,17.88,3.72,0.0
20230610:1811,97.54,15.59,17.15,3.1,0.0
20230610:1911,36.4,8.71,16.14,2.28,0.0
20230610:2011,2.48,2.67,15.14,1.79,0.0
20230610:2111,0.0,0.0,14.07,1.72,0.0
20230610:2211,0.0,0.0,13.4,1.72,0.0
20230610:2311,0.0,0.0,13.06,1.86,0.0
20230611:0011,0.0,0.0,12.69,2.07,0.0
20230611:0111,0.0,0.0,12.12,2.28,0.0
20230611:0211,0.0,0.0,11.62,2.55,0.0
20230611:0311,2.48,3.35,11.33,2.9,0.0
20230611:0411,38.88,9.49,11.93,3.03,0.0
20230611:0511,64.53,16.45,13.64,2.9,0.0
20230611:0611,211.65,23.9,15.99,3.03,0.0
20230611:0711,424.92,31.5,17.94,3.79,0.0
20230611:0811,634.59,38.85,19.44,3.86,0.0
20230611:0911,816.53,45.43,20.72,3.72,0.0
20230611:1011,945.74,50.52,21.48,3.66,0.0
20230611:1111,1026.98,53.3,21.62,3.72,0.0
20230611:1211,1034.61,53.14,21.19,4.07,0.0
20230611:1311,969.66,50.08,20.97,4.28,0.0
20230611:1411,850.22,44.78,20.9,4.34,0.0
20230611:1511,667.34,38.09,20.74,4.41,0.0
20230611:1611,479.79,30.7,20.4,4.41,0.0
20230611:1711,258.42,23.09,19.72,4.28,0.0
20230611:1811,101.56,15.68,19.11,3.86,0.0
20230611:1911,7.45,8.79,18.01,2.41,0.0
20230611:2011,1.65,2.76,17.29,2.07,0.0
20230611:2111,0.0,0.0,16.62,2.41,0.0
20230611:2211,0.0,0.0,16.35,3.17,0.0
20230611:2311,0.0,0.0,16.52,3.72,0.0
20230612:0011,0.0,0.0,16.56,4.07,0.0
20230612:0111,0.0,0.0,16.21,4.28,0.0
20230612:0211,0.0,0.0,15.74,4.34,0.0
20230612:0311,2.48,3.39,15.41,4.48,0.0
20230612:0411,52.12,9.53,15.45,4.48,0.0
20230612:0511,25.65,16.48,15.98,3.93,0.0
20230612:0611,86.99,23.93,16.8,4.0,0.0
20230612:0711,181.83,31.54,18.08,4.62,0.0
20230612:0811,303.57,38.89,18.94,4.76,0.0
20230612:0911,0.0,0.0,19.67,4.55,0.0
20230612:1011,240.34,50.57,19.87,4.41,0.0
20230612:1111,139.01,53.37,20.13,4.62,0.0
20230612:1211,133.63,53.21,20.04,4.62,0.0
20230612:1311,235.06,50.15,19.85,4.62,0.0
20230612:1411,457.13,44.86,19.67,4.55,0.0
20230612:1511,631.2,38.18,19.16,4.28,0.0
20230612:1611,467.66,30.78,18.72,3.72,0.0
20230612:1711,246.15,23.17,18.12,2.9,0.0
20230612:1811,91.74,15.76,17.35,2.07,0.0
20230612:1911,43.02,8.87,16.78,1.03,0.0
20230612:2011,4.96,2.83,15.86,0.83,0.0
20230612:2111,0.0,0.0,14.44,0.76,0.0
20230612:2211,0.0,0.0,14.21,0.69,0.0
20230612:2311,0.0,0.0,13.18,0.9,0.0
20230613:0011,0.0,0.0,12.21,1.1,0.0
20230613:0111,0.0,0.0,11.1,1.52,0.0
20230613:0211,0.0,0.0,10.63,1.72,0.0
20230613:0311,14.89,3.43,10.53,1.66,0.0
20230613:0411,8.27,9.56,11.39,1.52,0.0
20230613:0511,26.47,16.51,13.55,1.45,0.0
20230613:0611,65.47,23.96,15.9,1.38,0.0
20230613:0711,239.36,31.56,16.75,1.17,0.0
20230613:0811,544.66,38.92,18.36,1.17,0.0
20230613:0911,799.5,45.5,18.96,1.66,0.0
20230613:1011,858.83,50.62,20.73,2.21,0.0
20230613:1111,975.22,53.42,21.33,2.62,0.0
20230613:1211,969.36,53.28,22.0,3.17,0.0
20230613:1311,927.38,50.22,22.09,3.66,0.0
20230613:1411,746.1,44.94,21.64,4.14,0.0
20230613:1511,549.46,38.25,20.79,4.34,0.0
20230613:1611,404.13,30.85,19.96,4.21,0.0
20230613:1711,260.55,23.25,19.24,3.86,0.0
20230613:1811,76.94,15.83,18.46,3.31,0.0
20230613:1911,41.37,8.95,17.31,2.76,0.0
20230613:2011,1.65,2.91,16.24,2.48,0.0
20230613:2111,0.0,0.0,15.2,2.41,0.0
20230613:2211,0.0,0.0,14.42,2.21,0.0
20230613:2311,0.0,0.0,13.75,2.14,0.0
20230614:0011,0.0,0.0,13.2,2.14,0.0
20230614:0111,0.0,0.0,12.66,2.28,0.0
20230614:0211,0.0,0.0,12.28,2.41,0.0
20230614:0311,10.75,3.46,12.07,2.41,0.0
20230614:0411,41.37,9.59,12.42,2.41,0.0
20230614:0511,71.98,16.53,13.55,2.21,0.0
20230614:0611,207.33,23.98,15.2,2.34,0.0
20230614:0711,410.46,31.58,17.61,2.21,0.0
20230614:0811,615.62,38.94,19.38,2.07,0.0
20230614:0911,796.36,45.53,20.85,2.21,0.0
20230614:1011,924.21,50.65,21.72,2.69,0.0
20230614:1111,985.33,53.47,21.84,3.31,0.0
20230614:1211,917.85,53.33,21.68,3.86,0.0
20230614:1311,911.78,50.29,21.22,4.14,0.0
20230614:1411,837.2,45.0,20.95,3.52,0.0
20230614:1511,673.99,38.32,20.27,2.97,0.0
20230614:1611,487.61,30.92,19.55,3.03,0.0
20230614:1711,270.1,23.32,19.01,3.03,0.0
20230614:1811,83.01,15.9,18.24,2.9,0.0
20230614:1911,45.5,9.02,16.77,2.9,0.0
20230614:2011,1.65,2.98,15.49,2.76,0.0
20230614:2111,0.0,0.0,14.32,2.69,0.0
20230614:2211,0.0,0.0,13.49,2.62,0.0
20230614:2311,0.0,0.0,12.9,2.48,0.0
20230615:0011,0.0,0.0,12.44,2.41,0.0
20230615:0111,0.0,0.0,12.13,2.48,0.0
20230615:0211,0.0,0.0,11.91,2.41,0.0
20230615:0311,14.89,3.48,11.73,2.28,0.0
20230615:0411,50.47,9.6,12.1,2.14,0.0
20230615:0511,69.49,16.55,13.31,2.28,0.0
20230615:0611,206.36,23.99,15.06,2.48,0.0
20230615:0711,412.97,31.59,17.12,2.69,0.0
20230615:0811,614.91,38.95,18.86,2.76,0.0
20230615:0911,791.97,45.55,20.48,2.9,0.0
20230615:1011,923.56,50.68,21.5,3.1,0.0
20230615:1111,1004.2,53.51,22.41,3.24,0.0
20230615:1211,1012.98,53.39,22.97,3.45,0.0
20230615:1311,956.63,50.35,22.89,3.72,0.0
20230615:1411,832.74,45.07,22.61,4.07,0.0
20230615:1511,674.83,38.38,21.82,3.79,0.0
20230615:1611,469.13,30.99,21.74,3.24,0.0
20230615:1711,259.77,23.38,21.37,3.17,0.0
20230615:1811,30.49,15.97,20.64,3.24,0.0
20230615:1911,30.61,9.08,18.59,3.38,0.0
20230615:2011,2.48,3.04,17.41,3.17,0.0
20230615:2111,0.0,0.0,16.12,3.17,0.0
20230615:2211,0.0,0.0,15.01,3.24,0.0
20230615:2311,0.0,0.0,14.28,3.1,0.0
20230616:0011,0.0,0.0,13.8,2.97,0.0
20230616:0111,0.0,0.0,13.32,2.76,0.0
20230616:0211,0.0,0.0,12.92,2.62,0.0
20230616:0311,15.72,3.5,12.59,2.48,0.0
20230616:0411,53.77,9.61,12.84,2.34,0.0
20230616:0511,81.08,16.55,14.07,2.34,0.0
20230616:0611,206.97,24.0,15.76,2.34,0.0
20230616:0711,408.07,31.6,17.78,2.28,0.0
20230616:0811,608.17,38.96,19.33,2.34,0.0
20230616:0911,791.32,45.57,20.54,2.69,0.0
20230616:1011,917.65,50.71,21.41,3.03,0.0
20230616:1111,992.38,53.54,21.95,3.24,0.0
20230616:1211,1001.01,53.43,22.13,3.45,0.0
20230616:1311,944.92,50.4,21.96,3.79,0.0
20230616:1411,818.22,45.12,21.59,4.21,0.0
20230616:1511,656.02,38.44,20.16,3.38,0.0
20230616:1611,455.31,31.04,19.84,2.97,0.0
20230616:1711,242.13,23.44,18.78,3.17,0.0
20230616:1811,54.71,16.03,17.94,2.97,0.0
20230616:1911,9.93,9.14,16.16,3.1,0.0
20230616:2011,1.65,3.09,15.17,2.76,0.0
20230616:2111,0.0,0.0,14.08,2.62,0.0
20230616:2211,0.0,0.0,13.27,2.48,0.0
20230616:2311,0.0,0.0,12.69,2.28,0.0
20230617:0011,0.0,0.0,12.21,2.34,0.0
20230617:0111,0.0,0.0,11.86,2.34,0.0
20230617:0211,0.0,0.0,11.67,2.14,0.0
20230617:0311,15.72,3.51,11.57,1.86,0.0
20230617:0411,8.27,9.62,11.93,1.59,0.0
20230617:0511,43.02,16.56,13.22,1.38,0.0
20230617:0611,140.77,24.0,15.14,1.24,0.0
20230617:0711,297.93,31.6,16.4,0.97,0.0
20230617:0811,594.16,38.96,18.26,1.24,0.0
20230617:0911,782.13,45.57,19.74,1.72,0.0
20230617:1011,905.95,50.72,20.67,2.14,0.0
20230617:1111,986.02,53.57,21.3,2.41,0.0
20230617:1211,994.69,53.47,21.42,2.69,0.0
20230617:1311,926.55,50.44,21.17,2.76,0.0
20230617:1411,807.69,45.17,21.15,2.28,0.0
20230617:1511,657.03,38.49,20.57,0.9,0.0
20230617:1611,442.09,31.1,20.87,1.72,0.0
20230617:1711,242.99,23.49,19.99,2.41,0.0
20230617:1811,104.91,16.08,18.81,2.34,0.0
20230617:1911,38.88,9.19,16.23,2.14,0.0
20230617:2011,1.65,3.14,15.22,1.59,0.0
20230617:2111,0.0,0.0,14.23,1.52,0.0
20230617:2211,0.0,0.0,13.23,1.66,0.0
20230617:2311,0.0,0.0,12.53,1.72,0.0
20230618:0011,0.0,0.0,12.05,1.86,0.0
20230618:0111,0.0,0.0,11.63,2.0,0.0
20230618:0211,0.0,0.0,11.32,2.07,0.0
20230618:0311,14.89,3.51,11.17,2.07,0.0
20230618:0411,8.27,9.62,11.53,1.86,0.0
20230618:0511,91.83,16.55,13.1,1.66,0.0
20230618:0611,191.2,23.99,15.15,1.59,0.0
20230618:0711,355.01,31.59,17.19,1.38,0.0
20230618:0811,596.79,38.96,18.95,1.66,0.0
20230618:0911,785.18,45.58,20.35,2.0,0.0
20230618:1011,916.15,50.73,21.5,1.93,0.0
20230618:1111,990.87,53.59,22.57,2.07,0.0
20230618:1211,993.42,53.5,22.65,2.07,0.0
20230618:1311,938.94,50.48,22.2,0.76,0.0
20230618:1411,800.96,45.22,21.92,0.76,0.0
20230618:1511,159.63,38.54,22.94,0.97,0.0
20230618:1611,459.41,31.15,23.49,1.1,0.0
20230618:1711,261.18,23.54,23.06,1.52,0.0
20230618:1811,94.03,16.13,22.06,1.03,0.0
20230618:1911,48.81,9.23,21.46,1.52,0.0
20230618:2011,1.65,3.18,20.41,1.1,0.0
20230618:2111,0.0,0.0,19.23,0.76,0.0
20230618:2211,0.0,0.0,18.22,0.69,0.0
20230618:2311,0.0,0.0,18.19,0.48,0.0
20230619:0011,0.0,0.0,17.39,0.62,0.0
20230619:0111,0.0,0.0,17.07,0.62,0.0
20230619:0211,0.0,0.0,16.59,0.41,0.0
20230619:0311,14.89,3.51,16.24,0.34,0.0
20230619:0411,52.95,9.61,15.57,0.62,0.0
20230619:0511,86.87,16.54,15.96,0.34,0.0
20230619:0611,205.12,23.98,18.42,0.07,0.0
20230619:0711,399.97,31.58,19.03,0.76,0.0
20230619:0811,562.25,38.95,20.2,0.69,0.0
20230619:0911,555.15,45.57,21.04,0.48,0.0
20230619:1011,467.0,50.74,21.76,0.28,0.0
20230619:1111,726.26,53.6,21.89,1.1,0.0
20230619:1211,573.57,53.52,22.08,1.31,0.0
20230619:1311,449.96,50.52,22.09,0.9,0.0
20230619:1411,455.06,45.26,22.37,1.52,0.0
20230619:1511,211.94,38.58,21.52,2.34,0.0
20230619:1611,171.19,31.19,20.56,2.21,0.0
20230619:1711,54.71,23.58,19.77,2.07,0.0
20230619:1811,17.94,16.17,18.8,1.66,0.0
20230619:1911,9.1,9.27,18.37,1.93,0.0
20230619:2011,1.65,3.22,17.33,1.24,0.0
20230619:2111,0.0,0.0,16.69,0.83,0.0
20230619:2211,0.0,0.0,16.11,1.31,0.0
20230619:2311,0.0,0.0,15.19,1.72,0.0
20230620:0011,0.0,0.0,15.4,2.07,0.0
20230620:0111,0.0,0.0,14.6,2.07,0.0
20230620:0211,0.0,0.0,15.01,1.79,0.0
20230620:0311,15.72,3.5,14.85,1.79,0.0
20230620:0411,12.41,9.6,15.11,1.03,0.0
20230620:0511,44.67,16.53,16.05,0.62,0.0
20230620:0611,108.07,23.96,17.25,0.83,0.0
20230620:0711,244.98,31.57,17.51,0.76,0.0
20230620:0811,390.87,38.94,18.35,0.62,0.0
20230620:0911,436.16,45.56,19.36,1.03,0.0
20230620:1011,603.57,50.73,20.11,2.34,0.0
20230620:1111,466.69,53.61,19.69,2.69,0.0
20230620:1211,784.12,53.54,20.03,2.9,0.0
20230620:1311,670.24,50.54,20.2,2.9,0.0
20230620:1411,598.74,45.29,20.5,3.52,0.0
20230620:1511,627.16,38.62,19.42,2.83,0.0
20230620:1611,445.52,31.22,19.46,1.79,0.0
20230620:1711,209.01,23.62,19.66,1.52,0.0
20230620:1811,54.71,16.2,19.23,1.52,0.0
20230620:1911,47.98,9.31,18.12,1.03,0.0
20230620:2011,1.65,3.25,17.67,0.9,0.0
20230620:2111,0.0,0.0,17.17,1.03,0.0
20230620:2211,0.0,0.0,16.54,0.48,0.0
20230620:2311,0.0,0.0,15.87,1.17,0.0
20230621:0011,0.0,0.0,15.62,1.45,0.0
20230621:0111,0.0,0.0,15.63,1.45,0.0
20230621:0211,0.0,0.0,15.61,1.59,0.0
20230621:0311,14.89,3.49,15.51,1.72,0.0
20230621:0411,8.27,9.58,15.68,1.72,0.0
20230621:0511,16.55,16.51,17.01,1.86,0.0
20230621:0611,28.7,23.94,18.5,2.69,0.0
20230621:0711,83.4,31.54,18.46,3.24,0.0
20230621:0811,221.31,38.92,18.34,3.52,0.0
20230621:0911,236.7,45.54,17.94,3.45,0.0
20230621:1011,133.63,50.72,18.67,3.17,0.0
20230621:1111,165.91,53.61,18.99,3.66,0.0
20230621:1211,162.32,53.55,20.14,5.52,0.0
20230621:1311,137.21,50.56,18.74,5.17,0.0
20230621:1411,106.72,45.31,16.89,5.93,0.0
20230621:1511,171.62,38.65,16.09,5.66,0.0
20230621:1611,77.13,31.26,15.55,5.03,0.0
20230621:1711,67.26,23.65,15.03,4.9,0.0
20230621:1811,39.46,16.23,14.71,4.14,0.0
20230621:1911,14.06,9.33,14.37,3.93,0.0
20230621:2011,1.65,3.27,13.95,3.24,0.0
20230621:2111,0.0,0.0,13.66,2.76,0.0
20230621:2211,0.0,0.0,13.45,2.28,0.0
20230621:2311,0.0,0.0,13.41,1.93,0.0
20230622:0011,0.0,0.0,13.49,2.07,0.0
20230622:0111,0.0,0.0,13.52,2.0,0.0
20230622:0211,0.0,0.0,13.44,2.21,0.0
20230622:0311,14.89,3.46,13.37,2.48,0.0
20230622:0411,8.27,9.56,13.34,2.48,0.0
20230622:0511,33.09,16.48,13.49,2.41,0.0
20230622:0611,182.24,23.91,13.72,2.41,0.0
20230622:0711,362.08,31.51,13.55,2.69,0.0
20230622:0811,522.73,38.89,14.04,2.48,0.0
20230622:0911,545.33,45.52,14.81,2.34,0.0
20230622:1011,739.33,50.71,15.35,2.48,0.0
20230622:1111,809.05,53.6,16.36,2.97,0.0
20230622:1211,918.36,53.56,16.97,3.38,0.0
20230622:1311,849.94,50.58,17.29,3.66,0.0
20230622:1411,759.58,45.33,17.18,3.79,0.0
20230622:1511,628.98,38.67,16.9,3.86,0.0
20230622:1611,444.75,31.28,16.59,3.93,0.0
20230622:1711,264.2,23.68,16.06,3.72,0.0
20230622:1811,105.86,16.26,15.37,3.52,0.0
20230622:1911,42.19,9.35,14.67,2.76,0.0
20230622:2011,1.65,3.29,14.1,2.21,0.0
20230622:2111,0.0,0.0,13.36,2.21,0.0
20230622:2211,0.0,0.0,12.76,2.28,0.0
20230622:2311,0.0,0.0,12.53,2.48,0.0
20230623:0011,0.0,0.0,12.6,2.69,0.0
20230623:0111,0.0,0.0,12.47,2.62,0.0
20230623:0211,0.0,0.0,12.26,2.48,0.0
20230623:0311,14.89,3.44,12.0,2.41,0.0
20230623:0411,51.29,9.53,12.11,2.48,0.0
20230623:0511,78.59,16.45,12.58,3.17,0.0
20230623:0611,205.3,23.88,13.25,3.59,0.0
20230623:0711,358.38,31.48,14.26,3.59,0.0
20230623:0811,521.37,38.86,15.14,3.72,0.0
20230623:0911,723.46,45.49,15.87,3.93,0.0
20230623:1011,932.09,50.68,16.63,4.34,0.0
20230623:1111,1014.83,53.59,17.0,4.69,0.0
20230623:1211,1026.88,53.55,17.25,4.55,0.0
20230623:1311,892.72,50.58,17.16,4.62,0.0
20230623:1411,796.78,45.35,16.96,4.69,0.0
20230623:1511,678.06,38.69,16.54,4.76,0.0
20230623:1611,400.42,31.3,16.06,4.55,0.0
20230623:1711,167.05,23.7,15.54,4.14,0.0
20230623:1811,108.64,16.27,15.0,3.72,0.0
20230623:1911,43.85,9.37,14.15,3.24,0.0
20230623:2011,1.65,3.3,13.46,2.76,0.0
20230623:2111,0.0,0.0,12.65,2.28,0.0
20230623:2211,0.0,0.0,12.09,1.93,0.0
20230623:2311,0.0,0.0,11.58,1.79,0.0
20230624:0011,0.0,0.0,11.18,1.66,0.0
20230624:0111,0.0,0.0,10.67,1.03,0.0
20230624:0211,0.0,0.0,10.28,1.45,0.0
20230624:0311,14.89,3.4,10.18,1.59,0.0
20230624:0411,8.27,9.49,10.89,1.52,0.0
20230624:0511,82.73,16.41,11.93,1.93,0.0
20230624:0611,202.7,23.84,13.37,1.45,0.0
20230624:0711,333.03,31.44,15.31,1.72,0.0
20230624:0811,239.2,38.82,16.52,1.86,0.0
20230624:0911,651.23,45.46,17.7,2.07,0.0
20230624:1011,673.98,50.65,18.43,2.41,0.0
20230624:1111,676.49,53.57,18.91,2.83,0.0
20230624:1211,493.68,53.54,19.41,2.9,0.0
20230624:1311,507.38,50.58,19.89,2.76,0.0
20230624:1411,556.72,45.36,20.27,2.83,0.0
20230624:1511,673.95,38.7,20.31,2.9,0.0
20230624:1611,188.06,31.31,20.07,2.69,0.0
20230624:1711,194.72,23.71,19.65,2.55,0.0
20230624:1811,107.8,16.29,18.91,2.34,0.0
20230624:1911,14.89,9.38,17.7,2.07,0.0
20230624:2011,1.65,3.31,16.92,1.38,0.0
20230624:2111,0.0,0.0,16.18,1.24,0.0
20230624:2211,0.0,0.0,15.53,1.31,0.0
20230624:2311,0.0,0.0,15.24,1.31,0.0
20230625:0011,0.0,0.0,14.81,1.45,0.0
20230625:0111,0.0,0.0,14.46,1.38,0.0
20230625:0211,0.0,0.0,14.36,1.31,0.0
20230625:0311,14.89,3.36,14.37,1.31,0.0
20230625:0411,8.27,9.45,14.59,1.17,0.0
20230625:0511,28.96,16.36,16.06,1.03,0.0
20230625:0611,178.4,23.79,17.2,1.59,0.0
20230625:0711,286.62,31.4,18.2,1.72,0.0
20230625:0811,294.2,38.78,19.14,2.07,0.0
20230625:0911,406.76,45.42,20.14,2.55,0.0
20230625:1011,598.86,50.62,20.9,2.97,0.0
20230625:1111,812.57,53.54,21.61,3.1,0.0
20230625:1211,988.5,53.53,21.75,3.24,0.0
20230625:1311,941.39,50.58,21.76,3.52,0.0
20230625:1411,789.07,45.36,21.56,3.72,0.0
20230625:1511,626.07,38.71,21.1,3.66,0.0
20230625:1611,429.1,31.32,20.45,3.52,0.0
20230625:1711,225.92,23.72,19.73,3.31,0.0
20230625:1811,101.62,16.29,18.98,2.97,0.0
20230625:1911,15.72,9.38,17.94,3.03,0.0
20230625:2011,1.65,3.31,17.44,2.97,0.0
20230625:2111,0.0,0.0,17.05,2.48,0.0
20230625:2211,0.0,0.0,16.8,1.93,0.0
20230625:2311,0.0,0.0,16.55,1.79,0.0
20230626:0011,0.0,0.0,16.25,2.0,0.0
20230626:0111,0.0,0.0,16.11,2.34,0.0
20230626:0211,0.0,0.0,16.11,2.69,0.0
20230626:0311,14.89,3.32,15.99,3.1,0.0
20230626:0411,47.98,9.4,16.68,3.52,0.0
20230626:0511,78.59,16.31,18.13,3.66,0.0
20230626:0611,198.11,23.74,19.77,4.69,0.0
20230626:0711,297.53,31.35,21.21,4.76,0.0
20230626:0811,47.53,38.73,22.33,4.83,0.0
20230626:0911,81.61,45.37,22.56,5.03,0.0
20230626:1011,83.4,50.58,20.56,4.76,0.0
20230626:1111,117.48,53.51,18.88,3.72,0.0
20230626:1211,117.48,53.5,17.92,4.07,0.0
20230626:1311,108.52,50.56,17.18,4.48,0.0
20230626:1411,123.76,45.35,16.47,3.79,0.0
20230626:1511,109.41,38.71,16.07,2.9,0.0
20230626:1611,261.66,31.32,15.89,2.9,0.0
20230626:1711,104.76,23.72,14.84,3.79,0.0
20230626:1811,97.79,16.29,14.07,4.34,0.0
20230626:1911,8.27,9.38,14.4,2.62,0.0
20230626:2011,1.65,3.3,13.93,3.72,0.0
20230626:2111,0.0,0.0,13.35,4.62,0.0
20230626:2211,0.0,0.0,12.95,5.66,0.0
20230626:2311,0.0,0.0,12.66,6.0,0.0
20230627:0011,0.0,0.0,12.48,6.21,0.0
20230627:0111,0.0,0.0,12.34,6.28,0.0
20230627:0211,0.0,0.0,12.2,6.14,0.0
20230627:0311,14.06,3.26,12.11,5.79,0.0
20230627:0411,8.27,9.34,12.08,5.52,0.0
20230627:0511,16.55,16.26,12.18,5.52,0.0
20230627:0611,86.99,23.69,12.39,5.52,0.0
20230627:0711,308.42,31.29,13.07,6.28,0.0
20230627:0811,388.26,38.67,13.52,5.79,0.0
20230627:0911,561.87,45.32,14.15,5.59,0.0
20230627:1011,814.88,50.53,14.62,5.59,0.0
20230627:1111,757.57,53.47,15.11,5.52,0.0
20230627:1211,861.91,53.47,15.68,5.31,0.0
20230627:1311,842.17,50.54,15.83,4.9,0.0
20230627:1411,775.55,45.34,15.84,4.69,0.0
20230627:1511,669.26,38.7,15.64,4.69,0.0
20230627:1611,448.82,31.32,15.4,4.55,0.0
20230627:1711,266.28,23.72,14.98,4.34,0.0
20230627:1811,91.3,16.29,14.52,4.0,0.0
20230627:1911,44.67,9.37,14.11,3.66,0.0
20230627:2011,5.79,3.29,13.46,3.1,0.0
20230627:2111,0.0,0.0,12.8,2.55,0.0
20230627:2211,0.0,0.0,12.3,2.14,0.0
20230627:2311,0.0,0.0,11.91,1.79,0.0
20230628:0011,0.0,0.0,11.61,1.52,0.0
20230628:0111,0.0,0.0,11.14,1.1,0.0
20230628:0211,0.0,0.0,11.15,0.62,0.0
20230628:0311,14.06,3.21,10.57,0.76,0.0
20230628:0411,49.64,9.28,11.43,0.34,0.0
20230628:0511,67.84,16.2,12.34,0.21,0.0
20230628:0611,198.0,23.63,13.98,0.55,0.0
20230628:0711,330.81,31.23,15.14,0.76,0.0
20230628:0811,292.0,38.61,16.49,1.31,0.0
20230628:0911,379.8,45.26,17.69,1.93,0.0
20230628:1011,130.94,50.47,18.77,2.62,0.0
20230628:1111,142.59,53.42,17.94,3.1,0.0
20230628:1211,126.45,53.43,17.54,3.31,0.0
20230628:1311,207.17,50.52,17.56,3.31,0.0
20230628:1411,178.47,45.32,17.14,3.38,0.0
20230628:1511,158.74,38.69,17.32,3.79,0.0
20230628:1611,136.32,31.31,16.99,3.72,0.0
20230628:1711,89.68,23.71,16.74,3.45,0.0
20230628:1811,83.71,16.27,16.6,3.31,0.0
20230628:1911,8.27,9.35,16.56,3.45,0.0
20230628:2011,1.65,3.27,16.08,2.76,0.0
20230628:2111,0.0,0.0,15.64,2.34,0.0
20230628:2211,0.0,0.0,15.42,1.93,0.0
20230628:2311,0.0,0.0,14.92,1.45,0.0
20230629:0011,0.0,0.0,14.73,2.14,0.0
20230629:0111,0.0,0.0,14.15,2.9,0.0
20230629:0211,0.0,0.0,13.67,3.03,0.0
20230629:0311,14.06,3.14,13.4,3.24,0.0
20230629:0411,8.27,9.22,13.21,3.24,0.0
20230629:0511,16.55,16.13,13.31,3.45,0.0
20230629:0611,164.94,23.56,13.61,3.66,0.0
20230629:0711,219.47,31.16,13.78,4.0,0.0
20230629:0811,296.47,38.54,14.24,4.34,0.0
20230629:0911,451.44,45.19,14.9,4.41,0.0
20230629:1011,373.55,50.41,15.4,4.34,0.0
20230629:1111,257.08,53.36,15.82,4.34,0.0
20230629:1211,181.16,53.39,16.14,4.48,0.0
20230629:1311,214.34,50.48,16.08,4.76,0.0
20230629:1411,156.94,45.3,15.73,4.97,0.0
20230629:1511,84.3,38.67,15.05,5.24,0.0
20230629:1611,51.12,31.29,14.14,5.1,0.0
20230629:1711,27.8,23.69,12.86,5.17,0.0
20230629:1811,18.83,16.26,12.15,5.1,0.0
20230629:1911,13.24,9.33,12.67,4.76,0.0
20230629:2011,1.65,3.24,12.81,4.62,0.0
20230629:2111,0.0,0.0,12.77,4.41,0.0
20230629:2211,0.0,0.0,12.76,4.34,0.0
20230629:2311,0.0,0.0,12.64,4.28,0.0
20230630:0011,0.0,0.0,12.48,4.0,0.0
20230630:0111,0.0,0.0,12.26,3.66,0.0
20230630:0211,0.0,0.0,12.05,3.31,0.0
20230630:0311,1.65,3.07,11.68,2.76,0.0
20230630:0411,47.16,9.15,11.8,2.28,0.0
20230630:0511,93.49,16.06,12.32,2.07,0.0
20230630:0611,196.58,23.49,12.98,1.79,0.0
20230630:0711,342.64,31.09,13.56,0.41,0.0
20230630:0811,562.77,38.47,14.6,1.17,0.0
20230630:0911,721.91,45.12,15.33,2.0,0.0
20230630:1011,646.42,50.34,15.76,2.55,0.0
20230630:1111,0.0,0.0,15.98,3.03,0.0
20230630:1211,768.46,53.34,16.32,3.59,0.0
20230630:1311,429.82,50.44,16.35,3.93,0.0
20230630:1411,277.93,45.27,16.0,4.0,0.0
20230630:1511,329.23,38.64,15.97,3.59,0.0
20230630:1611,107.62,31.27,15.94,3.17,0.0
20230630:1711,97.75,23.67,15.78,3.03,0.0
20230630:1811,81.83,16.23,14.95,3.24,0.0
20230630:1911,8.27,9.3,13.88,2.62,0.0
20230630:2011,5.79,3.21,13.19,2.34,0.0
20230630:2111,0.0,0.0,12.9,2.48,0.0
20230630:2211,0.0,0.0,12.48,2.62,0.0
20230630:2311,0.0,0.0,12.33,2.69,0.0
20230701:0011,0.0,0.0,12.25,2.55,0.0
20230701:0111,0.0,0.0,12.19,2.48,0.0
20230701:0211,0.0,0.0,11.89,2.41,0.0
20230701:0311,1.65,3.0,11.52,2.41,0.0
20230701:0411,49.64,9.07,11.57,2.34,0.0
20230701:0511,87.69,15.98,12.21,2.07,0.0
20230701:0611,197.77,23.41,13.4,2.0,0.0
20230701:0711,394.86,31.01,14.95,2.34,0.0
20230701:0811,583.54,38.4,16.0,2.07,0.0
20230701:0911,748.66,45.05,16.96,1.52,0.0
20230701:1011,876.66,50.27,18.18,1.31,0.0
20230701:1111,653.7,53.24,18.84,1.31,0.0
20230701:1211,329.14,53.28,18.78,2.07,0.0
20230701:1311,242.25,50.4,17.69,1.72,0.0
20230701:1411,128.25,45.23,16.51,1.66,0.0
20230701:1511,194.77,38.61,16.29,1.24,0.0
20230701:1611,134.52,31.24,15.53,1.52,0.0
20230701:1711,113.74,23.64,15.2,1.59,0.0
20230701:1811,39.46,16.2,14.76,1.38,0.0
20230701:1911,11.58,9.27,14.39,2.21,0.0
20230701:2011,1.65,3.17,13.89,2.97,0.0
20230701:2111,0.0,0.0,13.71,3.17,0.0
20230701:2211,0.0,0.0,13.54,2.55,0.0
20230701:2311,0.0,0.0,13.26,2.76,0.0
20230702:0011,0.0,0.0,13.09,4.41,0.0
20230702:0111,0.0,0.0,12.26,5.38,0.0
20230702:0211,0.0,0.0,11.85,4.48,0.0
20230702:0311,13.24,2.92,11.92,3.59,0.0
20230702:0411,15.72,8.99,11.99,3.1,0.0
20230702:0511,62.88,15.9,12.11,2.69,0.0
20230702:0611,196.2,23.33,12.51,2.69,0.0
20230702:0711,388.5,30.93,13.39,3.66,0.0
20230702:0811,582.83,38.31,14.16,3.72,0.0
20230702:0911,649.48,44.96,14.97,3.31,0.0
20230702:1011,772.24,50.19,15.68,2.55,0.0
20230702:1111,422.35,53.16,16.18,1.79,0.0
20230702:1211,535.38,53.22,16.84,1.1,0.0
20230702:1311,845.25,50.34,16.07,1.24,0.0
20230702:1411,460.83,45.18,15.43,1.38,0.0
20230702:1511,428.47,38.57,15.18,2.14,0.0
20230702:1611,304.19,31.21,14.64,2.21,0.0
20230702:1711,250.75,23.6,14.26,1.93,0.0
20230702:1811,75.46,16.16,13.38,1.31,0.0
20230702:1911,12.41,9.23,14.0,0.76,0.0
20230702:2011,1.65,3.12,13.5,0.62,0.0
20230702:2111,0.0,0.0,13.21,0.21,0.0
20230702:2211,0.0,0.0,12.2,0.55,0.0
20230702:2311,0.0,0.0,11.12,0.62,0.0
20230703:0011,0.0,0.0,12.32,0.97,0.0
20230703:0111,0.0,0.0,10.94,2.28,0.0
20230703:0211,0.0,0.0,11.26,2.83,0.0
20230703:0311,1.65,2.83,11.42,3.24,0.0
20230703:0411,12.41,8.9,11.56,3.86,0.0
20230703:0511,19.86,15.81,11.79,4.28,0.0
20230703:0611,57.4,23.24,11.86,4.9,0.0
20230703:0711,91.48,30.84,12.76,2.34,0.0
20230703:0811,128.25,38.23,12.54,3.03,0.0
20230703:0911,173.09,44.88,12.33,3.72,0.0
20230703:1011,173.09,50.1,12.13,4.48,0.0
20230703:1111,139.9,53.08,12.16,5.24,0.0
20230703:1211,120.17,53.15,11.97,5.66,0.0
20230703:1311,104.93,50.28,11.87,6.0,0.0
20230703:1411,105.82,45.13,11.8,6.0,0.0
20230703:1511,107.62,38.53,11.95,6.0,0.0
20230703:1611,69.95,31.17,11.93,5.72,0.0
20230703:1711,55.6,23.56,12.31,4.83,0.0
20230703:1811,17.94,16.12,12.56,4.28,0.0
20230703:1911,14.89,9.18,12.32,3.72,0.0
20230703:2011,1.65,3.07,12.26,3.38,0.0
20230703:2111,0.0,0.0,12.26,3.38,0.0
20230703:2211,0.0,0.0,12.39,3.24,0.0
20230703:2311,0.0,0.0,12.38,3.17,0.0
20230704:0011,0.0,0.0,12.29,3.17,0.0
20230704:0111,0.0,0.0,12.08,3.17,0.0
20230704:0211,0.0,0.0,12.06,3.17,0.0
20230704:0311,1.65,2.74,11.94,3.24,0.0
20230704:0411,7.45,8.81,11.86,3.31,0.0
20230704:0511,16.55,15.72,12.11,3.52,0.0
20230704:0611,77.13,23.15,12.38,3.52,0.0
20230704:0711,265.45,30.75,13.08,4.28,0.0
20230704:0811,240.38,38.13,13.46,4.41,0.0
20230704:0911,213.24,44.78,14.1,4.76,0.0
20230704:1011,376.64,50.01,14.5,4.76,0.0
20230704:1111,349.78,52.99,14.67,4.83,0.0
20230704:1211,784.46,53.07,14.67,4.97,0.0
20230704:1311,657.65,50.22,14.58,4.9,0.0
20230704:1411,676.07,45.08,14.61,4.83,0.0
20230704:1511,607.93,38.48,14.36,4.76,0.0
20230704:1611,360.23,31.12,14.04,4.48,0.0
20230704:1711,249.33,23.52,13.7,4.07,0.0
20230704:1811,104.36,16.07,13.32,3.66,0.0
20230704:1911,48.81,9.13,12.96,2.97,0.0
20230704:2011,2.48,3.01,12.46,2.41,0.0
20230704:2111,0.0,0.0,11.91,2.14,0.0
20230704:2211,0.0,0.0,11.38,2.0,0.0
20230704:2311,0.0,0.0,11.09,1.72,0.0
20230705:0011,0.0,0.0,10.77,1.45,0.0
20230705:0111,0.0,0.0,10.2,1.17,0.0
20230705:0211,0.0,0.0,9.69,1.03,0.0
20230705:0311,1.65,2.64,9.33,0.97,0.0
20230705:0411,7.45,8.71,9.28,0.83,0.0
20230705:0511,75.28,15.62,10.9,0.28,0.0
20230705:0611,196.16,23.05,12.15,0.21,0.0
20230705:0711,0.0,0.0,12.71,1.17,0.0
20230705:0811,543.55,38.04,13.7,0.83,0.0
20230705:0911,584.33,44.69,14.61,1.03,0.0
20230705:1011,705.36,49.92,15.51,1.66,0.0
20230705:1111,630.52,52.9,16.33,1.66,0.0
20230705:1211,928.54,52.98,16.72,2.48,0.0
20230705:1311,979.16,50.14,16.58,3.79,0.0
20230705:1411,721.49,45.01,16.27,4.69,0.0
20230705:1511,441.23,38.42,15.6,5.1,0.0
20230705:1611,435.48,31.07,15.03,5.1,0.0
20230705:1711,85.2,23.46,14.63,4.76,0.0
20230705:1811,45.74,16.02,14.28,4.07,0.0
20230705:1911,28.96,9.07,13.56,3.59,0.0
20230705:2011,1.65,2.94,13.26,2.97,0.0
20230705:2111,0.0,0.0,13.04,2.55,0.0
20230705:2211,0.0,0.0,12.85,2.55,0.0
20230705:2311,0.0,0.0,12.7,2.69,0.0
20230706:0011,0.0,0.0,12.51,2.83,0.0
20230706:0111,0.0,0.0,12.07,2.9,0.0
20230706:0211,0.0,0.0,12.04,2.83,0.0
20230706:0311,1.65,2.53,11.9,2.76,0.0
20230706:0411,44.67,8.61,12.0,2.48,0.0
20230706:0511,45.5,15.52,12.11,2.48,0.0
20230706:0611,125.43,22.95,12.28,2.9,0.0
20230706:0711,232.53,30.55,13.74,3.31,0.0
20230706:0811,221.38,37.93,14.59,3.45,0.0
20230706:0911,337.12,44.58,15.32,3.52,0.0
20230706:1011,490.38,49.81,15.67,3.72,0.0
20230706:1111,423.91,52.8,15.69,3.86,0.0
20230706:1211,327.52,52.89,15.88,3.93,0.0
20230706:1311,322.17,50.06,15.93,4.0,0.0
20230706:1411,414.86,44.95,16.02,4.21,0.0
20230706:1511,409.18,38.36,15.95,4.07,0.0
20230706:1611,345.5,31.01,15.76,3.66,0.0
20230706:1711,233.94,23.41,15.32,3.38,0.0
20230706:1811,88.24,15.96,14.92,3.17,0.0
20230706:1911,38.88,9.0,14.36,2.28,0.0
20230706:2011,10.75,2.87,13.82,1.59,0.0
20230706:2111,0.0,0.0,13.2,1.59,0.0
20230706:2211,0.0,0.0,12.69,1.52,0.0
20230706:2311,0.0,0.0,12.15,1.17,0.0
20230707:0011,0.0,0.0,11.38,1.03,0.0
20230707:0111,0.0,0.0,10.62,1.24,0.0
20230707:0211,0.0,0.0,10.26,1.72,0.0
20230707:0311,1.65,2.42,10.33,2.07,0.0
20230707:0411,35.57,8.5,10.7,2.14,0.0
20230707:0511,89.35,15.41,11.56,2.07,0.0
20230707:0611,149.1,22.84,12.57,2.21,0.0
20230707:0711,304.89,30.45,14.0,2.62,0.0
20230707:0811,369.4,37.83,14.9,2.62,0.0
20230707:0911,375.72,44.47,15.94,2.62,0.0
20230707:1011,488.76,49.7,16.26,2.76,0.0
20230707:1111,223.31,52.69,16.55,2.76,0.0
20230707:1211,281.81,52.79,16.36,2.62,0.0
20230707:1311,224.71,49.98,16.35,2.76,0.0
20230707:1411,225.62,44.87,16.33,2.69,0.0
20230707:1511,224.58,38.29,16.2,2.28,0.0
20230707:1611,173.16,30.94,16.31,1.93,0.0
20230707:1711,217.87,23.34,16.22,1.66,0.0
20230707:1811,74.57,15.89,16.18,1.79,0.0
20230707:1911,30.61,8.93,16.07,2.0,0.0
20230707:2011,1.65,2.79,15.72,2.0,0.0
20230707:2111,0.0,0.0,15.13,2.07,0.0
20230707:2211,0.0,0.0,14.85,2.0,0.0
20230707:2311,0.0,0.0,14.52,1.79,0.0
20230708:0011,0.0,0.0,14.21,1.66,0.0
20230708:0111,0.0,0.0,13.92,1.59,0.0
20230708:0211,0.0,0.0,13.57,1.72,0.0
20230708:0311,0.83,2.31,13.28,1.66,0.0
20230708:0411,38.06,8.39,13.35,1.45,0.0
20230708:0511,60.39,15.3,14.35,1.03,0.0
20230708:0611,187.46,22.73,15.9,1.1,0.0
20230708:0711,397.41,30.33,16.95,1.03,0.0
20230708:0811,604.91,37.71,18.05,0.62,0.0
20230708:0911,784.82,44.36,19.06,0.34,0.0
20230708:1011,907.7,49.59,19.95,0.76,0.0
20230708:1111,993.45,52.58,20.42,1.24,0.0
20230708:1211,1013.25,52.69,20.87,1.59,0.0
20230708:1311,960.74,49.88,21.15,2.07,0.0
20230708:1411,850.96,44.79,21.24,2.41,0.0
20230708:1511,685.15,38.22,20.91,2.69,0.0
20230708:1611,418.73,30.87,20.65,2.76,0.0
20230708:1711,269.84,23.27,20.04,2.83,0.0
20230708:1811,84.4,15.82,19.3,2.69,0.0
20230708:1911,39.71,8.85,18.12,2.9,0.0
20230708:2011,11.58,2.71,17.05,2.62,0.0
20230708:2111,0.0,0.0,16.09,2.41,0.0
20230708:2211,0.0,0.0,15.45,2.28,0.0
20230708:2311,0.0,0.0,14.98,2.28,0.0
20230709:0011,0.0,0.0,14.62,2.0,0.0
20230709:0111,0.0,0.0,14.31,1.72,0.0
20230709:0211,0.0,0.0,14.01,1.72,0.0
20230709:0311,0.83,2.19,13.6,1.66,0.0
20230709:0411,40.54,8.27,13.62,1.24,0.0
20230709:0511,58.74,15.18,15.42,0.97,0.0
20230709:0611,185.97,22.61,17.76,1.03,0.0
20230709:0711,392.46,30.22,19.75,2.0,0.0
20230709:0811,605.83,37.6,20.56,2.14,0.0
20230709:0911,780.99,44.24,21.38,1.52,0.0
20230709:1011,919.45,49.47,22.23,1.24,0.0
20230709:1111,999.09,52.46,22.8,1.52,0.0
20230709:1211,1007.46,52.58,23.1,1.45,0.0
20230709:1311,956.31,49.78,23.27,1.38,0.0
20230709:1411,827.02,44.7,23.37,1.31,0.0
20230709:1511,442.26,38.14,23.21,1.31,0.0
20230709:1611,379.69,30.79,23.03,1.24,0.0
20230709:1711,128.51,23.19,22.73,0.97,0.0
20230709:1811,104.0,15.74,22.34,0.69,0.0
20230709:1911,26.47,8.77,21.37,0.83,0.0
20230709:2011,1.65,2.62,20.36,0.41,0.0
20230709:2111,0.0,0.0,19.6,0.41,0.0
20230709:2211,0.0,0.0,19.12,0.55,0.0
20230709:2311,0.0,0.0,17.44,1.17,0.0
20230710:0011,0.0,0.0,16.59,1.93,0.0
20230710:0111,0.0,0.0,16.37,2.97,0.0
20230710:0211,0.0,0.0,15.01,3.31,0.0
20230710:0311,0.83,2.06,14.93,3.03,0.0
20230710:0411,6.62,8.14,14.95,2.69,0.0
20230710:0511,18.2,15.06,14.92,2.21,0.0
20230710:0611,171.36,22.49,14.93,1.45,0.0
20230710:0711,149.67,30.1,15.72,0.83,0.0
20230710:0811,132.73,37.47,16.69,0.76,0.0
20230710:0911,113.9,44.11,16.52,1.1,0.0
20230710:1011,165.91,49.34,16.61,1.59,0.0
20230710:1111,147.98,52.34,16.24,1.86,0.0
20230710:1211,197.3,52.46,16.15,1.79,0.0
20230710:1311,218.44,49.68,16.43,1.86,0.0
20230710:1411,341.88,44.6,16.31,2.14,0.0
20230710:1511,429.75,38.05,16.25,2.28,0.0
20230710:1611,264.45,30.71,16.21,1.79,0.0
20230710:1711,157.46,23.11,16.21,1.24,0.0
20230710:1811,93.54,15.65,16.01,1.38,0.0
20230710:1911,19.03,8.68,15.45,1.17,0.0
20230710:2011,7.45,2.52,15.11,0.62,0.0
20230710:2111,0.0,0.0,14.43,1.52,0.0
20230710:2211,0.0,0.0,13.85,1.86,0.0
20230710:2311,0.0,0.0,13.58,2.0,0.0
20230711:0011,0.0,0.0,13.19,2.14,0.0
20230711:0111,0.0,0.0,12.88,2.14,0.0
20230711:0211,0.0,0.0,12.44,2.34,0.0
20230711:0311,0.83,1.93,12.1,2.48,0.0
20230711:0411,14.89,8.02,12.15,2.48,0.0
20230711:0511,31.44,14.94,12.64,3.1,0.0
20230711:0611,43.94,22.37,13.8,2.9,0.0
20230711:0711,62.78,29.97,14.08,3.03,0.0
20230711:0811,109.41,37.35,14.68,3.31,0.0
20230711:0911,120.17,43.98,15.56,4.62,0.0
20230711:1011,166.81,49.21,15.25,4.9,0.0
20230711:1111,221.52,52.2,14.76,5.24,0.0
20230711:1211,138.11,52.33,15.49,5.45,0.0
20230711:1311,84.3,49.56,15.72,5.31,0.0
20230711:1411,112.1,44.5,15.23,5.1,0.0
20230711:1511,133.63,37.95,14.38,4.69,0.0
20230711:1611,46.63,30.62,14.15,5.24,0.0
20230711:1711,26.9,23.02,14.29,5.38,0.0
20230711:1811,47.53,15.56,14.56,5.17,0.0
20230711:1911,7.45,8.58,14.44,3.86,0.0
20230711:2011,1.65,2.41,14.3,3.59,0.0
20230711:2111,0.0,0.0,14.09,3.86,0.0
20230711:2211,0.0,0.0,14.02,4.14,0.0
20230711:2311,0.0,0.0,13.82,4.41,0.0
20230712:0011,0.0,0.0,13.93,4.69,0.0
20230712:0111,0.0,0.0,13.84,4.97,0.0
20230712:0211,0.0,0.0,13.66,5.17,0.0
20230712:0311,0.83,1.8,13.37,4.83,0.0
20230712:0411,37.23,7.88,13.52,4.9,0.0
20230712:0511,28.96,14.8,13.98,5.45,0.0
20230712:0611,170.85,22.24,14.45,5.79,0.0
20230712:0711,302.19,29.84,14.72,5.66,0.0
20230712:0811,329.7,37.22,14.81,5.24,0.0
20230712:0911,290.38,43.85,15.08,4.28,0.0
20230712:1011,480.59,49.07,16.01,4.0,0.0
20230712:1111,523.96,52.07,16.49,4.07,0.0
20230712:1211,610.09,52.2,16.2,4.41,0.0
20230712:1311,700.72,49.44,16.71,4.0,0.0
20230712:1411,416.65,44.39,16.66,4.14,0.0
20230712:1511,414.63,37.85,16.37,4.07,0.0
20230712:1611,285.58,30.52,16.21,4.41,0.0
20230712:1711,182.4,22.92,15.84,4.62,0.0
20230712:1811,82.1,15.46,15.06,4.76,0.0
20230712:1911,44.67,8.48,14.64,3.93,0.0
20230712:2011,1.65,2.3,14.2,3.72,0.0
20230712:2111,0.0,0.0,13.5,3.79,0.0
20230712:2211,0.0,0.0,13.25,4.07,0.0
20230712:2311,0.0,0.0,12.85,4.21,0.0
20230713:0011,0.0,0.0,12.64,4.07,0.0
20230713:0111,0.0,0.0,12.92,4.07,0.0
20230713:0211,0.0,0.0,13.13,4.07,0.0
20230713:0311,0.83,1.66,12.83,3.52,0.0
20230713:0411,39.71,7.74,12.91,3.52,0.0
20230713:0511,19.86,14.67,13.1,3.45,0.0
20230713:0611,26.01,22.1,13.66,3.66,0.0
20230713:0711,244.16,29.71,13.92,3.72,0.0
20230713:0811,213.2,37.08,13.87,4.48,0.0
20230713:0911,430.19,43.71,14.02,4.62,0.0
20230713:1011,310.29,48.93,14.37,5.1,0.0
20230713:1111,304.88,51.92,14.36,5.24,0.0
20230713:1211,328.5,52.06,15.01,5.1,0.0
20230713:1311,135.42,49.32,15.57,5.24,0.0
20230713:1411,237.45,44.28,15.25,5.1,0.0
20230713:1511,287.15,37.75,15.07,4.69,0.0
20230713:1611,170.59,30.42,14.76,4.69,0.0
20230713:1711,91.48,22.82,14.46,4.28,0.0
20230713:1811,65.61,15.35,13.81,3.93,0.0
20230713:1911,23.99,8.37,13.58,3.45,0.0
20230713:2011,0.83,2.19,13.33,2.9,0.0
20230713:2111,0.0,0.0,12.93,2.34,0.0
20230713:2211,0.0,0.0,12.61,1.93,0.0
20230713:2311,0.0,0.0,12.25,1.66,0.0
20230714:0011,0.0,0.0,11.71,1.31,0.0
20230714:0111,0.0,0.0,11.29,1.03,0.0
20230714:0211,0.0,0.0,10.69,1.03,0.0
20230714:0311,0.83,1.51,10.27,1.03,0.0
20230714:0411,24.82,7.6,10.24,0.9,0.0
20230714:0511,69.49,14.53,11.62,0.9,0.0
20230714:0611,151.76,21.97,12.58,1.03,0.0
20230714:0711,180.83,29.57,13.69,1.59,0.0
20230714:0811,372.35,36.94,14.59,1.59,0.0
20230714:0911,560.51,43.57,15.29,1.59,0.0
20230714:1011,307.15,48.78,16.05,1.79,0.0
20230714:1111,468.69,51.77,16.46,2.14,0.0
20230714:1211,460.16,51.92,16.62,2.34,0.0
20230714:1311,433.5,49.18,16.9,2.28,0.0
20230714:1411,740.56,44.15,17.0,2.14,0.0
20230714:1511,653.41,37.63,16.73,1.79,0.0
20230714:1611,431.69,30.31,16.67,1.31,0.0
20230714:1711,235.49,22.71,16.51,0.9,0.0
20230714:1811,103.12,15.24,16.16,0.69,0.0
20230714:1911,45.5,8.25,15.57,0.69,0.0
20230714:2011,0.83,2.06,14.88,1.45,0.0
20230714:2111,0.0,0.0,13.91,1.86,0.0
20230714:2211,0.0,0.0,13.21,2.07,0.0
20230714:2311,0.0,0.0,12.72,2.14,0.0
20230715:0011,0.0,0.0,12.32,2.21,0.0
20230715:0111,0.0,0.0,12.21,2.41,0.0
20230715:0211,0.0,0.0,12.44,2.48,0.0
20230715:0311,0.83,1.36,12.79,2.62,0.0
20230715:0411,39.71,7.45,13.01,2.76,0.0
20230715:0511,28.13,14.38,13.07,3.03,0.0
20230715:0611,87.89,21.82,13.58,3.31,0.0
20230715:0711,103.13,29.43,15.57,3.93,0.0
20230715:0811,92.37,36.79,16.96,4.41,0.0
20230715:0911,78.02,43.42,17.71,5.17,0.0
20230715:1011,129.14,48.62,17.58,5.24,0.0
20230715:1111,138.11,51.62,17.19,5.93,0.0
20230715:1211,62.78,51.77,16.84,6.0,0.0
20230715:1311,258.91,49.04,17.19,6.41,0.0
20230715:1411,121.07,44.03,17.77,6.55,0.0
20230715:1511,396.09,37.51,18.07,6.62,0.0
20230715:1611,138.32,30.2,17.03,6.83,0.0
20230715:1711,111.89,22.6,16.04,7.03,0.0
20230715:1811,90.0,15.13,15.47,6.9,0.0
20230715:1911,31.44,8.13,15.31,6.07,0.0
20230715:2011,0.83,1.93,14.91,6.0,0.0
20230715:2111,0.0,0.0,14.78,6.07,0.0
20230715:2211,0.0,0.0,14.78,6.34,0.0
20230715:2311,0.0,0.0,14.43,6.83,0.0
20230716:0011,0.0,0.0,13.76,5.86,0.0
20230716:0111,0.0,0.0,13.7,5.59,0.0
20230716:0211,0.0,0.0,13.8,5.45,0.0
20230716:0311,0.0,0.0,13.73,6.0,0.0
20230716:0411,5.79,7.3,13.97,6.34,0.0
20230716:0511,31.44,14.24,14.21,6.28,0.0
20230716:0611,144.82,21.68,14.73,6.41,0.0
20230716:0711,95.06,29.28,15.37,7.03,0.0
20230716:0811,284.74,36.64,15.3,8.21,0.0
20230716:0911,135.42,43.26,15.73,7.86,0.0
20230716:1011,86.99,48.46,15.29,8.69,0.0
20230716:1111,121.07,51.46,14.74,8.34,0.0
20230716:1211,565.9,51.61,15.86,7.38,0.0
20230716:1311,418.59,48.9,16.0,6.83,0.0
20230716:1411,93.27,43.89,16.39,6.48,0.0
20230716:1511,154.25,37.39,15.43,6.69,0.0
20230716:1611,69.95,30.07,15.11,6.0,0.0
20230716:1711,78.92,22.48,14.64,6.69,0.0
20230716:1811,35.87,15.0,14.85,5.72,0.0
20230716:1911,8.27,8.0,14.22,5.38,0.0
20230716:2011,0.83,1.8,13.96,4.9,0.0
20230716:2111,0.0,0.0,13.54,4.28,0.0
20230716:2211,0.0,0.0,13.68,4.21,0.0
20230716:2311,0.0,0.0,13.65,4.21,0.0
20230717:0011,0.0,0.0,13.63,4.41,0.0
20230717:0111,0.0,0.0,13.56,4.21,0.0
20230717:0211,0.0,0.0,13.43,4.55,0.0
20230717:0311,0.0,0.0,13.27,5.31,0.0
20230717:0411,33.92,7.15,13.29,5.72,0.0
20230717:0511,30.61,14.08,13.1,5.72,0.0
20230717:0611,27.8,21.53,13.52,5.86,0.0
20230717:0711,167.52,29.13,13.61,5.86,0.0
20230717:0811,147.08,36.49,14.09,5.66,0.0
20230717:0911,223.96,43.1,14.53,5.59,0.0
20230717:1011,203.58,48.3,14.42,4.97,0.0
20230717:1111,250.04,51.29,15.04,4.69,0.0
20230717:1211,211.65,51.45,15.03,4.83,0.0
20230717:1311,180.26,48.75,14.4,5.59,0.0
20230717:1411,182.95,43.75,13.78,5.59,0.0
20230717:1511,197.15,37.25,14.12,5.1,0.0
20230717:1611,167.99,29.95,14.24,4.69,0.0
20230717:1711,52.91,22.35,14.0,4.9,0.0
20230717:1811,88.1,14.87,13.49,4.55,0.0
20230717:1911,43.02,7.86,12.94,3.66,0.0
20230717:2011,3.31,1.66,12.63,3.38,0.0
20230717:2111,0.0,0.0,12.17,3.45,0.0
20230717:2211,0.0,0.0,11.55,3.31,0.0
20230717:2311,0.0,0.0,11.13,2.9,0.0
20230718:0011,0.0,0.0,11.04,3.03,0.0
20230718:0111,0.0,0.0,10.94,3.17,0.0
20230718:0211,0.0,0.0,10.72,3.24,0.0
20230718:0311,0.0,0.0,10.77,3.31,0.0
20230718:0411,12.41,6.98,10.83,3.45,0.0
20230718:0511,47.16,13.93,11.07,3.66,0.0
20230718:0611,145.2,21.37,11.37,3.59,0.0
20230718:0711,177.34,28.97,12.08,2.83,0.0
20230718:0811,495.93,36.33,12.64,2.83,0.0
20230718:0911,401.95,42.94,13.38,3.38,0.0
20230718:1011,270.38,48.13,13.5,3.52,0.0
20230718:1111,571.21,51.12,13.52,3.72,0.0
20230718:1211,683.43,51.28,13.29,3.93,0.0
20230718:1311,386.17,48.59,13.4,4.07,0.0
20230718:1411,194.21,43.6,13.49,4.34,0.0
20230718:1511,494.5,37.12,13.33,4.14,0.0
20230718:1611,301.6,29.81,13.17,3.86,0.0
20230718:1711,215.92,22.22,13.02,3.72,0.0
20230718:1811,62.92,14.74,12.51,3.66,0.0
20230718:1911,16.55,7.72,12.53,3.45,0.0
20230718:2011,0.83,1.51,12.34,3.03,0.0
20230718:2111,0.0,0.0,12.1,2.62,0.0
20230718:2211,0.0,0.0,11.54,2.48,0.0
20230718:2311,0.0,0.0,11.53,2.28,0.0
20230719:0011,0.0,0.0,11.16,2.69,0.0
20230719:0111,0.0,0.0,10.66,3.17,0.0
20230719:0211,0.0,0.0,10.67,3.38,0.0
20230719:0311,0.0,0.0,10.36,3.31,0.0
20230719:0411,35.57,6.82,10.55,3.1,0.0
20230719:0511,32.26,13.77,10.67,2.83,0.0
20230719:0611,100.86,21.21,11.16,2.69,0.0
20230719:0711,143.43,28.81,11.8,3.72,0.0
20230719:0811,169.72,36.17,11.74,3.93,0.0
20230719:0911,180.26,42.77,11.51,4.07,0.0
20230719:1011,203.58,47.96,11.84,3.24,0.0
20230719:1111,207.17,50.94,11.82,3.03,0.0
20230719:1211,140.8,51.11,11.71,3.24,0.0
20230719:1311,173.09,48.42,12.23,2.83,0.0
20230719:1411,173.09,43.45,12.5,2.69,0.0
20230719:1511,98.65,36.97,12.69,2.76,0.0
20230719:1611,123.76,29.67,12.16,3.17,0.0
20230719:1711,187.37,22.08,11.67,3.45,0.0
20230719:1811,59.19,14.59,11.39,3.45,0.0
20230719:1911,41.37,7.58,11.42,2.34,0.0
20230719:2011,0.83,1.35,11.19,2.34,0.0
20230719:2111,0.0,0.0,11.07,2.41,0.0
20230719:2211,0.0,0.0,11.03,2.34,0.0
20230719:2311,0.0,0.0,11.01,2.41,0.0
20230720:0011,0.0,0.0,10.63,2.34,0.0
20230720:0111,0.0,0.0,10.78,2.34,0.0
20230720:0211,0.0,0.0,10.94,2.76,0.0
20230720:0311,0.0,0.0,10.96,2.97,0.0
20230720:0411,5.79,6.65,11.11,3.24,0.0
20230720:0511,23.16,13.6,11.33,2.9,0.0
20230720:0611,46.63,21.05,12.04,2.55,0.0
20230720:0711,133.6,28.65,12.73,2.62,0.0
20230720:0811,207.98,36.0,12.69,2.9,0.0
20230720:0911,284.69,42.6,13.12,2.83,0.0
20230720:1011,284.22,47.78,13.44,3.1,0.0
20230720:1111,273.9,50.76,13.72,3.31,0.0
20230720:1211,183.85,50.93,13.79,3.38,0.0
20230720:1311,165.02,48.25,13.46,3.38,0.0
20230720:1411,158.74,43.29,13.53,3.31,0.0
20230720:1511,282.87,36.82,13.21,3.38,0.0
20230720:1611,178.73,29.53,13.13,3.24,0.0
20230720:1711,79.82,21.93,12.89,3.38,0.0
20230720:1811,93.23,14.45,12.66,3.24,0.0
20230720:1911,9.93,7.42,12.32,3.17,0.0
20230720:2011,0.0,0.0,11.89,2.55,0.0
20230720:2111,0.0,0.0,11.77,2.41,0.0
20230720:2211,0.0,0.0,11.47,2.0,0.0
20230720:2311,0.0,0.0,11.26,1.79,0.0
20230721:0011,0.0,0.0,11.07,1.72,0.0
20230721:0111,0.0,0.0,10.86,1.79,0.0
20230721:0211,0.0,0.0,10.67,1.66,0.0
20230721:0311,0.0,0.0,10.65,1.52,0.0
20230721:0411,29.78,6.48,10.35,1.45,0.0
20230721:0511,21.51,13.43,10.64,1.24,0.0
20230721:0611,104.86,20.88,11.29,1.1,0.0
20230721:0711,241.63,28.48,11.94,1.03,0.0
20230721:0811,364.19,35.83,12.58,1.17,0.0
20230721:0911,420.5,42.42,13.32,1.38,0.0
20230721:1011,292.54,47.59,14.0,1.66,0.0
20230721:1111,395.44,50.57,14.5,2.0,0.0
20230721:1211,397.5,50.74,14.81,2.34,0.0
20230721:1311,476.99,48.07,15.17,2.76,0.0
20230721:1411,393.7,43.12,13.98,3.45,0.0
20230721:1511,528.04,36.66,13.39,3.52,0.0
20230721:1611,383.73,29.37,13.44,3.17,0.0
20230721:1711,222.86,21.78,13.45,2.9,0.0
20230721:1811,90.68,14.29,13.11,2.69,0.0
20230721:1911,38.88,7.26,12.97,2.76,0.0
20230721:2011,0.0,0.0,12.51,2.76,0.0
20230721:2111,0.0,0.0,11.98,2.48,0.0
20230721:2211,0.0,0.0,11.7,2.41,0.0
20230721:2311,0.0,0.0,11.51,2.34,0.0
20230722:0011,0.0,0.0,11.3,2.28,0.0
20230722:0111,0.0,0.0,11.26,2.07,0.0
20230722:0211,0.0,0.0,11.18,1.93,0.0
20230722:0311,0.0,0.0,10.98,1.79,0.0
20230722:0411,29.78,6.3,11.0,1.72,0.0
20230722:0511,57.91,13.26,11.49,1.38,0.0
20230722:0611,164.83,20.71,12.12,1.38,0.0
20230722:0711,292.15,28.31,12.65,1.45,0.0
20230722:0811,427.88,35.66,13.1,1.66,0.0
20230722:0911,596.91,42.24,13.79,1.86,0.0
20230722:1011,317.68,47.4,14.55,1.93,0.0
20230722:1111,295.21,50.37,15.06,2.07,0.0
20230722:1211,448.66,50.55,14.97,2.34,0.0
20230722:1311,308.71,47.89,15.08,2.69,0.0
20230722:1411,405.98,42.95,14.85,3.03,0.0
20230722:1511,500.19,36.5,14.65,2.9,0.0
20230722:1611,471.12,29.22,14.61,2.62,0.0
20230722:1711,209.85,21.62,14.44,2.21,0.0
20230722:1811,89.96,14.13,14.18,2.14,0.0
20230722:1911,38.06,7.1,13.59,2.07,0.0
20230722:2011,0.0,0.0,13.07,1.52,0.0
20230722:2111,0.0,0.0,12.43,1.1,0.0
20230722:2211,0.0,0.0,12.39,0.48,0.0
20230722:2311,0.0,0.0,12.45,0.28,0.0
20230723:0011,0.0,0.0,12.1,0.34,0.0
20230723:0111,0.0,0.0,10.97,0.76,0.0
20230723:0211,0.0,0.0,9.79,1.1,0.0
20230723:0311,0.0,0.0,9.0,1.31,0.0
20230723:0411,32.26,6.12,8.73,1.31,0.0
20230723:0511,64.53,13.08,10.26,1.03,0.0
20230723:0611,170.53,20.54,12.54,1.1,0.0
20230723:0711,372.23,28.14,13.76,1.72,0.0
20230723:0811,565.37,35.48,14.81,2.0,0.0
20230723:0911,686.21,42.06,15.92,1.93,0.0
20230723:1011,770.88,47.21,16.56,2.28,0.0
20230723:1111,983.24,50.17,17.11,2.97,0.0
20230723:1211,998.96,50.35,17.27,3.66,0.0
20230723:1311,941.37,47.7,17.47,3.79,0.0
20230723:1411,846.0,42.77,17.41,4.0,0.0
20230723:1511,494.39,36.33,17.38,4.21,0.0
20230723:1611,458.84,29.05,16.61,4.14,0.0
20230723:1711,192.97,21.46,16.57,3.79,0.0
20230723:1811,72.11,13.97,16.07,3.38,0.0
20230723:1911,5.79,6.93,15.58,2.41,0.0
20230723:2011,0.0,0.0,14.85,2.48,0.0
20230723:2111,0.0,0.0,14.32,2.62,0.0
20230723:2211,0.0,0.0,13.88,2.48,0.0
20230723:2311,0.0,0.0,13.54,2.41,0.0
20230724:0011,0.0,0.0,13.3,2.34,0.0
20230724:0111,0.0,0.0,13.08,2.07,0.0
20230724:0211,0.0,0.0,12.87,1.86,0.0
20230724:0311,0.0,0.0,12.67,1.72,0.0
20230724:0411,4.96,5.93,12.63,1.79,0.0
20230724:0511,46.33,12.9,13.09,1.66,0.0
20230724:0611,168.03,20.36,14.34,1.59,0.0
20230724:0711,118.38,27.96,15.34,1.45,0.0
20230724:0811,314.06,35.3,16.22,1.45,0.0
20230724:0911,563.19,41.87,16.82,1.31,0.0
20230724:1011,693.42,47.01,17.22,1.86,0.0
20230724:1111,828.05,49.97,17.66,2.48,0.0
20230724:1211,761.69,50.15,17.92,2.83,0.0
20230724:1311,783.89,47.5,17.82,3.1,0.0
20230724:1411,803.63,42.59,17.85,3.31,0.0
20230724:1511,677.32,36.16,16.51,2.9,0.0
20230724:1611,416.01,28.88,16.97,2.9,0.0
20230724:1711,149.69,21.29,16.72,2.97,0.0
20230724:1811,52.91,13.79,15.88,3.03,0.0
20230724:1911,20.68,6.75,15.55,3.1,0.0
20230724:2011,0.0,0.0,14.74,3.17,0.0
20230724:2111,0.0,0.0,14.24,3.17,0.0
20230724:2211,0.0,0.0,13.93,3.31,0.0
20230724:2311,0.0,0.0,13.78,3.31,0.0
20230725:0011,0.0,0.0,13.43,2.83,0.0
20230725:0111,0.0,0.0,12.62,2.76,0.0
20230725:0211,0.0,0.0,12.61,3.1,0.0
20230725:0311,0.0,0.0,12.43,3.38,0.0
20230725:0411,24.82,5.74,12.77,4.0,0.0
20230725:0511,28.13,12.72,12.94,5.1,0.0
20230725:0611,78.02,20.18,13.17,5.59,0.0
20230725:0711,79.82,27.78,13.02,4.07,0.0
20230725:0811,167.06,35.11,13.22,4.14,0.0
20230725:0911,263.59,41.68,13.23,5.03,0.0
20230725:1011,191.92,46.81,13.38,5.45,0.0
20230725:1111,202.68,49.76,13.45,5.86,0.0
20230725:1211,147.98,49.94,13.42,6.48,0.0
20230725:1311,155.15,47.3,12.87,7.93,0.0
20230725:1411,109.41,42.4,11.9,8.21,0.0
20230725:1511,105.82,35.97,11.51,7.93,0.0
20230725:1611,74.44,28.71,11.26,7.93,0.0
20230725:1711,44.84,21.12,11.17,8.0,0.0
20230725:1811,23.32,13.62,11.14,7.17,0.0
20230725:1911,4.96,6.56,11.64,4.9,0.0
20230725:2011,0.0,0.0,11.95,4.0,0.0
20230725:2111,0.0,0.0,12.15,3.45,0.0
20230725:2211,0.0,0.0,12.22,3.31,0.0
20230725:2311,0.0,0.0,12.36,2.83,0.0
20230726:0011,0.0,0.0,12.16,2.62,0.0
20230726:0111,0.0,0.0,12.04,2.28,0.0
20230726:0211,0.0,0.0,12.02,1.79,0.0
20230726:0311,0.0,0.0,11.77,1.66,0.0
20230726:0411,28.96,5.55,11.42,1.66,0.0
20230726:0511,57.08,12.53,11.92,1.24,0.0
20230726:0611,166.08,20.0,13.12,1.17,0.0
20230726:0711,369.07,27.6,14.21,1.93,0.0
20230726:0811,590.76,34.93,15.21,2.07,0.0
20230726:0911,734.46,41.48,16.31,2.07,0.0
20230726:1011,793.86,46.6,17.18,2.34,0.0
20230726:1111,954.66,49.54,17.41,3.1,0.0
20230726:1211,962.78,49.72,17.5,3.79,0.0
20230726:1311,845.48,47.1,17.22,4.14,0.0
20230726:1411,621.04,42.2,17.22,4.55,0.0
20230726:1511,577.11,35.79,16.72,4.76,0.0
20230726:1611,376.64,28.52,15.59,4.83,0.0
20230726:1711,254.21,20.93,15.28,3.93,0.0
20230726:1811,71.18,13.43,15.07,3.59,0.0
20230726:1911,32.26,6.37,15.12,2.9,0.0
20230726:2011,0.0,0.0,14.48,2.76,0.0
20230726:2111,0.0,0.0,14.06,2.28,0.0
20230726:2211,0.0,0.0,13.51,2.14,0.0
20230726:2311,0.0,0.0,13.15,2.07,0.0
20230727:0011,0.0,0.0,12.87,1.79,0.0
20230727:0111,0.0,0.0,12.78,1.52,0.0
20230727:0211,0.0,0.0,12.58,1.31,0.0
20230727:0311,0.0,0.0,12.47,1.03,0.0
20230727:0411,7.45,5.36,12.37,0.69,0.0
20230727:0511,28.96,12.34,12.94,0.28,0.0
20230727:0611,114.59,19.81,13.69,0.14,0.0
20230727:0711,233.99,27.41,14.12,0.41,0.0
20230727:0811,386.88,34.73,14.98,0.83,0.0
20230727:0911,388.39,41.28,15.79,1.31,0.0
20230727:1011,385.68,46.39,16.38,1.66,0.0
20230727:1111,570.11,49.32,16.77,1.66,0.0
20230727:1211,609.07,49.5,17.14,1.72,0.0
20230727:1311,838.25,46.88,17.38,2.28,0.0
20230727:1411,750.23,42.0,16.99,2.97,0.0
20230727:1511,561.95,35.59,16.69,3.72,0.0
20230727:1611,409.45,28.34,16.03,3.93,0.0
20230727:1711,211.35,20.75,15.48,3.66,0.0
20230727:1811,85.79,13.24,14.95,2.97,0.0
20230727:1911,31.44,6.18,14.52,2.21,0.0
20230727:2011,0.0,0.0,13.88,1.93,0.0
20230727:2111,0.0,0.0,13.27,1.86,0.0
20230727:2211,0.0,0.0,12.8,1.93,0.0
20230727:2311,0.0,0.0,12.34,2.07,0.0
20230728:0011,0.0,0.0,11.97,2.07,0.0
20230728:0111,0.0,0.0,11.82,2.07,0.0
20230728:0211,0.0,0.0,11.66,1.93,0.0
20230728:0311,0.0,0.0,11.64,1.72,0.0
20230728:0411,8.27,5.16,11.77,1.45,0.0
20230728:0511,56.26,12.15,12.21,1.38,0.0
20230728:0611,143.48,19.62,13.4,1.72,0.0
20230728:0711,218.7,27.22,14.16,1.66,0.0
20230728:0811,381.48,34.54,15.01,1.59,0.0
20230728:0911,647.4,41.07,15.94,1.59,0.0
20230728:1011,793.19,46.17,16.5,2.0,0.0
20230728:1111,940.09,49.1,16.97,2.55,0.0
20230728:1211,952.84,49.27,17.23,2.76,0.0
20230728:1311,934.75,46.66,17.13,2.97,0.0
20230728:1411,838.91,41.79,17.02,3.1,0.0
20230728:1511,684.97,35.39,16.72,2.9,0.0
20230728:1611,485.36,28.14,16.47,2.48,0.0
20230728:1711,253.49,20.55,16.12,2.07,0.0
20230728:1811,79.62,13.05,15.7,1.59,0.0
20230728:1911,31.44,5.98,14.95,1.66,0.0
20230728:2011,0.0,0.0,13.93,1.66,0.0
20230728:2111,0.0,0.0,13.18,1.31,0.0
20230728:2211,0.0,0.0,12.54,0.69,0.0
20230728:2311,0.0,0.0,11.84,1.03,0.0
20230729:0011,0.0,0.0,11.46,1.52,0.0
20230729:0111,0.0,0.0,11.14,1.45,0.0
20230729:0211,0.0,0.0,10.7,1.45,0.0
20230729:0311,0.0,0.0,10.23,1.59,0.0
20230729:0411,9.1,4.95,10.0,1.52,0.0
20230729:0511,69.49,11.95,11.12,1.38,0.0
20230729:0611,162.2,19.43,12.79,1.24,0.0
20230729:0711,347.96,27.02,14.35,1.31,0.0
20230729:0811,509.95,34.34,15.74,1.24,0.0
20230729:0911,731.63,40.86,16.7,1.31,0.0
20230729:1011,679.21,45.95,17.55,1.59,0.0
20230729:1111,483.5,48.86,18.06,1.93,0.0
20230729:1211,587.48,49.04,18.41,1.93,0.0
20230729:1311,550.72,46.44,18.47,1.66,0.0
20230729:1411,532.29,41.57,18.67,1.45,0.0
20230729:1511,381.1,35.19,18.64,1.79,0.0
20230729:1611,159.38,27.94,18.21,2.28,0.0
20230729:1711,94.13,20.36,17.3,2.34,0.0
20230729:1811,21.52,12.85,16.44,3.03,0.0
20230729:1911,8.27,5.77,16.07,1.86,0.0
20230729:2011,0.0,0.0,15.38,1.66,0.0
20230729:2111,0.0,0.0,14.99,2.14,0.0
20230729:2211,0.0,0.0,14.4,2.28,0.0
20230729:2311,0.0,0.0,14.05,2.41,0.0
20230730:0011,0.0,0.0,13.91,2.76,0.0
20230730:0111,0.0,0.0,13.78,2.55,0.0
20230730:0211,0.0,0.0,13.75,2.28,0.0
20230730:0311,0.0,0.0,13.61,2.55,0.0
20230730:0411,23.16,4.75,13.51,2.69,0.0
20230730:0511,67.84,11.75,13.69,2.76,0.0
20230730:0611,155.35,19.23,13.92,3.24,0.0
20230730:0711,298.47,26.82,14.66,3.45,0.0
20230730:0811,412.15,34.13,15.27,3.52,0.0
20230730:0911,358.85,40.65,16.23,3.45,0.0
20230730:1011,404.81,45.72,16.84,3.66,0.0
20230730:1111,761.7,48.63,16.61,3.72,0.0
20230730:1211,191.92,48.8,16.93,3.31,0.0
20230730:1311,214.95,46.21,17.15,2.97,0.0
20230730:1411,425.47,41.35,17.07,2.97,0.0
20230730:1511,195.28,34.98,16.43,2.14,0.0
20230730:1611,369.92,27.74,16.28,1.93,0.0
20230730:1711,255.02,20.15,16.13,1.31,0.0
20230730:1811,81.44,12.64,15.33,1.52,0.0
20230730:1911,19.86,5.56,15.02,0.48,0.0
20230730:2011,0.0,0.0,14.38,0.97,0.0
20230730:2111,0.0,0.0,13.45,1.03,0.0
20230730:2211,0.0,0.0,12.65,1.03,0.0
20230730:2311,0.0,0.0,12.44,0.83,0.0
20230731:0011,0.0,0.0,13.12,0.34,0.0
20230731:0111,0.0,0.0,12.92,0.55,0.0
20230731:0211,0.0,0.0,11.08,1.1,0.0
20230731:0311,0.0,0.0,10.07,1.45,0.0
20230731:0411,15.72,4.54,10.16,1.17,0.0
20230731:0511,65.36,11.55,11.29,0.83,0.0
20230731:0611,156.53,19.03,13.35,1.38,0.0
20230731:0711,319.86,26.62,14.7,2.14,0.0
20230731:0811,427.92,33.93,15.78,2.41,0.0
20230731:0911,660.69,40.43,16.75,2.14,0.0
20230731:1011,729.47,45.49,17.56,2.07,0.0
20230731:1111,807.08,48.39,17.84,2.62,0.0
20230731:1211,796.4,48.56,17.97,3.17,0.0
20230731:1311,877.75,45.97,17.83,3.79,0.0
20230731:1411,808.75,41.13,17.56,4.07,0.0
20230731:1511,656.53,34.76,17.38,3.52,0.0
20230731:1611,458.15,27.52,17.35,3.31,0.0
20230731:1711,257.6,19.94,16.98,3.03,0.0
20230731:1811,75.77,12.43,16.38,2.69,0.0
20230731:1911,23.99,5.34,15.94,1.86,0.0
20230731:2011,0.0,0.0,14.98,1.93,0.0
20230731:2111,0.0,0.0,14.24,1.93,0.0
20230731:2211,0.0,0.0,13.75,1.79,0.0
20230731:2311,0.0,0.0,13.44,1.79,0.0
20230801:0011,0.0,0.0,13.22,1.86,0.0
20230801:0111,0.0,0.0,12.97,1.72,0.0
20230801:0211,0.0,0.0,12.86,1.66,0.0
20230801:0311,0.0,0.0,12.67,1.66,0.0
20230801:0411,3.31,4.32,12.62,1.72,0.0
20230801:0511,64.53,11.34,13.13,1.38,0.0
20230801:0611,151.72,18.82,14.9,1.24,0.0
20230801:0711,361.42,26.42,16.16,1.59,0.0
20230801:0811,555.77,33.72,17.15,1.93,0.0
20230801:0911,580.81,40.21,17.71,2.41,0.0
20230801:1011,757.86,45.26,18.23,2.9,0.0
20230801:1111,774.97,48.14,18.42,3.45,0.0
20230801:1211,843.89,48.31,18.49,3.86,0.0
20230801:1311,916.45,45.73,18.37,4.07,0.0
20230801:1411,817.48,40.9,18.19,4.14,0.0
20230801:1511,639.0,34.54,17.73,4.28,0.0
20230801:1611,442.93,27.31,16.9,4.07,0.0
20230801:1711,244.06,19.72,16.6,3.66,0.0
20230801:1811,77.27,12.21,16.1,3.45,0.0
20230801:1911,23.99,5.12,15.53,3.66,0.0
20230801:2011,0.0,0.0,14.83,2.9,0.0
20230801:2111,0.0,0.0,14.43,2.41,0.0
20230801:2211,0.0,0.0,14.04,2.14,0.0
20230801:2311,0.0,0.0,13.66,1.93,0.0
20230802:0011,0.0,0.0,13.54,1.79,0.0
20230802:0111,0.0,0.0,13.44,1.72,0.0
20230802:0211,0.0,0.0,13.38,1.59,0.0
20230802:0311,0.0,0.0,13.24,1.52,0.0
20230802:0411,2.48,4.11,13.12,1.45,0.0
20230802:0511,19.86,11.13,13.44,1.31,0.0
20230802:0611,108.38,18.62,14.27,1.45,0.0
20230802:0711,225.76,26.21,15.59,1.93,0.0
20230802:0811,534.33,33.5,16.44,2.21,0.0
20230802:0911,602.61,39.99,17.15,2.41,0.0
20230802:1011,423.09,45.02,17.68,2.69,0.0
20230802:1111,833.44,47.89,18.05,2.97,0.0
20230802:1211,985.17,48.06,18.22,3.31,0.0
20230802:1311,932.66,45.48,18.56,3.86,0.0
20230802:1411,851.57,40.66,18.17,4.14,0.0
20230802:1511,675.94,34.31,17.9,4.07,0.0
20230802:1611,463.73,27.08,17.56,3.93,0.0
20230802:1711,258.65,19.5,16.97,3.72,0.0
20230802:1811,67.41,11.98,16.16,3.31,0.0
20230802:1911,24.82,4.89,15.79,2.83,0.0
20230802:2011,0.0,0.0,14.97,2.83,0.0
20230802:2111,0.0,0.0,14.35,3.1,0.0
20230802:2211,0.0,0.0,14.07,2.97,0.0
20230802:2311,0.0,0.0,13.75,2.69,0.0
20230803:0011,0.0,0.0,13.56,2.69,0.0
20230803:0111,0.0,0.0,13.37,2.9,0.0
20230803:0211,0.0,0.0,13.32,2.97,0.0
20230803:0311,0.0,0.0,13.2,2.76,0.0
20230803:0411,3.31,3.89,13.11,2.76,0.0
20230803:0511,62.88,10.92,13.62,2.62,0.0
20230803:0611,154.12,18.41,14.47,3.45,0.0
20230803:0711,321.25,26.0,15.72,3.31,0.0
20230803:0811,428.93,33.29,16.61,3.17,0.0
20230803:0911,474.06,39.76,17.2,3.52,0.0
20230803:1011,574.42,44.78,17.71,3.79,0.0
20230803:1111,780.56,47.64,18.07,3.93,0.0
20230803:1211,856.75,47.8,18.33,4.21,0.0
20230803:1311,811.48,45.23,18.43,4.55,0.0
20230803:1411,421.34,40.42,18.19,4.83,0.0
20230803:1511,309.17,34.08,17.83,5.24,0.0
20230803:1611,242.38,26.86,17.57,5.1,0.0
20230803:1711,147.21,19.28,17.15,5.1,0.0
20230803:1811,66.85,11.75,16.42,5.24,0.0
20230803:1911,7.45,4.65,15.74,5.17,0.0
20230803:2011,0.0,0.0,15.09,5.38,0.0
20230803:2111,0.0,0.0,14.75,5.59,0.0
20230803:2211,0.0,0.0,14.37,5.59,0.0
20230803:2311,0.0,0.0,14.25,5.79,0.0
20230804:0011,0.0,0.0,14.07,6.0,0.0
20230804:0111,0.0,0.0,13.94,5.93,0.0
20230804:0211,0.0,0.0,13.91,5.93,0.0
20230804:0311,0.0,0.0,13.85,6.0,0.0
20230804:0411,14.06,3.66,13.88,5.93,0.0
20230804:0511,39.71,10.7,14.0,6.0,0.0
20230804:0611,80.71,18.2,14.41,7.24,0.0
20230804:0711,140.05,25.79,14.64,6.76,0.0
20230804:0811,281.14,33.07,14.82,6.48,0.0
20230804:0911,335.75,39.53,14.86,6.55,0.0
20230804:1011,484.36,44.53,15.2,6.9,0.0
20230804:1111,678.93,47.38,15.2,7.1,0.0
20230804:1211,557.41,47.54,15.21,6.83,0.0
20230804:1311,604.33,44.97,15.35,6.76,0.0
20230804:1411,327.38,40.17,15.21,6.69,0.0
20230804:1511,261.52,33.84,14.96,6.55,0.0
20230804:1611,257.88,26.62,14.41,6.14,0.0
20230804:1711,148.3,19.04,14.05,5.79,0.0
20230804:1811,74.33,11.52,13.54,5.45,0.0
20230804:1911,8.27,4.41,13.27,4.83,0.0
20230804:2011,0.0,0.0,12.87,4.62,0.0
20230804:2111,0.0,0.0,12.55,4.41,0.0
20230804:2211,0.0,0.0,12.45,4.14,0.0
20230804:2311,0.0,0.0,12.44,3.86,0.0
20230805:0011,0.0,0.0,12.33,3.59,0.0
20230805:0111,0.0,0.0,12.18,3.59,0.0
20230805:0211,0.0,0.0,12.22,3.52,0.0
20230805:0311,0.0,0.0,12.0,3.52,0.0
20230805:0411,2.48,3.44,11.93,3.45,0.0
20230805:0511,14.89,10.48,12.03,3.31,0.0
20230805:0611,79.82,17.98,12.43,3.45,0.0
20230805:0711,224.16,25.57,13.13,3.93,0.0
20230805:0811,263.41,32.84,13.44,4.0,0.0
20230805:0911,501.98,39.29,13.81,4.14,0.0
20230805:1011,442.67,44.28,14.09,4.28,0.0
20230805:1111,673.64,47.12,14.45,4.34,0.0
20230805:1211,791.53,47.27,14.5,4.41,0.0
20230805:1311,619.6,44.71,14.63,4.28,0.0
20230805:1411,683.32,39.91,14.72,4.28,0.0
20230805:1511,593.51,33.59,14.72,4.21,0.0
20230805:1611,437.65,26.38,14.41,4.0,0.0
20230805:1711,235.06,18.81,14.15,3.86,0.0
20230805:1811,68.45,11.28,13.83,3.59,0.0
20230805:1911,3.31,4.17,13.42,3.38,0.0
20230805:2011,0.0,0.0,13.21,3.17,0.0
20230805:2111,0.0,0.0,12.87,2.9,0.0
20230805:2211,0.0,0.0,12.87,2.69,0.0
20230805:2311,0.0,0.0,12.71,2.62,0.0
20230806:0011,0.0,0.0,12.55,2.55,0.0
20230806:0111,0.0,0.0,12.3,2.34,0.0
20230806:0211,0.0,0.0,12.12,2.41,0.0
20230806:0311,0.0,0.0,12.04,2.69,0.0
20230806:0411,1.65,3.21,11.7,2.62,0.0
20230806:0511,42.19,10.26,11.98,2.14,0.0
20230806:0611,134.66,17.77,12.79,2.0,0.0
20230806:0711,231.46,25.36,14.4,2.21,0.0
20230806:0811,338.4,32.62,15.14,2.14,0.0
20230806:0911,653.68,39.05,15.97,2.14,0.0
20230806:1011,752.83,44.03,16.41,2.62,0.0
20230806:1111,777.56,46.85,16.66,2.97,0.0
20230806:1211,868.92,47.0,17.38,3.03,0.0
20230806:1311,836.91,44.44,17.65,3.45,0.0
20230806:1411,548.39,39.65,17.59,4.0,0.0
20230806:1511,617.19,33.34,17.25,4.34,0.0
20230806:1611,376.1,26.14,16.68,4.48,0.0
20230806:1711,173.69,18.56,16.22,4.48,0.0
20230806:1811,55.73,11.03,15.66,4.28,0.0
20230806:1911,5.79,3.92,15.2,4.07,0.0
20230806:2011,0.0,0.0,14.63,4.14,0.0
20230806:2111,0.0,0.0,14.2,4.21,0.0
20230806:2211,0.0,0.0,13.97,4.28,0.0
20230806:2311,0.0,0.0,13.81,4.28,0.0
20230807:0011,0.0,0.0,13.66,4.41,0.0
20230807:0111,0.0,0.0,13.56,4.62,0.0
20230807:0211,0.0,0.0,13.56,4.83,0.0
20230807:0311,0.0,0.0,13.56,5.24,0.0
20230807:0411,4.14,2.98,13.51,5.38,0.0
20230807:0511,12.41,10.04,13.75,5.66,0.0
20230807:0611,41.25,17.55,14.13,6.69,0.0
20230807:0711,82.51,25.13,14.74,6.62,0.0
20230807:0811,106.72,32.39,15.05,6.69,0.0
20230807:0911,120.17,38.81,15.32,6.48,0.0
20230807:1011,279.44,43.77,15.79,6.21,0.0
20230807:1111,231.56,46.58,16.26,5.93,0.0
20230807:1211,170.4,46.72,16.12,6.21,0.0
20230807:1311,235.71,44.16,15.84,6.97,0.0
20230807:1411,147.98,39.39,15.01,7.66,0.0
20230807:1511,104.03,33.08,14.18,8.14,0.0
20230807:1611,52.91,25.89,13.56,8.97,0.0
20230807:1711,49.33,18.31,13.09,9.38,0.0
20230807:1811,18.83,10.78,12.78,9.45,0.0
20230807:1911,17.37,3.66,12.18,9.52,0.0
20230807:2011,0.0,0.0,11.88,9.17,0.0
20230807:2111,0.0,0.0,11.51,9.52,0.0
20230807:2211,0.0,0.0,11.47,9.72,0.0
20230807:2311,0.0,0.0,11.44,10.0,0.0
20230808:0011,0.0,0.0,11.41,10.28,0.0
20230808:0111,0.0,0.0,10.76,10.28,0.0
20230808:0211,0.0,0.0,10.25,10.14,0.0
20230808:0311,0.0,0.0,10.09,10.07,0.0
20230808:0411,1.65,2.74,9.97,9.93,0.0
20230808:0511,9.1,9.81,9.9,10.21,0.0
20230808:0611,55.6,17.32,9.85,10.34,0.0
20230808:0711,81.61,24.91,10.54,9.52,0.0
20230808:0811,117.48,32.16,10.83,9.79,0.0
20230808:0911,115.69,38.57,10.93,9.93,0.0
20230808:1011,169.5,43.51,11.07,10.07,0.0
20230808:1111,130.94,46.3,10.67,10.0,0.0
20230808:1211,118.38,46.44,10.32,10.0,0.0
20230808:1311,100.44,43.89,10.29,10.07,0.0
20230808:1411,95.96,39.12,10.33,9.79,0.0
20230808:1511,120.17,32.82,10.38,9.45,0.0
20230808:1611,84.3,25.63,10.34,9.31,0.0
20230808:1711,37.67,18.06,10.3,9.1,0.0
20230808:1811,15.25,10.53,10.29,9.03,0.0
20230808:1911,2.48,3.4,10.0,7.86,0.0
20230808:2011,0.0,0.0,9.95,7.86,0.0
20230808:2111,0.0,0.0,9.97,7.79,0.0
20230808:2211,0.0,0.0,10.08,7.38,0.0
20230808:2311,0.0,0.0,10.36,7.1,0.0
20230809:0011,0.0,0.0,10.37,7.03,0.0
20230809:0111,0.0,0.0,10.4,7.03,0.0
20230809:0211,0.0,0.0,10.54,7.38,0.0
20230809:0311,0.0,0.0,10.5,7.24,0.0
20230809:0411,6.62,2.51,10.4,7.1,0.0
20230809:0511,53.77,9.59,10.14,6.76,0.0
20230809:0611,37.67,17.1,10.32,6.9,0.0
20230809:0711,193.18,24.68,10.52,6.28,0.0
20230809:0811,138.11,31.93,10.66,6.14,0.0
20230809:0911,210.71,38.32,10.84,6.0,0.0
20230809:1011,195.21,43.25,10.94,5.52,0.0
20230809:1111,232.51,46.02,10.97,5.38,0.0
20230809:1211,286.63,46.15,10.99,5.66,0.0
20230809:1311,388.43,43.6,11.1,5.66,0.0
20230809:1411,361.38,38.85,11.06,5.31,0.0
20230809:1511,403.6,32.56,11.16,4.83,0.0
20230809:1611,244.45,25.37,11.22,4.83,0.0
20230809:1711,105.19,17.8,10.97,4.69,0.0
20230809:1811,47.58,10.27,10.75,4.55,0.0
20230809:1911,2.48,3.13,10.82,4.48,0.0
20230809:2011,0.0,0.0,10.75,4.41,0.0
20230809:2111,0.0,0.0,10.75,4.55,0.0
20230809:2211,0.0,0.0,10.77,4.48,0.0
20230809:2311,0.0,0.0,10.83,4.34,0.0
20230810:0011,0.0,0.0,10.79,4.28,0.0
20230810:0111,0.0,0.0,10.83,4.28,0.0
20230810:0211,0.0,0.0,10.9,4.28,0.0
20230810:0311,0.0,0.0,10.9,4.21,0.0
20230810:0411,4.96,2.27,10.87,4.14,0.0
20230810:0511,17.37,9.36,10.96,4.14,0.0
20230810:0611,63.67,16.87,11.24,3.93,0.0
20230810:0711,187.62,24.45,11.32,3.72,0.0
20230810:0811,283.56,31.69,11.52,4.21,0.0
20230810:0911,517.03,38.07,11.76,4.48,0.0
20230810:1011,487.7,42.98,12.19,4.62,0.0
20230810:1111,705.98,45.74,12.5,4.41,0.0
20230810:1211,700.92,45.86,12.75,4.28,0.0
20230810:1311,478.85,43.32,12.96,4.14,0.0
20230810:1411,592.86,38.57,13.14,3.86,0.0
20230810:1511,592.25,32.29,13.35,3.72,0.0
20230810:1611,399.1,25.11,13.21,3.66,0.0
20230810:1711,189.39,17.54,12.79,3.66,0.0
20230810:1811,51.04,10.0,12.43,3.17,0.0
20230810:1911,10.75,2.86,12.09,2.48,0.0
20230810:2011,0.0,0.0,11.49,2.28,0.0
20230810:2111,0.0,0.0,11.14,2.07,0.0
20230810:2211,0.0,0.0,10.87,1.93,0.0
20230810:2311,0.0,0.0,10.57,1.79,0.0
20230811:0011,0.0,0.0,10.34,1.72,0.0
20230811:0111,0.0,0.0,10.15,1.66,0.0
20230811:0211,0.0,0.0,9.92,1.52,0.0
20230811:0311,0.0,0.0,9.56,1.31,0.0
20230811:0411,0.83,2.03,9.28,1.24,0.0
20230811:0511,47.16,9.12,9.26,1.24,0.0
20230811:0611,141.84,16.64,11.16,1.52,0.0
20230811:0711,298.21,24.22,11.66,2.14,0.0
20230811:0811,569.63,31.45,12.73,1.66,0.0
20230811:0911,756.4,37.82,14.01,0.83,0.0
20230811:1011,929.04,42.71,15.06,1.93,0.0
20230811:1111,698.36,45.45,15.71,1.72,0.0
20230811:1211,575.52,45.57,16.58,1.52,0.0
20230811:1311,293.06,43.02,17.49,1.93,0.0
20230811:1411,221.86,38.28,17.81,2.34,0.0
20230811:1511,117.48,32.01,17.51,2.62,0.0
20230811:1611,99.55,24.84,17.05,2.41,0.0
20230811:1711,43.94,17.27,16.7,2.76,0.0
20230811:1811,31.39,9.73,16.5,3.38,0.0
20230811:1911,4.96,2.58,16.42,4.07,0.0
20230811:2011,0.0,0.0,15.91,5.03,0.0
20230811:2111,0.0,0.0,15.49,5.52,0.0
20230811:2211,0.0,0.0,15.1,5.17,0.0
20230811:2311,0.0,0.0,14.79,4.69,0.0
20230812:0011,0.0,0.0,14.42,4.34,0.0
20230812:0111,0.0,0.0,14.23,4.07,0.0
20230812:0211,0.0,0.0,14.05,3.86,0.0
20230812:0311,0.0,0.0,13.69,3.79,0.0
20230812:0411,0.83,1.78,13.39,3.79,0.0
20230812:0511,48.81,8.89,13.44,3.79,0.0
20230812:0611,130.38,16.41,13.91,4.62,0.0
20230812:0711,321.11,23.99,14.88,4.34,0.0
20230812:0811,481.72,31.21,15.95,4.34,0.0
20230812:0911,527.81,37.56,17.15,4.28,0.0
20230812:1011,119.28,42.43,18.15,4.07,0.0
20230812:1111,120.17,45.16,18.9,4.07,0.0
20230812:1211,106.72,45.27,19.44,4.14,0.0
20230812:1311,267.3,42.72,19.59,4.14,0.0
20230812:1411,370.44,37.99,19.35,4.07,0.0
20230812:1511,244.68,31.73,18.59,4.9,0.0
20230812:1611,209.87,24.56,17.54,4.07,0.0
20230812:1711,127.04,16.99,17.06,3.59,0.0
20230812:1811,51.96,9.45,16.59,3.38,0.0
20230812:1911,6.62,2.3,16.57,2.83,0.0
20230812:2011,0.0,0.0,15.93,2.76,0.0
20230812:2111,0.0,0.0,15.49,2.76,0.0
20230812:2211,0.0,0.0,15.36,2.76,0.0
20230812:2311,0.0,0.0,15.2,2.69,0.0
20230813:0011,0.0,0.0,15.1,2.69,0.0
20230813:0111,0.0,0.0,14.93,2.48,0.0
20230813:0211,0.0,0.0,14.71,2.48,0.0
20230813:0311,0.0,0.0,14.43,3.1,0.0
20230813:0411,0.83,1.54,14.28,3.45,0.0
20230813:0511,44.67,8.65,14.4,3.72,0.0
20230813:0611,32.29,16.18,14.97,3.79,0.0
20230813:0711,125.92,23.75,14.96,3.66,0.0
20230813:0811,279.66,30.96,15.27,3.93,0.0
20230813:0911,192.69,37.3,15.67,4.21,0.0
20230813:1011,86.99,42.15,15.32,4.76,0.0
20230813:1111,105.82,44.87,15.94,4.55,0.0
20230813:1211,161.43,44.96,16.16,4.55,0.0
20230813:1311,95.06,42.42,16.56,4.0,0.0
20230813:1411,105.82,37.7,16.77,5.17,0.0
20230813:1511,171.94,31.44,15.89,4.62,0.0
20230813:1611,259.25,24.28,15.9,4.41,0.0
20230813:1711,146.8,16.72,15.94,4.21,0.0
20230813:1811,54.84,9.17,14.83,5.24,0.0
20230813:1911,4.14,2.02,14.52,4.34,0.0
20230813:2011,0.0,0.0,14.1,3.86,0.0
20230813:2111,0.0,0.0,13.85,3.59,0.0
20230813:2211,0.0,0.0,13.8,3.59,0.0
20230813:2311,0.0,0.0,13.65,3.52,0.0
20230814:0011,0.0,0.0,13.43,3.38,0.0
20230814:0111,0.0,0.0,13.41,3.45,0.0
20230814:0211,0.0,0.0,13.38,3.38,0.0
20230814:0311,0.0,0.0,13.58,3.59,0.0
20230814:0411,0.0,0.0,13.65,3.52,0.0
20230814:0511,7.45,8.41,13.74,3.38,0.0
20230814:0611,113.91,15.94,13.91,3.38,0.0
20230814:0711,137.13,23.51,14.73,3.45,0.0
20230814:0811,246.43,30.71,15.19,3.86,0.0
20230814:0911,250.49,37.04,15.83,4.07,0.0
20230814:1011,249.19,41.87,16.41,4.21,0.0
20230814:1111,190.13,44.57,16.97,4.48,0.0
20230814:1211,305.28,44.65,16.28,4.14,0.0
20230814:1311,363.1,42.12,16.47,4.07,0.0
20230814:1411,166.81,37.4,16.58,4.28,0.0
20230814:1511,309.49,31.15,16.21,3.72,0.0
20230814:1611,28.7,23.99,16.21,3.38,0.0
20230814:1711,46.63,16.43,16.03,2.9,0.0
20230814:1811,23.32,8.89,15.82,2.41,0.0
20230814:1911,0.83,1.73,15.38,2.0,0.0
20230814:2011,0.0,0.0,13.85,2.28,0.0
20230814:2111,0.0,0.0,13.61,2.07,0.0
20230814:2211,0.0,0.0,13.53,2.07,0.0
20230814:2311,0.0,0.0,13.44,2.21,0.0
20230815:0011,0.0,0.0,13.4,2.41,0.0
20230815:0111,0.0,0.0,13.44,2.48,0.0
20230815:0211,0.0,0.0,13.58,2.62,0.0
20230815:0311,0.0,0.0,13.7,2.62,0.0
20230815:0411,0.0,0.0,13.78,2.62,0.0
20230815:0511,6.62,8.17,13.75,2.9,0.0
20230815:0611,17.04,15.7,13.77,3.31,0.0
20230815:0711,32.29,23.27,13.92,2.48,0.0
20230815:0811,66.36,30.46,14.12,2.48,0.0
20230815:0911,99.55,36.77,14.47,2.9,0.0
20230815:1011,235.28,41.59,15.08,2.9,0.0
20230815:1111,113.0,44.26,16.32,3.45,0.0
20230815:1211,258.97,44.34,17.15,3.17,0.0
20230815:1311,331.23,41.81,17.48,2.69,0.0
20230815:1411,503.19,37.1,17.72,2.41,0.0
20230815:1511,367.64,30.86,17.03,2.62,0.0
20230815:1611,122.88,23.71,16.13,2.0,0.0
20230815:1711,76.32,16.14,16.18,1.66,0.0
20230815:1811,48.75,8.6,15.64,1.52,0.0
20230815:1911,0.83,1.43,15.5,0.83,0.0
20230815:2011,0.0,0.0,15.14,1.31,0.0
20230815:2111,0.0,0.0,14.01,1.38,0.0
20230815:2211,0.0,0.0,13.57,0.9,0.0
20230815:2311,0.0,0.0,14.35,0.34,0.0
20230816:0011,0.0,0.0,12.95,0.97,0.0
20230816:0111,0.0,0.0,12.96,1.79,0.0
20230816:0211,0.0,0.0,13.19,2.07,0.0
20230816:0311,0.0,0.0,13.39,2.07,0.0
20230816:0411,0.0,0.0,13.39,2.41,0.0
20230816:0511,13.24,7.92,13.58,2.83,0.0
20230816:0611,59.19,15.46,13.69,3.03,0.0
20230816:0711,175.2,23.03,14.03,3.72,0.0
20230816:0811,133.63,30.21,14.19,4.21,0.0
20230816:0911,157.84,36.5,14.35,5.24,0.0
20230816:1011,149.77,41.3,14.43,5.03,0.0
20230816:1111,221.93,43.96,14.68,4.9,0.0
20230816:1211,222.0,44.03,15.23,4.97,0.0
20230816:1311,147.98,41.49,15.38,5.03,0.0
20230816:1411,114.79,36.79,15.44,4.83,0.0
20230816:1511,158.22,30.56,15.12,4.34,0.0
20230816:1611,122.91,23.41,15.18,4.28,0.0
20230816:1711,78.22,15.85,14.84,4.0,0.0
20230816:1811,34.08,8.3,14.3,3.52,0.0
20230816:1911,0.0,0.0,13.74,3.24,0.0
20230816:2011,0.0,0.0,13.12,3.03,0.0
20230816:2111,0.0,0.0,12.82,3.03,0.0
20230816:2211,0.0,0.0,12.69,2.97,0.0
20230816:2311,0.0,0.0,12.51,2.97,0.0
20230817:0011,0.0,0.0,12.36,2.83,0.0
20230817:0111,0.0,0.0,12.26,2.76,0.0
20230817:0211,0.0,0.0,12.21,2.83,0.0
20230817:0311,0.0,0.0,12.07,2.76,0.0
20230817:0411,0.0,0.0,12.05,2.76,0.0
20230817:0511,32.26,7.68,12.1,2.9,0.0
20230817:0611,115.06,15.22,12.56,3.79,0.0
20230817:0711,224.18,22.79,13.82,3.31,0.0
20230817:0811,297.3,29.95,14.95,2.9,0.0
20230817:0911,709.21,36.23,16.24,2.34,0.0
20230817:1011,934.51,41.01,17.28,2.07,0.0
20230817:1111,864.7,43.65,17.81,2.48,0.0
20230817:1211,975.11,43.71,18.31,2.76,0.0
20230817:1311,919.65,41.17,18.7,2.83,0.0
20230817:1411,688.08,36.48,18.42,2.97,0.0
20230817:1511,526.8,30.25,17.96,2.9,0.0
20230817:1611,409.58,23.11,17.68,2.55,0.0
20230817:1711,211.54,15.56,16.96,2.14,0.0
20230817:1811,46.4,8.0,16.25,1.66,0.0
20230817:1911,0.0,0.0,15.3,1.1,0.0
20230817:2011,0.0,0.0,14.95,1.03,0.0
20230817:2111,0.0,0.0,14.41,1.24,0.0
20230817:2211,0.0,0.0,13.94,1.45,0.0
20230817:2311,0.0,0.0,13.6,1.59,0.0
20230818:0011,0.0,0.0,13.31,1.79,0.0
20230818:0111,0.0,0.0,13.12,1.86,0.0
20230818:0211,0.0,0.0,12.92,1.79,0.0
20230818:0311,0.0,0.0,12.55,1.79,0.0
20230818:0411,0.0,0.0,12.39,1.72,0.0
20230818:0511,37.23,7.43,12.52,1.45,0.0
20230818:0611,109.75,14.98,13.43,1.03,0.0
20230818:0711,275.39,22.54,15.65,1.1,0.0
20230818:0811,418.47,29.7,17.36,0.97,0.0
20230818:0911,732.56,35.96,18.89,0.55,0.0
20230818:1011,665.09,40.71,19.99,0.41,0.0
20230818:1111,688.75,43.33,20.08,0.28,0.0
20230818:1211,926.43,43.38,20.54,0.21,0.0
20230818:1311,887.15,40.85,20.88,0.48,0.0
20230818:1411,795.08,36.16,21.03,0.62,0.0
20230818:1511,527.85,29.95,20.96,0.55,0.0
20230818:1611,387.86,22.81,20.83,0.41,0.0
20230818:1711,202.24,15.25,20.46,0.34,0.0
20230818:1811,36.36,7.7,19.77,0.41,0.0
20230818:1911,0.0,0.0,19.13,1.52,0.0
20230818:2011,0.0,0.0,18.27,1.86,0.0
20230818:2111,0.0,0.0,17.64,2.0,0.0
20230818:2211,0.0,0.0,17.12,2.07,0.0
20230818:2311,0.0,0.0,16.56,2.07,0.0
20230819:0011,0.0,0.0,16.09,2.14,0.0
20230819:0111,0.0,0.0,15.57,2.48,0.0
20230819:0211,0.0,0.0,15.5,2.76,0.0
20230819:0311,0.0,0.0,15.31,3.1,0.0
20230819:0411,0.0,0.0,15.38,3.24,0.0
20230819:0511,7.45,7.18,15.77,3.24,0.0
20230819:0611,114.32,14.73,16.64,3.38,0.0
20230819:0711,134.08,22.29,18.59,3.24,0.0
20230819:0811,130.04,29.44,19.1,3.66,0.0
20230819:0911,188.39,35.68,20.05,3.72,0.0
20230819:1011,153.36,40.41,20.94,4.28,0.0
20230819:1111,236.04,43.02,21.23,4.9,0.0
20230819:1211,120.17,43.06,21.25,5.24,0.0
20230819:1311,107.62,40.52,20.44,5.66,0.0
20230819:1411,128.25,35.84,19.61,6.34,0.0
20230819:1511,118.38,29.63,18.77,6.41,0.0
20230819:1611,40.36,22.5,18.27,6.55,0.0
20230819:1711,16.14,14.95,17.79,6.55,0.0
20230819:1811,40.23,7.39,17.13,6.0,0.0
20230819:1911,0.0,0.0,18.06,5.59,0.0
20230819:2011,0.0,0.0,17.96,4.9,0.0
20230819:2111,0.0,0.0,17.84,4.07,0.0
20230819:2211,0.0,0.0,17.41,3.52,0.0
20230819:2311,0.0,0.0,16.87,2.97,0.0
20230820:0011,0.0,0.0,16.59,2.83,0.0
20230820:0111,0.0,0.0,16.46,2.55,0.0
20230820:0211,0.0,0.0,16.04,2.07,0.0
20230820:0311,0.0,0.0,15.63,2.07,0.0
20230820:0411,0.0,0.0,15.21,2.21,0.0
20230820:0511,18.2,6.93,15.13,2.41,0.0
20230820:0611,52.91,14.48,15.59,3.52,0.0
20230820:0711,171.35,22.04,16.25,3.59,0.0
20230820:0811,349.54,29.18,16.94,3.66,0.0
20230820:0911,303.94,35.4,17.67,3.72,0.0
20230820:1011,595.23,40.11,18.27,3.86,0.0
20230820:1111,819.93,42.7,18.65,3.86,0.0
20230820:1211,268.3,42.73,18.89,4.14,0.0
20230820:1311,568.52,40.19,18.93,4.14,0.0
20230820:1411,431.15,35.51,18.87,3.79,0.0
20230820:1511,415.79,29.31,18.61,3.72,0.0
20230820:1611,289.8,22.19,18.12,3.79,0.0
20230820:1711,118.5,14.64,17.39,3.38,0.0
20230820:1811,14.06,7.08,16.65,3.1,0.0
20230820:1911,0.0,0.0,16.14,2.76,0.0
20230820:2011,0.0,0.0,15.79,2.62,0.0
20230820:2111,0.0,0.0,15.47,2.9,0.0
20230820:2211,0.0,0.0,15.12,2.97,0.0
20230820:2311,0.0,0.0,15.0,2.9,0.0
20230821:0011,0.0,0.0,15.0,2.41,0.0
20230821:0111,0.0,0.0,14.8,2.62,0.0
20230821:0211,0.0,0.0,14.53,2.83,0.0
20230821:0311,0.0,0.0,14.4,2.76,0.0
20230821:0411,0.0,0.0,14.3,2.48,0.0
20230821:0511,9.93,6.67,14.28,2.48,0.0
20230821:0611,87.61,14.23,14.76,3.24,0.0
20230821:0711,198.68,21.78,15.77,2.76,0.0
20230821:0811,363.14,28.91,16.48,2.76,0.0
20230821:0911,465.03,35.12,17.34,2.69,0.0
20230821:1011,493.76,39.81,17.71,2.97,0.0
20230821:1111,600.57,42.38,18.31,3.1,0.0
20230821:1211,825.56,42.39,18.55,3.17,0.0
20230821:1311,684.86,39.85,18.65,3.24,0.0
20230821:1411,702.1,35.18,18.55,3.45,0.0
20230821:1511,509.96,28.99,17.75,3.66,0.0
20230821:1611,321.86,21.87,17.6,3.66,0.0
20230821:1711,161.82,14.32,17.09,3.38,0.0
20230821:1811,35.57,6.77,16.42,3.24,0.0
20230821:1911,0.0,0.0,15.57,3.03,0.0
20230821:2011,0.0,0.0,14.99,3.03,0.0
20230821:2111,0.0,0.0,14.69,3.24,0.0
20230821:2211,0.0,0.0,14.6,3.45,0.0
20230821:2311,0.0,0.0,14.53,3.59,0.0
20230822:0011,0.0,0.0,14.41,3.72,0.0
20230822:0111,0.0,0.0,14.17,3.86,0.0
20230822:0211,0.0,0.0,14.09,3.79,0.0
20230822:0311,0.0,0.0,13.78,3.72,0.0
20230822:0411,0.0,0.0,13.6,3.79,0.0
20230822:0511,10.75,6.42,13.54,4.0,0.0
20230822:0611,86.42,13.98,13.82,3.93,0.0
20230822:0711,198.85,21.53,14.67,4.28,0.0
20230822:0811,234.57,28.64,15.34,3.93,0.0
20230822:0911,282.32,34.83,16.16,4.34,0.0
20230822:1011,360.29,39.5,17.0,4.41,0.0
20230822:1111,289.53,42.05,17.67,4.21,0.0
20230822:1211,368.39,42.05,17.83,4.21,0.0
20230822:1311,616.89,39.52,17.73,4.14,0.0
20230822:1411,634.51,34.85,18.14,3.93,0.0
20230822:1511,252.08,28.67,17.61,3.79,0.0
20230822:1611,238.29,21.55,17.49,3.79,0.0
20230822:1711,94.26,14.01,16.63,3.93,0.0
20230822:1811,34.75,6.45,15.88,3.93,0.0
20230822:1911,0.0,0.0,15.66,3.17,0.0
20230822:2011,0.0,0.0,15.19,3.03,0.0
20230822:2111,0.0,0.0,14.89,2.9,0.0
20230822:2211,0.0,0.0,14.64,2.83,0.0
20230822:2311,0.0,0.0,14.85,3.17,0.0
20230823:0011,0.0,0.0,14.65,3.1,0.0
20230823:0111,0.0,0.0,14.54,3.1,0.0
20230823:0211,0.0,0.0,14.53,3.03,0.0
20230823:0311,0.0,0.0,14.31,2.97,0.0
20230823:0411,0.0,0.0,14.33,2.83,0.0
20230823:0511,4.96,6.16,14.35,2.55,0.0
20230823:0611,58.29,13.73,14.58,2.41,0.0
20230823:0711,193.07,21.27,14.26,3.66,0.0
20230823:0811,299.66,28.37,14.19,3.38,0.0
20230823:0911,269.19,34.55,14.56,3.66,0.0
20230823:1011,571.13,39.19,14.98,3.31,0.0
20230823:1111,345.21,41.72,15.41,3.38,0.0
20230823:1211,207.03,41.71,15.48,3.52,0.0
20230823:1311,408.25,39.17,15.47,3.59,0.0
20230823:1411,333.27,34.52,15.03,3.59,0.0
20230823:1511,500.48,28.34,15.02,3.24,0.0
20230823:1611,303.7,21.23,14.84,2.97,0.0
20230823:1711,108.01,13.69,14.49,2.83,0.0
20230823:1811,32.26,6.12,14.07,2.48,0.0
20230823:1911,0.0,0.0,13.8,2.41,0.0
20230823:2011,0.0,0.0,13.29,2.07,0.0
20230823:2111,0.0,0.0,13.09,1.79,0.0
20230823:2211,0.0,0.0,12.78,1.59,0.0
20230823:2311,0.0,0.0,12.43,1.59,0.0
20230824:0011,0.0,0.0,12.3,1.45,0.0
20230824:0111,0.0,0.0,11.99,1.45,0.0
20230824:0211,0.0,0.0,11.66,1.24,0.0
20230824:0311,0.0,0.0,11.27,1.31,0.0
20230824:0411,0.0,0.0,11.1,1.31,0.0
20230824:0511,23.16,5.9,10.98,1.24,0.0
20230824:0611,105.7,13.47,11.45,1.03,0.0
20230824:0711,172.97,21.01,12.79,1.24,0.0
20230824:0811,423.49,28.1,13.69,0.83,0.0
20230824:0911,439.97,34.26,14.52,0.69,0.0
20230824:1011,483.03,38.88,15.47,0.55,0.0
20230824:1111,433.24,41.39,16.18,0.69,0.0
20230824:1211,376.07,41.37,16.28,0.41,0.0
20230824:1311,95.06,38.83,16.77,0.34,0.0
20230824:1411,188.04,34.18,16.53,1.66,0.0
20230824:1511,299.49,28.01,15.57,2.14,0.0
20230824:1611,95.63,20.9,14.69,0.97,0.0
20230824:1711,91.88,13.36,14.38,0.14,0.0
20230824:1811,19.03,5.8,14.18,0.69,0.0
20230824:1911,0.0,0.0,14.72,1.03,0.0
20230824:2011,0.0,0.0,14.09,1.66,0.0
20230824:2111,0.0,0.0,13.7,1.72,0.0
20230824:2211,0.0,0.0,12.74,1.86,0.0
20230824:2311,0.0,0.0,12.65,1.72,0.0
20230825:0011,0.0,0.0,12.55,1.45,0.0
20230825:0111,0.0,0.0,12.4,1.24,0.0
20230825:0211,0.0,0.0,12.06,1.17,0.0
20230825:0311,0.0,0.0,11.85,1.03,0.0
20230825:0411,0.0,0.0,11.55,1.03,0.0
20230825:0511,4.14,5.64,11.27,1.24,0.0
20230825:0611,47.53,13.21,12.49,1.03,0.0
20230825:0711,79.82,20.75,12.98,1.59,0.0
20230825:0811,162.01,27.83,13.36,1.66,0.0
20230825:0911,190.92,33.96,13.98,1.59,0.0
20230825:1011,305.59,38.57,14.44,1.52,0.0
20230825:1111,490.81,41.05,14.88,1.38,0.0
20230825:1211,385.91,41.02,15.22,1.17,0.0
20230825:1311,343.15,38.48,15.66,0.55,0.0
20230825:1411,280.46,33.83,15.62,0.34,0.0
20230825:1511,170.46,27.67,16.09,0.48,0.0
20230825:1611,164.97,20.57,15.61,0.14,0.0
20230825:1711,48.43,13.03,15.45,0.21,0.0
20230825:1811,4.96,5.46,15.13,0.41,0.0
20230825:1911,0.0,0.0,14.81,0.21,0.0
20230825:2011,0.0,0.0,14.25,0.62,0.0
20230825:2111,0.0,0.0,13.94,0.69,0.0
20230825:2211,0.0,0.0,13.66,0.48,0.0
20230825:2311,0.0,0.0,13.84,0.21,0.0
20230826:0011,0.0,0.0,12.32,1.03,0.0
20230826:0111,0.0,0.0,12.28,1.31,0.0
20230826:0211,0.0,0.0,12.21,1.38,0.0
20230826:0311,0.0,0.0,12.25,1.38,0.0
20230826:0411,0.0,0.0,12.28,1.45,0.0
20230826:0511,22.34,5.38,12.34,1.59,0.0
20230826:0611,68.1,12.95,12.77,1.31,0.0
20230826:0711,231.65,20.49,13.72,0.76,0.0
20230826:0811,83.4,27.56,15.2,0.69,0.0
20230826:0911,267.48,33.67,14.88,0.21,0.0
20230826:1011,510.48,38.25,16.18,0.34,0.0
20230826:1111,415.23,40.71,16.96,0.69,0.0
20230826:1211,266.5,40.67,16.98,1.52,0.0
20230826:1311,206.19,38.13,16.73,2.0,0.0
20230826:1411,352.93,33.48,16.65,2.07,0.0
20230826:1511,331.34,27.33,16.8,2.07,0.0
20230826:1611,184.73,20.24,15.39,1.86,0.0
20230826:1711,142.42,12.7,14.72,1.59,0.0
20230826:1811,8.27,5.13,14.61,1.24,0.0
20230826:1911,0.0,0.0,14.21,1.59,0.0
20230826:2011,0.0,0.0,13.36,1.66,0.0
20230826:2111,0.0,0.0,13.01,1.31,0.0
20230826:2211,0.0,0.0,12.61,1.31,0.0
20230826:2311,0.0,0.0,12.49,1.52,0.0
20230827:0011,0.0,0.0,12.36,1.45,0.0
20230827:0111,0.0,0.0,12.02,1.38,0.0
20230827:0211,0.0,0.0,11.91,1.66,0.0
20230827:0311,0.0,0.0,11.9,1.66,0.0
20230827:0411,0.0,0.0,11.42,1.72,0.0
20230827:0511,18.2,5.12,11.45,1.72,0.0
20230827:0611,105.56,12.69,12.2,1.38,0.0
20230827:0711,112.39,20.22,14.12,1.66,0.0
20230827:0811,156.22,27.28,14.09,1.86,0.0
20230827:0911,230.07,33.37,14.54,1.93,0.0
20230827:1011,421.7,37.93,15.0,2.34,0.0
20230827:1111,353.8,40.37,15.44,2.41,0.0
20230827:1211,344.86,40.32,15.32,2.9,0.0
20230827:1311,411.71,37.77,15.46,2.62,0.0
20230827:1411,200.76,33.13,15.35,2.28,0.0
20230827:1511,151.15,26.99,15.13,2.07,0.0
20230827:1611,99.28,19.9,14.77,1.79,0.0
20230827:1711,62.38,12.36,14.03,1.52,0.0
20230827:1811,23.16,4.79,13.71,1.17,0.0
20230827:1911,0.0,0.0,13.37,0.69,0.0
20230827:2011,0.0,0.0,12.7,1.03,0.0
20230827:2111,0.0,0.0,12.19,1.24,0.0
20230827:2211,0.0,0.0,12.0,1.24,0.0
20230827:2311,0.0,0.0,11.8,1.1,0.0
20230828:0011,0.0,0.0,11.8,0.97,0.0
20230828:0111,0.0,0.0,11.7,0.9,0.0
20230828:0211,0.0,0.0,11.74,0.83,0.0
20230828:0311,0.0,0.0,11.05,0.9,0.0
20230828:0411,0.0,0.0,11.09,0.83,0.0
20230828:0511,4.96,4.85,11.58,0.62,0.0
20230828:0611,44.84,12.43,11.59,0.69,0.0
20230828:0711,175.35,19.95,13.17,1.59,0.0
20230828:0811,94.17,27.0,13.48,1.93,0.0
20230828:0911,198.93,33.07,14.04,2.07,0.0
20230828:1011,695.35,37.61,14.52,2.41,0.0
20230828:1111,923.54,40.03,15.05,2.76,0.0
20230828:1211,324.99,39.96,15.46,3.1,0.0
20230828:1311,330.33,37.41,15.67,3.24,0.0
20230828:1411,221.66,32.78,15.54,3.24,0.0
20230828:1511,165.41,26.64,15.23,3.38,0.0
20230828:1611,156.69,19.56,14.86,3.17,0.0
20230828:1711,127.48,12.02,13.8,3.31,0.0
20230828:1811,3.31,4.45,13.45,2.62,0.0
20230828:1911,0.0,0.0,12.92,2.34,0.0
20230828:2011,0.0,0.0,12.51,1.66,0.0
20230828:2111,0.0,0.0,12.3,1.31,0.0
20230828:2211,0.0,0.0,11.96,1.45,0.0
20230828:2311,0.0,0.0,11.82,1.52,0.0
20230829:0011,0.0,0.0,11.58,1.38,0.0
20230829:0111,0.0,0.0,11.44,1.31,0.0
20230829:0211,0.0,0.0,11.38,1.31,0.0
20230829:0311,0.0,0.0,11.32,1.1,0.0
20230829:0411,0.0,0.0,11.05,1.03,0.0
20230829:0511,3.31,4.59,10.98,1.38,0.0
20230829:0611,86.65,12.17,11.78,1.72,0.0
20230829:0711,148.92,19.69,12.59,2.41,0.0
20230829:0811,215.05,26.72,13.11,2.9,0.0
20230829:0911,340.46,32.77,13.86,3.1,0.0
20230829:1011,213.18,37.28,14.41,3.1,0.0
20230829:1111,186.5,39.68,15.07,3.03,0.0
20230829:1211,112.1,39.6,15.58,3.24,0.0
20230829:1311,86.09,37.05,15.79,3.66,0.0
20230829:1411,92.37,32.42,15.52,3.79,0.0
20230829:1511,314.26,26.29,15.2,3.86,0.0
20230829:1611,145.16,19.21,14.78,3.93,0.0
20230829:1711,117.86,11.68,14.52,3.31,0.0
20230829:1811,20.68,4.11,14.24,3.38,0.0
20230829:1911,0.0,0.0,13.6,3.17,0.0
20230829:2011,0.0,0.0,13.16,3.1,0.0
20230829:2111,0.0,0.0,12.67,2.97,0.0
20230829:2211,0.0,0.0,12.4,2.97,0.0
20230829:2311,0.0,0.0,12.11,2.9,0.0
20230830:0011,0.0,0.0,11.95,2.9,0.0
20230830:0111,0.0,0.0,11.73,2.76,0.0
20230830:0211,0.0,0.0,11.38,2.62,0.0
20230830:0311,0.0,0.0,11.34,2.48,0.0
20230830:0411,0.0,0.0,11.36,2.62,0.0
20230830:0511,19.03,4.32,11.27,2.55,0.0
20230830:0611,79.55,11.9,11.58,2.21,0.0
20230830:0711,259.24,19.42,12.56,1.79,0.0
20230830:0811,526.85,26.43,13.42,1.79,0.0
20230830:0911,697.47,32.47,14.2,1.59,0.0
20230830:1011,705.26,36.96,14.89,0.97,0.0
20230830:1111,999.11,39.34,15.96,0.14,0.0
20230830:1211,896.42,39.24,16.66,0.62,0.0
20230830:1311,718.3,36.69,17.04,1.45,0.0
20230830:1411,376.21,32.06,17.11,1.86,0.0
20230830:1511,208.81,25.94,16.65,1.72,0.0
20230830:1611,86.76,18.86,16.2,1.31,0.0
20230830:1711,84.75,11.33,15.52,0.76,0.0
20230830:1811,3.31,3.76,14.75,1.79,0.0
20230830:1911,0.0,0.0,14.64,1.72,0.0
20230830:2011,0.0,0.0,13.52,1.86,0.0
20230830:2111,0.0,0.0,13.38,1.72,0.0
20230830:2211,0.0,0.0,13.01,1.86,0.0
20230830:2311,0.0,0.0,12.57,2.0,0.0
20230831:0011,0.0,0.0,12.11,2.07,0.0
20230831:0111,0.0,0.0,11.79,2.0,0.0
20230831:0211,0.0,0.0,11.59,1.93,0.0
20230831:0311,0.0,0.0,11.31,1.79,0.0
20230831:0411,0.0,0.0,10.87,1.72,0.0
20230831:0511,5.79,4.05,10.36,1.59,0.0
20230831:0611,73.95,11.64,11.01,1.17,0.0
20230831:0711,105.12,19.14,13.6,1.1,0.0
20230831:0811,210.72,26.15,15.03,0.9,0.0
20230831:0911,557.09,32.16,16.26,0.69,0.0
20230831:1011,811.39,36.63,17.46,0.9,0.0
20230831:1111,1000.66,38.98,18.06,1.24,0.0
20230831:1211,937.48,38.88,18.48,1.52,0.0
20230831:1311,870.3,36.32,18.53,2.0,0.0
20230831:1411,731.68,31.7,18.29,2.62,0.0
20230831:1511,582.92,25.58,17.67,2.9,0.0
20230831:1611,357.92,18.51,17.04,2.83,0.0
20230831:1711,137.16,10.99,16.31,2.41,0.0
20230831:1811,14.89,3.41,15.55,2.21,0.0
20230831:1911,0.0,0.0,14.79,2.0,0.0
20230831:2011,0.0,0.0,14.01,2.0,0.0
20230831:2111,0.0,0.0,13.41,2.14,0.0
20230831:2211,0.0,0.0,13.01,2.21,0.0
20230831:2311,0.0,0.0,12.7,2.14,0.0
20230901:0011,0.0,0.0,12.47,2.0,0.0
20230901:0111,0.0,0.0,12.27,1.86,0.0
20230901:0211,0.0,0.0,11.92,1.93,0.0
20230901:0311,0.0,0.0,11.58,1.86,0.0
20230901:0411,0.0,0.0,11.32,1.86,0.0
20230901:0511,17.37,3.78,11.11,1.79,0.0
20230901:0611,85.81,11.37,11.68,1.79,0.0
20230901:0711,216.72,18.87,12.61,2.55,0.0
20230901:0811,279.55,25.86,13.79,3.03,0.0
20230901:0911,570.33,31.86,14.83,3.24,0.0
20230901:1011,868.77,36.3,15.84,3.59,0.0
20230901:1111,1001.79,38.63,16.42,3.93,0.0
20230901:1211,979.4,38.51,16.85,4.14,0.0
20230901:1311,895.37,35.95,16.97,4.34,0.0
20230901:1411,766.36,31.34,16.79,4.55,0.0
20230901:1511,619.45,25.22,16.35,4.69,0.0
20230901:1611,365.97,18.16,15.8,4.76,0.0
20230901:1711,144.14,10.63,15.14,4.69,0.0
20230901:1811,14.06,3.06,14.41,4.48,0.0
20230901:1911,0.0,0.0,13.79,4.55,0.0
20230901:2011,0.0,0.0,13.34,4.48,0.0
20230901:2111,0.0,0.0,13.06,4.34,0.0
20230901:2211,0.0,0.0,12.74,4.21,0.0
20230901:2311,0.0,0.0,12.6,4.0,0.0
20230902:0011,0.0,0.0,12.33,3.93,0.0
20230902:0111,0.0,0.0,12.19,3.86,0.0
20230902:0211,0.0,0.0,12.09,3.72,0.0
20230902:0311,0.0,0.0,12.21,3.72,0.0
20230902:0411,0.0,0.0,12.18,3.59,0.0
20230902:0511,9.93,3.51,12.14,3.52,0.0
20230902:0611,44.84,11.1,12.24,3.59,0.0
20230902:0711,139.54,18.6,12.86,3.86,0.0
20230902:0811,147.96,25.57,13.29,4.0,0.0
20230902:0911,209.15,31.55,13.74,4.14,0.0
20230902:1011,153.36,35.96,14.38,4.14,0.0
20230902:1111,188.36,38.28,14.62,3.93,0.0
20230902:1211,168.6,38.14,14.67,3.72,0.0
20230902:1311,156.94,35.58,14.69,4.0,0.0
20230902:1411,133.63,30.97,14.5,4.55,0.0
20230902:1511,121.05,24.86,14.06,4.9,0.0
20230902:1611,114.1,17.8,13.52,4.28,0.0
20230902:1711,77.15,10.28,13.17,3.93,0.0
20230902:1811,1.65,2.7,12.86,3.52,0.0
20230902:1911,0.0,0.0,12.44,2.62,0.0
20230902:2011,0.0,0.0,12.37,2.0,0.0
20230902:2111,0.0,0.0,12.22,1.66,0.0
20230902:2211,0.0,0.0,12.24,1.31,0.0
20230902:2311,0.0,0.0,12.2,0.48,0.0
20230903:0011,0.0,0.0,11.92,1.03,0.0
20230903:0111,0.0,0.0,11.89,1.86,0.0
20230903:0211,0.0,0.0,10.98,2.41,0.0
20230903:0311,0.0,0.0,10.98,2.55,0.0
20230903:0411,0.0,0.0,10.98,3.17,0.0
20230903:0511,3.31,3.24,10.98,3.86,0.0
20230903:0611,24.21,10.83,11.62,4.07,0.0
20230903:0711,31.39,18.32,11.85,3.66,0.0
20230903:0811,52.91,25.28,12.11,3.86,0.0
20230903:0911,87.89,31.24,12.96,4.07,0.0
20230903:1011,82.51,35.63,13.46,4.0,0.0
20230903:1111,69.95,37.92,14.28,3.86,0.0
20230903:1211,46.63,37.77,14.86,3.86,0.0
20230903:1311,95.06,35.2,15.08,3.59,0.0
20230903:1411,58.29,30.6,15.57,3.45,0.0
20230903:1511,99.55,24.5,15.7,3.03,0.0
20230903:1611,50.22,17.44,15.61,2.69,0.0
20230903:1711,60.41,9.92,15.46,2.62,0.0
20230903:1811,5.79,2.34,15.31,2.48,0.0
20230903:1911,0.0,0.0,15.18,2.62,0.0
20230903:2011,0.0,0.0,15.19,2.34,0.0
20230903:2111,0.0,0.0,15.21,2.07,0.0
20230903:2211,0.0,0.0,15.04,1.79,0.0
20230903:2311,0.0,0.0,14.82,1.72,0.0
20230904:0011,0.0,0.0,14.7,1.66,0.0
20230904:0111,0.0,0.0,14.57,1.59,0.0
20230904:0211,0.0,0.0,14.32,1.52,0.0
20230904:0311,0.0,0.0,14.14,1.52,0.0
20230904:0411,0.0,0.0,14.05,1.59,0.0
20230904:0511,11.58,2.97,14.11,1.93,0.0
20230904:0611,60.96,10.56,14.58,2.21,0.0
20230904:0711,163.11,18.04,15.38,2.62,0.0
20230904:0811,199.01,24.99,15.77,3.86,0.0
20230904:0911,508.49,30.92,16.64,4.14,0.0
20230904:1011,746.56,35.29,17.36,4.55,0.0
20230904:1111,599.06,37.56,18.07,4.76,0.0
20230904:1211,733.19,37.4,18.44,4.97,0.0
20230904:1311,226.58,34.83,18.1,5.1,0.0
20230904:1411,110.31,30.22,17.7,5.17,0.0
20230904:1511,63.67,24.13,17.34,4.55,0.0
20230904:1611,73.54,17.08,16.91,3.72,0.0
20230904:1711,42.58,9.56,16.31,3.24,0.0
20230904:1811,1.65,1.98,15.77,2.62,0.0
20230904:1911,0.0,0.0,15.42,2.76,0.0
20230904:2011,0.0,0.0,15.0,2.34,0.0
20230904:2111,0.0,0.0,14.73,2.14,0.0
20230904:2211,0.0,0.0,14.65,2.28,0.0
20230904:2311,0.0,0.0,14.58,2.28,0.0
20230905:0011,0.0,0.0,14.65,2.14,0.0
20230905:0111,0.0,0.0,14.55,2.07,0.0
20230905:0211,0.0,0.0,14.58,1.86,0.0
20230905:0311,0.0,0.0,14.65,1.72,0.0
20230905:0411,0.0,0.0,14.75,1.66,0.0
20230905:0511,4.14,2.69,14.63,1.79,0.0
20230905:0611,94.42,10.29,15.05,2.34,0.0
20230905:0711,184.36,17.76,15.59,3.1,0.0
20230905:0811,105.82,24.7,16.06,2.9,0.0
20230905:0911,170.22,30.61,16.16,3.17,0.0
20230905:1011,89.68,34.95,16.11,3.1,0.0
20230905:1111,116.59,37.2,16.08,2.9,0.0
20230905:1211,316.65,37.02,16.17,3.03,0.0
20230905:1311,203.49,34.45,15.97,3.31,0.0
20230905:1411,201.54,29.85,15.74,3.66,0.0
20230905:1511,362.82,23.76,15.32,3.72,0.0
20230905:1611,222.6,16.72,15.06,3.72,0.0
20230905:1711,126.12,9.2,14.46,3.52,0.0
20230905:1811,2.48,1.62,13.69,3.38,0.0
20230905:1911,0.0,0.0,13.41,2.9,0.0
20230905:2011,0.0,0.0,12.75,3.1,0.0
20230905:2111,0.0,0.0,12.17,3.1,0.0
20230905:2211,0.0,0.0,11.79,2.97,0.0
20230905:2311,0.0,0.0,11.52,2.76,0.0
20230906:0011,0.0,0.0,11.21,2.34,0.0
20230906:0111,0.0,0.0,10.81,1.86,0.0
20230906:0211,0.0,0.0,10.5,1.79,0.0
20230906:0311,0.0,0.0,10.22,2.07,0.0
20230906:0411,0.0,0.0,10.11,2.14,0.0
20230906:0511,7.45,2.42,9.88,1.79,0.0
20230906:0611,90.34,10.01,10.01,1.1,0.0
20230906:0711,314.56,17.48,11.18,0.62,0.0
20230906:0811,511.24,24.4,12.92,0.62,0.0
20230906:0911,720.3,30.29,14.87,1.03,0.0
20230906:1011,858.05,34.61,16.63,1.45,0.0
20230906:1111,958.7,36.83,17.75,1.79,0.0
20230906:1211,905.95,36.64,18.4,2.14,0.0
20230906:1311,826.6,34.07,18.67,2.21,0.0
20230906:1411,632.67,29.47,18.56,2.21,0.0
20230906:1511,573.5,23.39,18.27,1.79,0.0
20230906:1611,319.59,16.35,17.88,1.1,0.0
20230906:1711,81.55,8.84,17.28,0.9,0.0
20230906:1811,1.65,1.26,16.6,1.1,0.0
20230906:1911,0.0,0.0,15.89,0.69,0.0
20230906:2011,0.0,0.0,15.32,0.76,0.0
20230906:2111,0.0,0.0,13.87,1.31,0.0
20230906:2211,0.0,0.0,13.19,1.86,0.0
20230906:2311,0.0,0.0,12.86,1.93,0.0
20230907:0011,0.0,0.0,12.49,1.93,0.0
20230907:0111,0.0,0.0,12.38,2.0,0.0
20230907:0211,0.0,0.0,12.37,2.21,0.0
20230907:0311,0.0,0.0,12.59,2.34,0.0
20230907:0411,0.0,0.0,12.78,2.34,0.0
20230907:0511,1.65,2.14,12.85,2.41,0.0
20230907:0611,83.11,9.74,13.53,2.21,0.0
20230907:0711,272.66,17.2,15.49,2.28,0.0
20230907:0811,438.6,24.11,17.29,2.41,0.0
20230907:0911,600.83,29.97,18.89,2.76,0.0
20230907:1011,715.88,34.26,20.13,3.38,0.0
20230907:1111,809.95,36.47,20.75,3.79,0.0
20230907:1211,786.64,36.26,21.06,4.0,0.0
20230907:1311,660.23,33.68,21.04,3.86,0.0
20230907:1411,521.91,29.09,20.92,3.72,0.0
20230907:1511,258.08,23.01,20.56,3.17,0.0
20230907:1611,201.44,15.98,20.16,2.34,0.0
20230907:1711,40.0,8.47,19.61,1.93,0.0
20230907:1811,0.0,0.0,18.55,1.86,0.0
20230907:1911,0.0,0.0,17.68,2.21,0.0
20230907:2011,0.0,0.0,17.37,2.28,0.0
20230907:2111,0.0,0.0,17.16,2.48,0.0
20230907:2211,0.0,0.0,17.01,2.69,0.0
20230907:2311,0.0,0.0,16.93,2.9,0.0
20230908:0011,0.0,0.0,16.89,3.1,0.0
20230908:0111,0.0,0.0,16.96,3.31,0.0
20230908:0211,0.0,0.0,16.89,3.24,0.0
20230908:0311,0.0,0.0,16.74,3.03,0.0
20230908:0411,0.0,0.0,16.39,2.76,0.0
20230908:0511,3.31,1.86,16.06,2.69,0.0
20230908:0611,43.84,9.46,16.05,2.55,0.0
20230908:0711,166.26,16.92,17.12,2.76,0.0
20230908:0811,204.27,23.81,18.46,2.69,0.0
20230908:0911,276.3,29.65,20.08,2.55,0.0
20230908:1011,792.25,33.92,21.07,2.83,0.0
20230908:1111,911.54,36.1,21.36,3.31,0.0
20230908:1211,895.0,35.88,21.51,3.45,0.0
20230908:1311,801.12,33.3,21.47,3.24,0.0
20230908:1411,683.21,28.71,21.21,2.97,0.0
20230908:1511,535.38,22.64,20.84,2.48,0.0
20230908:1611,294.05,15.61,20.22,2.0,0.0
20230908:1711,17.94,8.1,19.51,1.45,0.0
20230908:1811,0.0,0.0,18.5,1.31,0.0
20230908:1911,0.0,0.0,17.58,1.24,0.0
20230908:2011,0.0,0.0,17.02,0.97,0.0
20230908:2111,0.0,0.0,16.63,1.03,0.0
20230908:2211,0.0,0.0,16.18,1.17,0.0
20230908:2311,0.0,0.0,16.07,1.45,0.0
20230909:0011,0.0,0.0,16.05,1.66,0.0
20230909:0111,0.0,0.0,15.88,1.79,0.0
20230909:0211,0.0,0.0,15.7,1.79,0.0
20230909:0311,0.0,0.0,15.19,1.93,0.0
20230909:0411,0.0,0.0,14.74,2.0,0.0
20230909:0511,3.31,1.58,14.52,2.07,0.0
20230909:0611,95.73,9.18,14.91,2.07,0.0
20230909:0711,154.06,16.63,16.43,2.34,0.0
20230909:0811,466.71,23.51,18.04,2.9,0.0
20230909:0911,446.95,29.33,19.54,3.72,0.0
20230909:1011,116.59,33.57,20.72,4.48,0.0
20230909:1111,401.07,35.73,21.21,5.93,0.0
20230909:1211,780.82,35.5,20.75,5.45,0.0
20230909:1311,701.44,32.91,20.27,5.45,0.0
20230909:1411,560.92,28.33,19.77,5.24,0.0
20230909:1511,505.79,22.26,18.94,4.97,0.0
20230909:1611,119.66,15.24,18.16,4.41,0.0
20230909:1711,26.01,7.73,17.36,3.52,0.0
20230909:1811,0.0,0.0,16.52,2.97,0.0
20230909:1911,0.0,0.0,16.02,2.69,0.0
20230909:2011,0.0,0.0,15.65,2.34,0.0
20230909:2111,0.0,0.0,15.37,2.34,0.0
20230909:2211,0.0,0.0,15.33,2.14,0.0
20230909:2311,0.0,0.0,15.31,2.07,0.0
20230910:0011,0.0,0.0,15.37,1.86,0.0
20230910:0111,0.0,0.0,15.46,1.79,0.0
20230910:0211,0.0,0.0,15.43,1.72,0.0
20230910:0311,0.0,0.0,15.43,1.72,0.0
20230910:0411,0.0,0.0,15.47,1.72,0.0
20230910:0511,0.0,0.0,15.42,1.52,0.0
20230910:0611,50.88,8.9,15.55,1.52,0.0
20230910:0711,27.8,16.35,16.37,1.66,0.0
20230910:0811,124.39,23.21,16.72,1.72,0.0
20230910:0911,45.74,29.01,16.87,2.14,0.0
20230910:1011,70.85,33.22,17.26,2.21,0.0
20230910:1111,101.34,35.36,17.68,2.07,0.0
20230910:1211,78.92,35.11,17.86,2.21,0.0
20230910:1311,77.13,32.52,18.14,2.55,0.0
20230910:1411,67.26,27.94,17.85,2.62,0.0
20230910:1511,79.82,21.88,17.74,2.34,0.0
20230910:1611,73.61,14.87,17.51,2.55,0.0
20230910:1711,50.88,7.36,17.0,2.28,0.0
20230910:1811,0.0,0.0,16.49,2.28,0.0
20230910:1911,0.0,0.0,16.42,2.76,0.0
20230910:2011,0.0,0.0,16.07,3.1,0.0
20230910:2111,0.0,0.0,15.97,3.66,0.0
20230910:2211,0.0,0.0,16.07,3.86,0.0
20230910:2311,0.0,0.0,16.18,4.0,0.0
20230911:0011,0.0,0.0,16.33,4.21,0.0
20230911:0111,0.0,0.0,16.51,4.14,0.0
20230911:0211,0.0,0.0,16.2,4.21,0.0
20230911:0311,0.0,0.0,16.2,5.17,0.0
20230911:0411,0.0,0.0,16.3,6.9,0.0
20230911:0511,0.0,0.0,16.34,7.86,0.0
20230911:0611,61.69,8.62,16.3,7.66,0.0
20230911:0711,86.1,16.06,16.72,6.69,0.0
20230911:0811,36.77,22.9,17.07,7.03,0.0
20230911:0911,41.25,28.68,17.48,5.03,0.0
20230911:1011,81.61,32.87,17.73,5.72,0.0
20230911:1111,79.82,34.99,17.83,5.45,0.0
20230911:1211,52.91,34.73,17.78,5.72,0.0
20230911:1311,52.91,32.13,17.69,5.31,0.0
20230911:1411,43.05,27.55,17.53,4.97,0.0
20230911:1511,27.8,21.5,16.78,3.93,0.0
20230911:1611,16.14,14.49,15.87,3.17,0.0
20230911:1711,21.52,6.99,15.26,2.69,0.0
20230911:1811,0.0,0.0,14.77,2.76,0.0
20230911:1911,0.0,0.0,14.46,3.52,0.0
20230911:2011,0.0,0.0,14.07,3.31,0.0
20230911:2111,0.0,0.0,13.88,3.03,0.0
20230911:2211,0.0,0.0,13.68,2.76,0.0
20230911:2311,0.0,0.0,13.42,2.55,0.0
20230912:0011,0.0,0.0,12.96,2.48,0.0
20230912:0111,0.0,0.0,12.6,2.21,0.0
20230912:0211,0.0,0.0,12.28,2.07,0.0
20230912:0311,0.0,0.0,12.11,1.79,0.0
20230912:0411,0.0,0.0,12.0,1.59,0.0
20230912:0511,0.0,0.0,11.8,1.86,0.0
20230912:0611,83.02,8.34,11.74,2.07,0.0
20230912:0711,238.18,15.77,12.35,2.34,0.0
20230912:0811,376.21,22.6,12.86,3.1,0.0
20230912:0911,332.7,28.36,13.38,3.66,0.0
20230912:1011,812.37,32.52,14.07,3.86,0.0
20230912:1111,886.46,34.61,14.52,3.93,0.0
20230912:1211,679.06,34.34,14.78,4.07,0.0
20230912:1311,312.77,31.74,14.6,4.28,0.0
20230912:1411,501.84,27.16,14.41,4.34,0.0
20230912:1511,348.03,21.12,13.9,4.55,0.0
20230912:1611,239.45,14.11,13.36,4.62,0.0
20230912:1711,42.75,6.61,12.64,4.97,0.0
20230912:1811,0.0,0.0,11.91,5.17,0.0
20230912:1911,0.0,0.0,12.16,4.0,0.0
20230912:2011,0.0,0.0,11.7,4.34,0.0
20230912:2111,0.0,0.0,11.33,4.55,0.0
20230912:2211,0.0,0.0,10.82,4.48,0.0
20230912:2311,0.0,0.0,10.52,4.48,0.0
20230913:0011,0.0,0.0,10.23,4.41,0.0
20230913:0111,0.0,0.0,10.04,4.41,0.0
20230913:0211,0.0,0.0,9.97,4.34,0.0
20230913:0311,0.0,0.0,9.83,4.14,0.0
20230913:0411,0.0,0.0,9.63,4.0,0.0
20230913:0511,0.0,0.0,9.36,3.79,0.0
20230913:0611,90.87,8.06,9.35,3.59,0.0
20230913:0711,296.57,15.48,10.02,3.59,0.0
20230913:0811,518.72,22.29,10.78,4.14,0.0
20230913:0911,650.76,28.03,11.44,4.41,0.0
20230913:1011,857.51,32.17,12.04,4.69,0.0
20230913:1111,904.05,34.24,12.47,4.76,0.0
20230913:1211,891.63,33.95,12.82,4.83,0.0
20230913:1311,717.75,31.35,13.07,4.9,0.0
20230913:1411,481.39,26.77,13.06,4.83,0.0
20230913:1511,514.05,20.73,12.87,4.69,0.0
20230913:1611,314.03,13.74,12.5,4.48,0.0
20230913:1711,99.15,6.24,11.95,4.07,0.0
20230913:1811,0.0,0.0,11.15,3.52,0.0
20230913:1911,0.0,0.0,10.48,3.17,0.0
20230913:2011,0.0,0.0,10.13,2.55,0.0
20230913:2111,0.0,0.0,9.95,2.34,0.0
20230913:2211,0.0,0.0,9.9,2.07,0.0
20230913:2311,0.0,0.0,9.69,1.45,0.0
20230914:0011,0.0,0.0,9.37,0.83,0.0
20230914:0111,0.0,0.0,10.02,0.28,0.0
20230914:0211,0.0,0.0,9.67,0.62,0.0
20230914:0311,0.0,0.0,8.59,1.38,0.0
20230914:0411,0.0,0.0,8.79,1.86,0.0
20230914:0511,0.0,0.0,8.96,2.34,0.0
20230914:0611,35.94,7.78,9.61,2.69,0.0
20230914:0711,108.53,15.19,10.87,3.59,0.0
20230914:0811,129.21,21.98,11.68,4.41,0.0
20230914:0911,143.7,27.7,12.14,5.31,0.0
20230914:1011,125.56,31.81,12.16,5.72,0.0
20230914:1111,95.96,33.86,12.62,6.76,0.0
20230914:1211,95.06,33.56,12.24,5.66,0.0
20230914:1311,216.45,30.95,13.04,6.76,0.0
20230914:1411,73.54,26.38,13.13,6.48,0.0
20230914:1511,55.6,20.35,13.16,6.21,0.0
20230914:1611,79.91,13.36,13.11,5.31,0.0
20230914:1711,5.38,5.86,13.14,4.14,0.0
20230914:1811,0.0,0.0,12.98,3.52,0.0
20230914:1911,0.0,0.0,12.34,3.17,0.0
20230914:2011,0.0,0.0,12.12,2.9,0.0
20230914:2111,0.0,0.0,11.82,2.9,0.0
20230914:2211,0.0,0.0,11.76,3.1,0.0
20230914:2311,0.0,0.0,11.87,3.31,0.0
20230915:0011,0.0,0.0,11.97,3.59,0.0
20230915:0111,0.0,0.0,12.11,3.72,0.0
20230915:0211,0.0,0.0,12.23,3.79,0.0
20230915:0311,0.0,0.0,12.24,3.86,0.0
20230915:0411,0.0,0.0,12.48,3.24,0.0
20230915:0511,0.0,0.0,12.61,2.76,0.0
20230915:0611,25.11,7.49,12.73,2.62,0.0
20230915:0711,64.57,14.9,13.25,2.48,0.0
20230915:0811,181.15,21.68,13.74,2.69,0.0
20230915:0911,160.37,27.37,14.34,2.9,0.0
20230915:1011,223.21,31.46,14.63,3.1,0.0
20230915:1111,224.68,33.48,14.69,3.24,0.0
20230915:1211,124.66,33.17,14.39,3.03,0.0
20230915:1311,119.28,30.56,14.05,2.69,0.0
20230915:1411,60.09,25.99,13.53,2.14,0.0
20230915:1511,52.02,19.96,12.29,1.24,0.0
20230915:1611,46.63,12.97,12.48,0.41,0.0
20230915:1711,5.38,5.48,12.12,0.97,0.0
20230915:1811,0.0,0.0,11.67,1.93,0.0
20230915:1911,0.0,0.0,11.65,1.66,0.0
20230915:2011,0.0,0.0,11.59,2.28,0.0
20230915:2111,0.0,0.0,11.52,2.76,0.0
20230915:2211,0.0,0.0,11.44,2.83,0.0
20230915:2311,0.0,0.0,11.42,2.76,0.0
20230916:0011,0.0,0.0,11.51,2.83,0.0
20230916:0111,0.0,0.0,11.47,2.83,0.0
20230916:0211,0.0,0.0,11.44,3.17,0.0
20230916:0311,0.0,0.0,11.28,3.59,0.0
20230916:0411,0.0,0.0,11.6,3.59,0.0
20230916:0511,0.0,0.0,11.45,3.31,0.0
20230916:0611,11.66,7.21,11.29,2.9,0.0
20230916:0711,59.19,14.6,11.46,2.83,0.0
20230916:0811,172.34,21.37,11.68,2.62,0.0
20230916:0911,218.94,27.03,12.25,2.69,0.0
20230916:1011,207.98,31.1,12.69,2.9,0.0
20230916:1111,233.99,33.1,13.11,3.45,0.0
20230916:1211,320.65,32.77,13.38,4.0,0.0
20230916:1311,289.49,30.16,13.33,4.0,0.0
20230916:1411,108.52,25.6,13.31,3.86,0.0
20230916:1511,62.78,19.58,13.27,3.45,0.0
20230916:1611,40.36,12.59,13.07,3.31,0.0
20230916:1711,47.25,5.1,12.75,3.45,0.0
20230916:1811,0.0,0.0,11.98,3.31,0.0
20230916:1911,0.0,0.0,11.83,3.38,0.0
20230916:2011,0.0,0.0,11.45,3.38,0.0
20230916:2111,0.0,0.0,11.01,3.31,0.0
20230916:2211,0.0,0.0,10.44,3.17,0.0
20230916:2311,0.0,0.0,10.12,2.97,0.0
20230917:0011,0.0,0.0,9.76,2.69,0.0
20230917:0111,0.0,0.0,9.43,2.55,0.0
20230917:0211,0.0,0.0,9.1,2.34,0.0
20230917:0311,0.0,0.0,8.68,2.14,0.0
20230917:0411,0.0,0.0,8.19,1.93,0.0
20230917:0511,0.0,0.0,7.71,1.79,0.0
20230917:0611,78.49,6.92,7.41,1.66,0.0
20230917:0711,282.32,14.31,8.93,1.31,0.0
20230917:0811,498.93,21.06,10.47,1.38,0.0
20230917:0911,660.34,26.7,12.09,1.31,0.0
20230917:1011,802.92,30.74,13.67,1.52,0.0
20230917:1111,892.08,32.72,14.86,1.86,0.0
20230917:1211,877.59,32.38,15.54,2.0,0.0
20230917:1311,814.96,29.76,15.77,1.59,0.0
20230917:1411,678.77,25.2,15.87,0.97,0.0
20230917:1511,501.28,19.19,15.91,0.48,0.0
20230917:1611,229.67,12.21,15.56,0.76,0.0
20230917:1711,61.2,4.72,14.78,1.38,0.0
20230917:1811,0.0,0.0,13.65,1.93,0.0
20230917:1911,0.0,0.0,13.13,2.0,0.0
20230917:2011,0.0,0.0,12.96,2.62,0.0
20230917:2111,0.0,0.0,12.78,2.9,0.0
20230917:2211,0.0,0.0,12.58,3.31,0.0
20230917:2311,0.0,0.0,12.71,3.93,0.0
20230918:0011,0.0,0.0,13.02,4.34,0.0
20230918:0111,0.0,0.0,12.96,4.9,0.0
20230918:0211,0.0,0.0,12.27,5.1,0.0
20230918:0311,0.0,0.0,11.88,5.52,0.0
20230918:0411,0.0,0.0,12.1,5.52,0.0
20230918:0511,0.0,0.0,12.0,5.72,0.0
20230918:0611,30.73,6.64,13.09,6.34,0.0
20230918:0711,28.7,14.01,13.87,6.07,0.0
20230918:0811,39.46,20.74,14.74,6.55,0.0
20230918:0911,91.48,26.37,15.64,6.41,0.0
20230918:1011,113.9,30.38,16.77,6.21,0.0
20230918:1111,90.58,32.34,17.31,5.45,0.0
20230918:1211,60.98,31.99,17.39,6.0,0.0
20230918:1311,53.81,29.36,16.6,6.14,0.0
20230918:1411,48.43,24.81,15.63,6.41,0.0
20230918:1511,41.25,18.8,14.7,6.48,0.0
20230918:1611,26.9,11.83,14.21,6.62,0.0
20230918:1711,3.59,4.34,14.01,6.9,0.0
20230918:1811,0.0,0.0,14.21,5.86,0.0
20230918:1911,0.0,0.0,15.1,7.03,0.0
20230918:2011,0.0,0.0,14.83,6.83,0.0
20230918:2111,0.0,0.0,14.55,7.03,0.0
20230918:2211,0.0,0.0,14.35,7.1,0.0
20230918:2311,0.0,0.0,13.95,6.48,0.0
20230919:0011,0.0,0.0,13.45,4.83,0.0
20230919:0111,0.0,0.0,13.09,4.14,0.0
20230919:0211,0.0,0.0,12.41,3.72,0.0
20230919:0311,0.0,0.0,11.83,3.38,0.0
20230919:0411,0.0,0.0,11.54,2.76,0.0
20230919:0511,0.0,0.0,11.05,2.34,0.0
20230919:0611,51.3,6.35,10.58,2.62,0.0
20230919:0711,131.25,13.72,10.32,3.86,0.0
20230919:0811,317.4,20.43,11.09,3.17,0.0
20230919:0911,155.45,26.03,11.81,3.03,0.0
20230919:1011,113.0,30.02,12.25,3.59,0.0
20230919:1111,473.01,31.96,12.63,3.66,0.0
20230919:1211,193.3,31.59,12.94,3.72,0.0
20230919:1311,283.95,28.97,12.85,3.79,0.0
20230919:1411,214.78,24.41,12.6,3.52,0.0
20230919:1511,61.88,18.41,12.03,3.24,0.0
20230919:1611,32.29,11.44,11.52,2.62,0.0
20230919:1711,9.87,3.96,10.85,2.0,0.0
20230919:1811,0.0,0.0,10.26,2.0,0.0
20230919:1911,0.0,0.0,9.5,1.66,0.0
20230919:2011,0.0,0.0,8.96,1.45,0.0
20230919:2111,0.0,0.0,8.76,1.52,0.0
20230919:2211,0.0,0.0,8.53,1.72,0.0
20230919:2311,0.0,0.0,9.15,2.21,0.0
20230920:0011,0.0,0.0,9.8,2.48,0.0
20230920:0111,0.0,0.0,9.93,2.55,0.0
20230920:0211,0.0,0.0,9.42,2.9,0.0
20230920:0311,0.0,0.0,9.52,3.17,0.0
20230920:0411,0.0,0.0,9.53,3.72,0.0
20230920:0511,0.0,0.0,9.45,4.07,0.0
20230920:0611,49.27,6.06,9.8,4.48,0.0
20230920:0711,72.61,13.42,10.78,5.17,0.0
20230920:0811,50.22,20.12,12.66,5.66,0.0
20230920:0911,52.02,25.69,14.21,6.14,0.0
20230920:1011,48.43,29.66,15.0,6.48,0.0
20230920:1111,88.79,31.58,15.38,6.76,0.0
20230920:1211,64.57,31.2,15.29,7.03,0.0
20230920:1311,79.82,28.57,15.23,7.24,0.0
20230920:1411,72.64,24.02,15.2,7.45,0.0
20230920:1511,37.67,18.02,15.12,7.59,0.0
20230920:1611,14.35,11.06,15.04,7.66,0.0
20230920:1711,5.38,3.58,15.17,7.66,0.0
20230920:1811,0.0,0.0,15.12,7.59,0.0
20230920:1911,0.0,0.0,15.28,7.31,0.0
20230920:2011,0.0,0.0,14.84,7.38,0.0
20230920:2111,0.0,0.0,14.87,7.59,0.0
20230920:2211,0.0,0.0,15.02,7.1,0.0
20230920:2311,0.0,0.0,15.31,6.34,0.0
20230921:0011,0.0,0.0,15.22,5.52,0.0
20230921:0111,0.0,0.0,15.1,5.17,0.0
20230921:0211,0.0,0.0,14.94,4.55,0.0
20230921:0311,0.0,0.0,14.67,4.14,0.0
20230921:0411,0.0,0.0,14.51,3.86,0.0
20230921:0511,0.0,0.0,14.1,3.86,0.0
20230921:0611,4.48,5.77,13.8,2.76,0.0
20230921:0711,20.63,13.12,13.56,2.97,0.0
20230921:0811,69.95,19.8,13.33,3.24,0.0
20230921:0911,96.86,25.36,13.35,3.59,0.0
20230921:1011,165.43,29.3,13.9,4.0,0.0
20230921:1111,205.41,31.19,14.74,4.41,0.0
20230921:1211,144.75,30.8,15.38,5.24,0.0
20230921:1311,242.71,28.17,15.65,5.31,0.0
20230921:1411,238.96,23.62,15.62,5.38,0.0
20230921:1511,197.01,17.63,15.34,5.38,0.0
20230921:1611,161.45,10.67,14.87,4.83,0.0
20230921:1711,35.24,3.2,14.4,4.55,0.0
20230921:1811,0.0,0.0,13.81,4.34,0.0
20230921:1911,0.0,0.0,13.69,4.28,0.0
20230921:2011,0.0,0.0,13.4,4.07,0.0
20230921:2111,0.0,0.0,13.22,3.66,0.0
20230921:2211,0.0,0.0,13.02,3.31,0.0
20230921:2311,0.0,0.0,12.87,2.9,0.0
20230922:0011,0.0,0.0,12.8,2.83,0.0
20230922:0111,0.0,0.0,12.74,2.76,0.0
20230922:0211,0.0,0.0,12.56,2.76,0.0
20230922:0311,0.0,0.0,12.33,2.55,0.0
20230922:0411,0.0,0.0,12.14,2.55,0.0
20230922:0511,0.0,0.0,11.98,2.41,0.0
20230922:0611,49.37,5.48,11.84,2.55,0.0
20230922:0711,125.89,12.82,12.5,3.03,0.0
20230922:0811,353.74,19.48,13.32,3.24,0.0
20230922:0911,398.17,25.02,14.05,3.72,0.0
20230922:1011,326.39,28.93,14.7,3.66,0.0
20230922:1111,139.9,30.81,14.93,3.79,0.0
20230922:1211,81.61,30.4,15.07,3.93,0.0
20230922:1311,145.27,27.77,15.06,4.07,0.0
20230922:1411,28.7,23.23,14.91,4.28,0.0
20230922:1511,108.7,17.24,14.31,4.28,0.0
20230922:1611,160.02,10.29,13.04,4.07,0.0
20230922:1711,9.1,2.81,12.8,3.66,0.0
20230922:1811,0.0,0.0,12.37,3.52,0.0
20230922:1911,0.0,0.0,12.12,3.31,0.0
20230922:2011,0.0,0.0,11.67,3.17,0.0
20230922:2111,0.0,0.0,11.4,3.17,0.0
20230922:2211,0.0,0.0,11.36,2.97,0.0
20230922:2311,0.0,0.0,11.18,2.97,0.0
20230923:0011,0.0,0.0,11.21,2.83,0.0
20230923:0111,0.0,0.0,11.2,2.69,0.0
20230923:0211,0.0,0.0,10.88,2.55,0.0
20230923:0311,0.0,0.0,10.69,2.28,0.0
20230923:0411,0.0,0.0,10.27,2.07,0.0
20230923:0511,0.0,0.0,9.89,2.07,0.0
20230923:0611,6.28,5.19,10.04,2.14,0.0
20230923:0711,145.88,12.52,10.29,1.93,0.0
20230923:0811,292.37,19.17,11.46,2.07,0.0
20230923:0911,147.86,24.68,11.79,2.83,0.0
20230923:1011,453.99,28.57,12.27,3.38,0.0
20230923:1111,384.22,30.43,12.08,4.0,0.0
20230923:1211,420.68,30.01,12.03,3.86,0.0
20230923:1311,514.59,27.37,12.15,4.28,0.0
20230923:1411,147.73,22.83,12.15,4.0,0.0
20230923:1511,145.46,16.85,11.39,4.41,0.0
20230923:1611,149.66,9.9,11.44,3.93,0.0
20230923:1711,4.96,2.43,11.01,3.31,0.0
20230923:1811,0.0,0.0,10.53,3.17,0.0
20230923:1911,0.0,0.0,10.28,3.45,0.0
20230923:2011,0.0,0.0,10.19,2.55,0.0
20230923:2111,0.0,0.0,10.07,2.14,0.0
20230923:2211,0.0,0.0,9.67,1.86,0.0
20230923:2311,0.0,0.0,9.52,1.72,0.0
20230924:0011,0.0,0.0,9.68,1.72,0.0
20230924:0111,0.0,0.0,9.6,1.66,0.0
20230924:0211,0.0,0.0,9.53,1.66,0.0
20230924:0311,0.0,0.0,9.53,1.72,0.0
20230924:0411,0.0,0.0,9.39,1.86,0.0
20230924:0511,0.0,0.0,9.47,2.28,0.0
20230924:0611,28.28,4.9,9.67,2.41,0.0
20230924:0711,149.69,12.22,9.95,3.1,0.0
20230924:0811,146.09,18.85,10.84,3.66,0.0
20230924:0911,98.65,24.34,11.7,4.48,0.0
20230924:1011,372.64,28.21,12.26,5.03,0.0
20230924:1111,155.08,30.04,13.09,5.79,0.0
20230924:1211,134.52,29.61,13.61,5.72,0.0
20230924:1311,52.02,26.97,13.96,6.14,0.0
20230924:1411,52.91,22.43,14.15,6.83,0.0
20230924:1511,39.46,16.46,14.36,7.17,0.0
20230924:1611,18.83,9.52,14.52,6.97,0.0
20230924:1711,1.65,2.05,14.27,6.28,0.0
20230924:1811,0.0,0.0,14.37,6.14,0.0
20230924:1911,0.0,0.0,14.53,6.0,0.0
20230924:2011,0.0,0.0,14.65,6.34,0.0
20230924:2111,0.0,0.0,14.66,6.62,0.0
20230924:2211,0.0,0.0,14.33,7.31,0.0
20230924:2311,0.0,0.0,14.38,8.21,0.0
20230925:0011,0.0,0.0,14.47,8.83,0.0
20230925:0111,0.0,0.0,14.94,9.31,0.0
20230925:0211,0.0,0.0,14.81,9.72,0.0
20230925:0311,0.0,0.0,14.0,9.93,0.0
20230925:0411,0.0,0.0,13.94,9.79,0.0
20230925:0511,0.0,0.0,14.32,9.79,0.0
20230925:0611,10.76,4.61,13.91,9.93,0.0
20230925:0711,160.0,11.92,14.06,8.97,0.0
20230925:0811,70.85,18.53,14.72,7.45,0.0
20230925:0911,111.54,23.99,15.37,6.69,0.0
20230925:1011,248.4,27.84,15.89,6.0,0.0
20230925:1111,399.29,29.66,16.38,6.07,0.0
20230925:1211,93.27,29.21,16.48,6.69,0.0
20230925:1311,73.54,26.57,15.99,6.21,0.0
20230925:1411,59.19,22.04,16.03,6.21,0.0
20230925:1511,97.85,16.07,15.66,5.72,0.0
20230925:1611,51.16,9.14,14.25,5.45,0.0
20230925:1711,0.83,1.67,14.12,5.86,0.0
20230925:1811,0.0,0.0,13.7,5.52,0.0
20230925:1911,0.0,0.0,13.76,5.72,0.0
20230925:2011,0.0,0.0,13.74,5.52,0.0
20230925:2111,0.0,0.0,13.7,4.69,0.0
20230925:2211,0.0,0.0,13.66,4.34,0.0
20230925:2311,0.0,0.0,13.46,3.93,0.0
20230926:0011,0.0,0.0,13.38,3.79,0.0
20230926:0111,0.0,0.0,13.3,3.66,0.0
20230926:0211,0.0,0.0,13.18,3.66,0.0
20230926:0311,0.0,0.0,13.06,3.86,0.0
20230926:0411,0.0,0.0,13.12,4.28,0.0
20230926:0511,0.0,0.0,13.17,4.62,0.0
20230926:0611,21.51,4.31,13.1,4.9,0.0
20230926:0711,203.01,11.61,13.18,4.69,0.0
20230926:0811,118.88,18.21,13.92,4.83,0.0
20230926:0911,488.56,23.65,15.01,5.38,0.0
20230926:1011,599.24,27.48,16.02,6.0,0.0
20230926:1111,295.99,29.27,16.94,6.41,0.0
20230926:1211,210.08,28.82,17.37,6.28,0.0
20230926:1311,147.86,26.17,17.39,5.86,0.0
20230926:1411,296.44,21.64,17.32,5.72,0.0
20230926:1511,63.67,15.68,17.22,5.79,0.0
20230926:1611,17.94,8.75,16.81,6.0,0.0
20230926:1711,0.83,1.29,16.17,6.21,0.0
20230926:1811,0.0,0.0,15.88,6.48,0.0
20230926:1911,0.0,0.0,15.63,6.62,0.0
20230926:2011,0.0,0.0,15.55,7.17,0.0
20230926:2111,0.0,0.0,15.23,7.24,0.0
20230926:2211,0.0,0.0,14.72,7.45,0.0
20230926:2311,0.0,0.0,14.58,7.03,0.0
20230927:0011,0.0,0.0,14.24,5.59,0.0
20230927:0111,0.0,0.0,14.3,4.9,0.0
20230927:0211,0.0,0.0,14.06,4.55,0.0
20230927:0311,0.0,0.0,14.03,4.21,0.0
20230927:0411,0.0,0.0,13.3,4.0,0.0
20230927:0511,0.0,0.0,12.66,4.14,0.0
20230927:0611,19.86,4.02,12.22,3.38,0.0
20230927:0711,216.99,11.31,13.54,3.03,0.0
20230927:0811,422.53,17.89,13.83,3.45,0.0
20230927:0911,90.58,23.31,14.42,3.1,0.0
20230927:1011,401.23,27.11,15.07,3.17,0.0
20230927:1111,526.37,28.89,15.18,2.62,0.0
20230927:1211,621.84,28.42,15.13,2.21,0.0
20230927:1311,568.79,25.77,15.44,2.62,0.0
20230927:1411,215.69,21.25,15.27,3.03,0.0
20230927:1511,304.78,15.29,14.99,3.38,0.0
20230927:1611,41.44,8.37,14.48,3.38,0.0
20230927:1711,0.0,0.0,13.89,2.83,0.0
20230927:1811,0.0,0.0,13.4,2.69,0.0
20230927:1911,0.0,0.0,13.34,3.03,0.0
20230927:2011,0.0,0.0,13.11,3.1,0.0
20230927:2111,0.0,0.0,13.02,3.17,0.0
20230927:2211,0.0,0.0,12.97,3.24,0.0
20230927:2311,0.0,0.0,12.99,3.45,0.0
20230928:0011,0.0,0.0,13.21,3.93,0.0
20230928:0111,0.0,0.0,13.78,4.97,0.0
20230928:0211,0.0,0.0,14.27,5.59,0.0
20230928:0311,0.0,0.0,14.41,6.21,0.0
20230928:0411,0.0,0.0,14.44,7.31,0.0
20230928:0511,0.0,0.0,15.48,7.66,0.0
20230928:0611,2.48,3.73,16.06,8.55,0.0
20230928:0711,79.09,11.01,15.55,8.76,0.0
20230928:0811,98.12,17.57,15.04,9.52,0.0
20230928:0911,62.78,22.97,15.07,9.59,0.0
20230928:1011,98.65,26.74,15.36,8.55,0.0
20230928:1111,78.02,28.5,15.7,7.79,0.0
20230928:1211,63.67,28.02,15.84,7.24,0.0
20230928:1311,98.65,25.37,15.21,7.72,0.0
20230928:1411,239.3,20.85,15.16,7.1,0.0
20230928:1511,34.08,14.9,15.18,6.0,0.0
20230928:1611,32.29,7.98,14.88,5.72,0.0
20230928:1711,0.0,0.0,14.62,5.24,0.0
20230928:1811,0.0,0.0,14.4,4.97,0.0
20230928:1911,0.0,0.0,13.85,5.24,0.0
20230928:2011,0.0,0.0,13.62,5.66,0.0
20230928:2111,0.0,0.0,13.56,5.31,0.0
20230928:2211,0.0,0.0,13.47,4.14,0.0
20230928:2311,0.0,0.0,13.36,3.79,0.0
20230929:0011,0.0,0.0,13.16,4.34,0.0
20230929:0111,0.0,0.0,13.03,5.24,0.0
20230929:0211,0.0,0.0,12.97,5.72,0.0
20230929:0311,0.0,0.0,12.48,5.24,0.0
20230929:0411,0.0,0.0,12.31,5.1,0.0
20230929:0511,0.0,0.0,12.3,5.24,0.0
20230929:0611,4.14,3.43,12.41,5.59,0.0
20230929:0711,62.29,10.7,12.59,6.21,0.0
20230929:0811,28.7,17.25,12.71,5.93,0.0
20230929:0911,49.33,22.62,12.53,5.38,0.0
20230929:1011,137.31,26.38,12.8,5.72,0.0
20230929:1111,414.97,28.11,13.91,4.48,0.0
20230929:1211,603.27,27.63,14.53,4.83,0.0
20230929:1311,373.11,24.97,14.65,5.03,0.0
20230929:1411,170.81,20.46,14.04,5.45,0.0
20230929:1511,282.97,14.52,13.78,5.31,0.0
20230929:1611,65.5,7.6,13.34,5.24,0.0
20230929:1711,0.0,0.0,12.54,4.97,0.0
20230929:1811,0.0,0.0,12.48,4.83,0.0
20230929:1911,0.0,0.0,12.46,4.76,0.0
20230929:2011,0.0,0.0,12.44,4.9,0.0
20230929:2111,0.0,0.0,11.92,5.59,0.0
20230929:2211,0.0,0.0,11.86,6.34,0.0
20230929:2311,0.0,0.0,11.59,5.86,0.0
20230930:0011,0.0,0.0,11.46,6.62,0.0
20230930:0111,0.0,0.0,11.42,6.69,0.0
20230930:0211,0.0,0.0,11.37,6.62,0.0
20230930:0311,0.0,0.0,11.34,6.69,0.0
20230930:0411,0.0,0.0,11.43,6.21,0.0
20230930:0511,0.0,0.0,11.44,5.79,0.0
20230930:0611,12.41,3.14,11.21,5.31,0.0
20230930:0711,41.25,10.4,11.57,5.03,0.0
20230930:0811,108.46,16.92,12.12,5.03,0.0
20230930:0911,101.34,22.28,12.15,5.17,0.0
20230930:1011,119.28,26.01,12.08,4.83,0.0
20230930:1111,432.0,27.73,12.62,4.97,0.0
20230930:1211,420.96,27.23,12.07,5.24,0.0
20230930:1311,147.15,24.57,12.51,5.31,0.0
20230930:1411,109.13,20.06,12.46,5.24,0.0
20230930:1511,143.47,14.13,12.39,5.17,0.0
20230930:1611,48.51,7.22,12.11,4.69,0.0
20230930:1711,0.0,0.0,11.73,4.83,0.0
20230930:1811,0.0,0.0,11.51,4.76,0.0
20230930:1911,0.0,0.0,11.22,4.55,0.0
20230930:2011,0.0,0.0,10.94,3.66,0.0
20230930:2111,0.0,0.0,10.81,3.38,0.0
20230930:2211,0.0,0.0,10.55,3.03,0.0
20230930:2311,0.0,0.0,10.43,2.62,0.0
20231001:0011,0.0,0.0,10.22,2.34,0.0
20231001:0111,0.0,0.0,10.08,1.93,0.0
20231001:0211,0.0,0.0,9.96,1.45,0.0
20231001:0311,0.0,0.0,9.29,1.03,0.0
20231001:0411,0.0,0.0,9.86,0.28,0.0
20231001:0511,0.0,0.0,9.76,0.41,0.0
20231001:0611,11.58,2.84,8.29,1.24,0.0
20231001:0711,46.25,10.09,9.22,1.93,0.0
20231001:0811,100.87,16.6,10.27,2.14,0.0
20231001:0911,63.67,21.93,11.03,2.83,0.0
20231001:1011,65.47,25.64,11.77,3.45,0.0
20231001:1111,106.72,27.34,12.28,3.72,0.0
20231001:1211,108.52,26.83,12.66,4.07,0.0
20231001:1311,79.82,24.18,13.13,4.34,0.0
20231001:1411,54.71,19.67,13.14,3.79,0.0
20231001:1511,74.62,13.74,12.97,3.72,0.0
20231001:1611,19.73,6.84,12.99,4.55,0.0
20231001:1711,0.0,0.0,13.24,4.97,0.0
20231001:1811,0.0,0.0,13.54,4.97,0.0
20231001:1911,0.0,0.0,13.18,3.52,0.0
20231001:2011,0.0,0.0,13.2,2.9,0.0
20231001:2111,0.0,0.0,13.06,2.34,0.0
20231001:2211,0.0,0.0,12.78,2.0,0.0
20231001:2311,0.0,0.0,12.54,1.72,0.0
20231002:0011,0.0,0.0,12.36,1.79,0.0
20231002:0111,0.0,0.0,11.93,1.79,0.0
20231002:0211,0.0,0.0,11.51,1.45,0.0
20231002:0311,0.0,0.0,11.19,0.55,0.0
20231002:0411,0.0,0.0,10.89,0.48,0.0
20231002:0511,0.0,0.0,8.74,1.1,0.0
20231002:0611,10.75,2.55,9.34,1.66,0.0
20231002:0711,127.95,9.78,9.33,1.93,0.0
20231002:0811,247.31,16.28,11.7,2.97,0.0
20231002:0911,413.93,21.59,12.58,2.76,0.0
20231002:1011,131.52,25.28,13.48,2.83,0.0
20231002:1111,306.2,26.96,13.99,2.83,0.0
20231002:1211,316.01,26.44,14.44,3.17,0.0
20231002:1311,156.22,23.78,14.46,3.52,0.0
20231002:1411,187.66,19.28,14.16,3.52,0.0
20231002:1511,72.96,13.36,13.61,3.38,0.0
20231002:1611,49.58,6.46,13.07,3.52,0.0
20231002:1711,0.0,0.0,12.42,3.24,0.0
20231002:1811,0.0,0.0,12.03,3.03,0.0
20231002:1911,0.0,0.0,11.95,2.9,0.0
20231002:2011,0.0,0.0,11.65,2.62,0.0
20231002:2111,0.0,0.0,11.26,2.34,0.0
20231002:2211,0.0,0.0,11.17,2.28,0.0
20231002:2311,0.0,0.0,10.94,2.62,0.0
20231003:0011,0.0,0.0,10.85,2.55,0.0
20231003:0111,0.0,0.0,10.71,2.55,0.0
20231003:0211,0.0,0.0,10.71,2.55,0.0
20231003:0311,0.0,0.0,10.31,2.62,0.0
20231003:0411,0.0,0.0,10.06,2.9,0.0
20231003:0511,0.0,0.0,9.97,2.97,0.0
20231003:0611,9.1,2.25,9.79,2.9,0.0
20231003:0711,80.45,9.48,10.4,2.69,0.0
20231003:0811,20.63,15.95,10.95,2.69,0.0
20231003:0911,101.92,21.25,11.93,2.76,0.0
20231003:1011,333.52,24.91,12.39,3.1,0.0
20231003:1111,241.38,26.58,12.58,3.24,0.0
20231003:1211,253.11,26.05,12.8,3.24,0.0
20231003:1311,137.77,23.39,12.83,3.72,0.0
20231003:1411,62.78,18.89,11.99,3.86,0.0
20231003:1511,15.25,12.97,11.69,4.28,0.0
20231003:1611,142.29,6.09,11.28,3.72,0.0
20231003:1711,0.0,0.0,10.86,3.59,0.0
20231003:1811,0.0,0.0,10.58,3.66,0.0
20231003:1911,0.0,0.0,10.17,3.52,0.0
20231003:2011,0.0,0.0,10.21,3.86,0.0
20231003:2111,0.0,0.0,9.93,4.34,0.0
20231003:2211,0.0,0.0,9.84,4.62,0.0
20231003:2311,0.0,0.0,9.98,5.24,0.0
20231004:0011,0.0,0.0,9.93,5.59,0.0
20231004:0111,0.0,0.0,9.83,5.93,0.0
20231004:0211,0.0,0.0,9.59,6.21,0.0
20231004:0311,0.0,0.0,9.69,5.93,0.0
20231004:0411,0.0,0.0,9.65,5.59,0.0
20231004:0511,0.0,0.0,9.53,5.45,0.0
20231004:0611,1.65,1.95,9.5,5.17,0.0
20231004:0711,116.89,9.17,9.72,5.31,0.0
20231004:0811,80.47,15.63,10.13,3.86,0.0
20231004:0911,142.06,20.9,10.83,3.24,0.0
20231004:1011,327.58,24.54,11.37,3.31,0.0
20231004:1111,344.52,26.19,11.89,2.76,0.0
20231004:1211,537.2,25.65,12.09,2.28,0.0
20231004:1311,88.79,22.99,12.3,1.45,0.0
20231004:1411,95.07,18.5,12.02,1.1,0.0
20231004:1511,31.39,12.59,11.28,1.86,0.0
20231004:1611,15.25,5.71,10.03,1.93,0.0
20231004:1711,0.0,0.0,9.69,2.21,0.0
20231004:1811,0.0,0.0,9.54,2.14,0.0
20231004:1911,0.0,0.0,9.5,0.97,0.0
20231004:2011,0.0,0.0,9.35,0.55,0.0
20231004:2111,0.0,0.0,9.33,1.52,0.0
20231004:2211,0.0,0.0,9.11,2.07,0.0
20231004:2311,0.0,0.0,9.03,2.41,0.0
20231005:0011,0.0,0.0,8.88,2.55,0.0
20231005:0111,0.0,0.0,8.93,2.62,0.0
20231005:0211,0.0,0.0,9.02,2.76,0.0
20231005:0311,0.0,0.0,8.89,2.83,0.0
20231005:0411,0.0,0.0,8.78,2.69,0.0
20231005:0511,0.0,0.0,8.71,2.41,0.0
20231005:0611,1.65,1.66,8.61,2.0,0.0
20231005:0711,182.44,8.86,9.38,2.55,0.0
20231005:0811,421.42,15.3,10.23,2.07,0.0
20231005:0911,569.68,20.56,11.16,2.21,0.0
20231005:1011,558.99,24.18,11.64,2.0,0.0
20231005:1111,306.82,25.81,12.0,1.72,0.0
20231005:1211,432.39,25.26,12.52,1.66,0.0
20231005:1311,574.82,22.6,12.61,1.59,0.0
20231005:1411,467.95,18.11,12.51,1.79,0.0
20231005:1511,113.05,12.21,12.3,1.24,0.0
20231005:1611,45.97,5.34,11.97,0.9,0.0
20231005:1711,0.0,0.0,11.38,1.66,0.0
20231005:1811,0.0,0.0,10.83,1.93,0.0
20231005:1911,0.0,0.0,10.71,2.62,0.0
20231005:2011,0.0,0.0,10.71,2.97,0.0
20231005:2111,0.0,0.0,10.74,3.31,0.0
20231005:2211,0.0,0.0,10.79,3.86,0.0
20231005:2311,0.0,0.0,10.66,4.48,0.0
20231006:0011,0.0,0.0,9.42,4.97,0.0
20231006:0111,0.0,0.0,9.49,5.59,0.0
20231006:0211,0.0,0.0,9.91,6.0,0.0
20231006:0311,0.0,0.0,10.46,6.41,0.0
20231006:0411,0.0,0.0,11.53,5.59,0.0
20231006:0511,0.0,0.0,12.17,4.21,0.0
20231006:0611,0.83,1.36,12.26,3.45,0.0
20231006:0711,18.83,8.55,12.97,5.1,0.0
20231006:0811,36.77,14.98,13.51,6.28,0.0
20231006:0911,70.85,20.21,13.67,5.59,0.0
20231006:1011,89.68,23.81,13.67,5.86,0.0
20231006:1111,129.86,25.43,13.66,6.69,0.0
20231006:1211,143.19,24.87,13.6,7.38,0.0
20231006:1311,136.31,22.21,13.29,8.55,0.0
20231006:1411,44.84,17.73,13.03,8.55,0.0
20231006:1511,26.9,11.83,12.83,7.86,0.0
20231006:1611,8.97,4.96,12.5,6.9,0.0
20231006:1711,0.0,0.0,11.6,8.21,0.0
20231006:1811,0.0,0.0,10.73,8.9,0.0
20231006:1911,0.0,0.0,11.01,8.83,0.0
20231006:2011,0.0,0.0,10.88,8.97,0.0
20231006:2111,0.0,0.0,10.32,8.83,0.0
20231006:2211,0.0,0.0,9.81,8.69,0.0
20231006:2311,0.0,0.0,9.46,8.41,0.0
20231007:0011,0.0,0.0,9.02,8.07,0.0
20231007:0111,0.0,0.0,8.77,7.72,0.0
20231007:0211,0.0,0.0,8.49,7.52,0.0
20231007:0311,0.0,0.0,8.32,7.17,0.0
20231007:0411,0.0,0.0,8.17,6.76,0.0
20231007:0511,0.0,0.0,8.07,6.34,0.0
20231007:0611,0.0,0.0,8.04,5.93,0.0
20231007:0711,75.58,8.25,8.51,5.03,0.0
20231007:0811,271.3,14.66,8.66,4.55,0.0
20231007:0911,268.64,19.87,8.96,4.69,0.0
20231007:1011,348.29,23.45,9.2,5.24,0.0
20231007:1111,384.74,25.05,9.35,5.52,0.0
20231007:1211,562.84,24.48,9.64,5.86,0.0
20231007:1311,708.93,21.82,9.72,6.21,0.0
20231007:1411,476.22,17.34,9.5,6.48,0.0
20231007:1511,347.02,11.46,9.19,6.48,0.0
20231007:1611,99.58,4.59,8.79,6.69,0.0
20231007:1711,0.0,0.0,8.25,6.62,0.0
20231007:1811,0.0,0.0,7.95,6.48,0.0
20231007:1911,0.0,0.0,7.83,5.66,0.0
20231007:2011,0.0,0.0,7.59,5.45,0.0
20231007:2111,0.0,0.0,7.49,5.17,0.0
20231007:2211,0.0,0.0,7.48,4.9,0.0
20231007:2311,0.0,0.0,7.32,4.69,0.0
20231008:0011,0.0,0.0,7.18,4.69,0.0
20231008:0111,0.0,0.0,7.24,4.69,0.0
20231008:0211,0.0,0.0,7.03,4.41,0.0
20231008:0311,0.0,0.0,6.86,4.21,0.0
20231008:0411,0.0,0.0,6.71,4.0,0.0
20231008:0511,0.0,0.0,6.28,3.52,0.0
20231008:0611,0.0,0.0,6.02,3.17,0.0
20231008:0711,188.76,7.94,5.63,2.21,0.0
20231008:0811,410.37,14.33,6.12,1.93,0.0
20231008:0911,576.5,19.52,7.16,1.86,0.0
20231008:1011,664.9,23.08,8.14,2.21,0.0
20231008:1111,645.03,24.67,8.86,2.48,0.0
20231008:1211,393.51,24.09,9.23,2.34,0.0
20231008:1311,161.7,21.43,9.34,2.34,0.0
20231008:1411,110.5,16.96,9.28,2.48,0.0
20231008:1511,58.92,11.08,9.0,2.28,0.0
20231008:1611,17.94,4.22,8.57,2.07,0.0
20231008:1711,0.0,0.0,7.99,2.07,0.0
20231008:1811,0.0,0.0,7.77,2.28,0.0
20231008:1911,0.0,0.0,7.24,1.72,0.0
20231008:2011,0.0,0.0,7.06,1.66,0.0
20231008:2111,0.0,0.0,6.81,1.45,0.0
20231008:2211,0.0,0.0,6.4,1.66,0.0
20231008:2311,0.0,0.0,5.88,1.72,0.0
20231009:0011,0.0,0.0,5.39,1.72,0.0
20231009:0111,0.0,0.0,5.12,1.66,0.0
20231009:0211,0.0,0.0,4.47,1.86,0.0
20231009:0311,0.0,0.0,4.24,1.93,0.0
20231009:0411,0.0,0.0,4.19,2.07,0.0
20231009:0511,0.0,0.0,3.99,2.14,0.0
20231009:0611,0.0,0.0,3.68,2.14,0.0
20231009:0711,74.01,7.63,3.82,2.14,0.0
20231009:0811,372.09,14.01,4.82,2.07,0.0
20231009:0911,177.38,19.18,6.21,1.86,0.0
20231009:1011,679.15,22.72,7.47,2.0,0.0
20231009:1111,556.26,24.29,8.39,2.41,0.0
20231009:1211,357.56,23.71,8.94,2.62,0.0
20231009:1311,599.01,21.04,9.12,2.76,0.0
20231009:1411,355.9,16.58,9.31,2.9,0.0
20231009:1511,156.71,10.71,9.25,2.55,0.0
20231009:1611,19.86,3.86,8.77,1.93,0.0
20231009:1711,0.0,0.0,8.33,1.38,0.0
20231009:1811,0.0,0.0,7.75,0.76,0.0
20231009:1911,0.0,0.0,7.11,1.72,0.0
20231009:2011,0.0,0.0,6.49,2.07,0.0
20231009:2111,0.0,0.0,6.46,2.28,0.0
20231009:2211,0.0,0.0,6.71,2.34,0.0
20231009:2311,0.0,0.0,7.12,2.48,0.0
20231010:0011,0.0,0.0,7.48,2.83,0.0
20231010:0111,0.0,0.0,7.84,3.24,0.0
20231010:0211,0.0,0.0,8.41,3.59,0.0
20231010:0311,0.0,0.0,8.89,3.72,0.0
20231010:0411,0.0,0.0,9.2,3.86,0.0
20231010:0511,0.0,0.0,9.46,4.14,0.0
20231010:0611,0.0,0.0,9.59,4.76,0.0
20231010:0711,63.88,7.32,9.34,5.17,0.0
20231010:0811,120.4,13.68,9.86,5.66,0.0
20231010:0911,23.32,18.83,10.47,6.21,0.0
20231010:1011,33.18,22.36,10.96,6.55,0.0
20231010:1111,48.43,23.91,11.59,7.31,0.0
20231010:1211,29.6,23.32,12.41,7.66,0.0
20231010:1311,26.01,20.66,11.98,7.31,0.0
20231010:1411,19.73,16.2,12.72,6.9,0.0
20231010:1511,25.11,10.34,13.12,6.76,0.0
20231010:1611,2.48,3.49,13.44,6.21,0.0
20231010:1711,0.0,0.0,13.68,5.59,0.0
20231010:1811,0.0,0.0,13.68,5.17,0.0
20231010:1911,0.0,0.0,13.66,5.72,0.0
20231010:2011,0.0,0.0,13.68,5.24,0.0
20231010:2111,0.0,0.0,13.5,4.48,0.0
20231010:2211,0.0,0.0,13.14,3.59,0.0
20231010:2311,0.0,0.0,12.62,4.14,0.0
20231011:0011,0.0,0.0,11.62,4.76,0.0
20231011:0111,0.0,0.0,10.65,4.21,0.0
20231011:0211,0.0,0.0,9.97,3.59,0.0
20231011:0311,0.0,0.0,9.57,3.17,0.0
20231011:0411,0.0,0.0,9.5,3.45,0.0
20231011:0511,0.0,0.0,9.05,4.48,0.0
20231011:0611,0.0,0.0,8.59,5.38,0.0
20231011:0711,7.17,7.01,8.22,6.9,0.0
20231011:0811,44.84,13.36,8.66,8.07,0.0
20231011:0911,23.32,18.49,8.86,8.28,0.0
20231011:1011,66.36,21.99,8.98,8.48,0.0
20231011:1111,620.93,23.53,9.58,7.17,0.0
20231011:1211,101.34,22.94,9.76,8.21,0.0
20231011:1311,210.69,20.28,9.35,9.59,0.0
20231011:1411,73.54,15.82,9.5,9.03,0.0
20231011:1511,50.22,9.97,9.64,10.48,0.0
20231011:1611,2.48,3.13,9.31,11.1,0.0
20231011:1711,0.0,0.0,9.01,9.31,0.0
20231011:1811,0.0,0.0,8.61,8.34,0.0
20231011:1911,0.0,0.0,8.35,8.69,0.0
20231011:2011,0.0,0.0,8.1,8.97,0.0
20231011:2111,0.0,0.0,8.33,8.55,0.0
20231011:2211,0.0,0.0,8.27,8.34,0.0
20231011:2311,0.0,0.0,8.02,8.55,0.0
20231012:0011,0.0,0.0,7.9,8.55,0.0
20231012:0111,0.0,0.0,7.92,8.41,0.0
20231012:0211,0.0,0.0,8.02,8.0,0.0
20231012:0311,0.0,0.0,7.73,7.86,0.0
20231012:0411,0.0,0.0,7.85,7.72,0.0
20231012:0511,0.0,0.0,7.95,7.24,0.0
20231012:0611,0.0,0.0,8.02,6.97,0.0
20231012:0711,21.52,6.7,7.64,6.62,0.0
20231012:0811,148.37,13.03,8.04,6.55,0.0
20231012:0911,322.48,18.15,8.5,6.34,0.0
20231012:1011,125.66,21.63,9.13,6.62,0.0
20231012:1111,231.84,23.16,9.58,6.48,0.0
20231012:1211,288.47,22.56,9.88,6.28,0.0
20231012:1311,266.92,19.9,9.92,5.59,0.0
20231012:1411,46.63,15.45,9.81,4.55,0.0
20231012:1511,38.56,9.6,9.62,3.38,0.0
20231012:1611,5.79,2.77,9.16,2.55,0.0
20231012:1711,0.0,0.0,8.84,2.28,0.0
20231012:1811,0.0,0.0,8.66,2.41,0.0
20231012:1911,0.0,0.0,8.84,2.62,0.0
20231012:2011,0.0,0.0,8.77,2.97,0.0
20231012:2111,0.0,0.0,8.83,3.45,0.0
20231012:2211,0.0,0.0,9.34,4.07,0.0
20231012:2311,0.0,0.0,9.6,4.55,0.0
20231013:0011,0.0,0.0,9.57,5.24,0.0
20231013:0111,0.0,0.0,9.53,5.52,0.0
20231013:0211,0.0,0.0,9.82,5.52,0.0
20231013:0311,0.0,0.0,9.93,5.93,0.0
20231013:0411,0.0,0.0,10.08,6.62,0.0
20231013:0511,0.0,0.0,10.04,6.34,0.0
20231013:0611,0.0,0.0,10.15,6.14,0.0
20231013:0711,8.07,6.4,10.08,6.07,0.0
20231013:0811,28.7,12.71,10.17,5.59,0.0
20231013:0911,32.29,17.8,10.64,5.52,0.0
20231013:1011,57.4,21.27,11.04,5.24,0.0
20231013:1111,61.88,22.78,11.06,6.0,0.0
20231013:1211,60.09,22.18,11.12,5.66,0.0
20231013:1311,40.36,19.52,11.04,5.24,0.0
20231013:1411,27.8,15.08,10.56,5.66,0.0
20231013:1511,20.63,9.24,9.91,5.79,0.0
20231013:1611,4.14,2.42,9.21,5.93,0.0
20231013:1711,0.0,0.0,8.81,4.97,0.0
20231013:1811,0.0,0.0,8.47,5.24,0.0
20231013:1911,0.0,0.0,8.4,6.14,0.0
20231013:2011,0.0,0.0,8.18,6.83,0.0
20231013:2111,0.0,0.0,8.07,7.38,0.0
20231013:2211,0.0,0.0,8.09,7.31,0.0
20231013:2311,0.0,0.0,7.91,6.55,0.0
20231014:0011,0.0,0.0,7.78,6.07,0.0
20231014:0111,0.0,0.0,7.65,6.76,0.0
20231014:0211,0.0,0.0,7.31,7.52,0.0
20231014:0311,0.0,0.0,7.28,8.07,0.0
20231014:0411,0.0,0.0,6.98,8.14,0.0
20231014:0511,0.0,0.0,6.81,6.9,0.0
20231014:0611,0.0,0.0,6.78,6.62,0.0
20231014:0711,119.83,6.09,6.83,5.17,0.0
20231014:0811,23.32,12.39,7.28,5.52,0.0
20231014:0911,37.67,17.46,7.77,6.0,0.0
20231014:1011,110.4,20.91,8.29,5.93,0.0
20231014:1111,43.05,22.41,8.69,6.07,0.0
20231014:1211,27.8,21.8,8.13,7.79,0.0
20231014:1311,49.33,19.14,7.81,9.59,0.0
20231014:1411,17.94,14.71,7.67,10.34,0.0
20231014:1511,11.66,8.88,7.3,11.45,0.0
20231014:1611,1.65,2.06,7.11,11.24,0.0
20231014:1711,0.0,0.0,6.97,10.83,0.0
20231014:1811,0.0,0.0,6.79,10.83,0.0
20231014:1911,0.0,0.0,6.87,10.48,0.0
20231014:2011,0.0,0.0,6.8,10.62,0.0
20231014:2111,0.0,0.0,6.83,9.86,0.0
20231014:2211,0.0,0.0,6.7,10.0,0.0
20231014:2311,0.0,0.0,6.7,9.45,0.0
20231015:0011,0.0,0.0,6.7,9.24,0.0
20231015:0111,0.0,0.0,6.55,8.41,0.0
20231015:0211,0.0,0.0,6.58,8.07,0.0
20231015:0311,0.0,0.0,6.6,8.21,0.0
20231015:0411,0.0,0.0,6.72,8.07,0.0
20231015:0511,0.0,0.0,6.65,8.21,0.0
20231015:0611,0.0,0.0,6.63,7.45,0.0
20231015:0711,57.49,5.78,6.4,6.9,0.0
20231015:0811,26.9,12.06,6.25,7.59,0.0
20231015:0911,25.11,17.12,6.2,7.93,0.0
20231015:1011,288.1,20.56,6.47,7.79,0.0
20231015:1111,38.56,22.04,6.85,7.03,0.0
20231015:1211,34.98,21.42,7.04,7.17,0.0
20231015:1311,24.21,18.77,7.04,7.03,0.0
20231015:1411,100.39,14.34,6.74,7.03,0.0
20231015:1511,11.66,8.52,6.13,7.1,0.0
20231015:1611,1.65,1.71,5.53,7.1,0.0
20231015:1711,0.0,0.0,5.13,6.76,0.0
20231015:1811,0.0,0.0,4.95,6.34,0.0
20231015:1911,0.0,0.0,5.29,5.45,0.0
20231015:2011,0.0,0.0,4.75,5.17,0.0
20231015:2111,0.0,0.0,4.59,4.76,0.0
20231015:2211,0.0,0.0,4.33,4.41,0.0
20231015:2311,0.0,0.0,4.26,4.55,0.0
20231016:0011,0.0,0.0,4.15,4.55,0.0
20231016:0111,0.0,0.0,4.07,4.21,0.0
20231016:0211,0.0,0.0,4.1,4.0,0.0
20231016:0311,0.0,0.0,4.35,3.72,0.0
20231016:0411,0.0,0.0,4.37,3.45,0.0
20231016:0511,0.0,0.0,4.36,2.62,0.0
20231016:0611,0.0,0.0,4.29,1.72,0.0
20231016:0711,140.5,5.48,4.37,1.38,0.0
20231016:0811,207.22,11.74,4.97,0.83,0.0
20231016:0911,439.3,16.78,5.93,1.17,0.0
20231016:1011,438.29,20.2,6.65,1.52,0.0
20231016:1111,136.3,21.67,7.41,1.86,0.0
20231016:1211,44.84,21.05,7.87,2.28,0.0
20231016:1311,23.32,18.4,7.98,2.62,0.0
20231016:1411,27.8,13.98,8.1,2.62,0.0
20231016:1511,30.49,8.16,8.06,2.48,0.0
20231016:1611,0.83,1.36,7.94,2.14,0.0
20231016:1711,0.0,0.0,7.28,2.41,0.0
20231016:1811,0.0,0.0,7.47,2.69,0.0
20231016:1911,0.0,0.0,7.91,3.45,0.0
20231016:2011,0.0,0.0,8.42,3.38,0.0
20231016:2111,0.0,0.0,8.18,3.59,0.0
20231016:2211,0.0,0.0,8.38,3.72,0.0
20231016:2311,0.0,0.0,8.31,3.66,0.0
20231017:0011,0.0,0.0,8.4,3.79,0.0
20231017:0111,0.0,0.0,8.6,3.72,0.0
20231017:0211,0.0,0.0,8.79,3.86,0.0
20231017:0311,0.0,0.0,8.78,4.07,0.0
20231017:0411,0.0,0.0,8.9,4.48,0.0
20231017:0511,0.0,0.0,8.35,4.97,0.0
20231017:0611,0.0,0.0,8.56,5.52,0.0
20231017:0711,116.0,5.17,8.76,5.59,0.0
20231017:0811,44.84,11.42,9.4,5.79,0.0
20231017:0911,27.8,16.44,9.92,5.24,0.0
20231017:1011,40.36,19.84,10.22,5.24,0.0
20231017:1111,116.11,21.31,10.51,5.24,0.0
20231017:1211,114.47,20.68,10.13,6.07,0.0
20231017:1311,78.92,18.03,10.52,4.48,0.0
20231017:1411,273.43,13.62,10.13,4.9,0.0
20231017:1511,15.25,7.81,9.88,4.76,0.0
20231017:1611,0.0,0.0,9.36,4.14,0.0
20231017:1711,0.0,0.0,8.88,3.79,0.0
20231017:1811,0.0,0.0,8.77,3.38,0.0
20231017:1911,0.0,0.0,8.87,2.34,0.0
20231017:2011,0.0,0.0,8.5,2.07,0.0
20231017:2111,0.0,0.0,8.57,1.86,0.0
20231017:2211,0.0,0.0,8.67,1.66,0.0
20231017:2311,0.0,0.0,8.6,1.72,0.0
20231018:0011,0.0,0.0,8.49,2.0,0.0
20231018:0111,0.0,0.0,8.37,2.14,0.0
20231018:0211,0.0,0.0,8.13,2.0,0.0
20231018:0311,0.0,0.0,7.57,1.79,0.0
20231018:0411,0.0,0.0,7.16,1.79,0.0
20231018:0511,0.0,0.0,6.68,1.93,0.0
20231018:0611,0.0,0.0,5.97,2.07,0.0
20231018:0711,97.8,4.86,5.11,1.79,0.0
20231018:0811,370.71,11.1,5.59,1.45,0.0
20231018:0911,580.77,16.11,6.71,1.72,0.0
20231018:1011,678.01,19.49,7.75,1.79,0.0
20231018:1111,823.75,20.94,9.02,1.86,0.0
20231018:1211,744.93,20.31,10.01,1.86,0.0
20231018:1311,682.68,17.66,10.52,1.59,0.0
20231018:1411,530.51,13.26,10.7,1.45,0.0
20231018:1511,139.92,7.46,10.36,1.52,0.0
20231018:1611,0.0,0.0,9.68,2.14,0.0
20231018:1711,0.0,0.0,8.86,2.55,0.0
20231018:1811,0.0,0.0,8.2,2.76,0.0
20231018:1911,0.0,0.0,7.43,2.62,0.0
20231018:2011,0.0,0.0,6.83,2.76,0.0
20231018:2111,0.0,0.0,6.52,2.97,0.0
20231018:2211,0.0,0.0,6.31,3.45,0.0
20231018:2311,0.0,0.0,6.05,3.79,0.0
20231019:0011,0.0,0.0,5.85,4.0,0.0
20231019:0111,0.0,0.0,5.67,4.14,0.0
20231019:0211,0.0,0.0,5.5,4.21,0.0
20231019:0311,0.0,0.0,5.34,4.21,0.0
20231019:0411,0.0,0.0,5.19,4.34,0.0
20231019:0511,0.0,0.0,5.11,4.55,0.0
20231019:0611,0.0,0.0,5.03,4.76,0.0
20231019:0711,113.88,4.56,5.3,5.31,0.0
20231019:0811,375.36,10.78,5.52,5.31,0.0
20231019:0911,644.46,15.77,6.01,4.48,0.0
20231019:1011,789.78,19.14,6.33,5.17,0.0
20231019:1111,854.38,20.58,6.49,5.72,0.0
20231019:1211,854.41,19.95,6.29,5.93,0.0
20231019:1311,729.69,17.3,6.06,6.0,0.0
20231019:1411,549.63,12.9,5.72,5.45,0.0
20231019:1511,293.48,7.12,5.23,5.52,0.0
20231019:1611,0.0,0.0,4.37,5.59,0.0
20231019:1711,0.0,0.0,3.67,5.52,0.0
20231019:1811,0.0,0.0,3.31,5.38,0.0
20231019:1911,0.0,0.0,3.62,5.59,0.0
20231019:2011,0.0,0.0,3.42,5.52,0.0
20231019:2111,0.0,0.0,3.24,5.38,0.0
20231019:2211,0.0,0.0,3.03,5.31,0.0
20231019:2311,0.0,0.0,2.76,5.24,0.0
20231020:0011,0.0,0.0,2.58,5.03,0.0
20231020:0111,0.0,0.0,2.55,5.03,0.0
20231020:0211,0.0,0.0,2.54,4.97,0.0
20231020:0311,0.0,0.0,2.43,4.69,0.0
20231020:0411,0.0,0.0,2.32,4.41,0.0
20231020:0511,0.0,0.0,2.31,4.34,0.0
20231020:0611,0.0,0.0,2.52,4.41,0.0
20231020:0711,97.51,4.25,2.73,4.14,0.0
20231020:0811,376.87,10.46,3.14,4.14,0.0
20231020:0911,632.68,15.43,4.04,3.45,0.0
20231020:1011,763.7,18.79,4.8,4.07,0.0
20231020:1111,837.96,20.22,5.3,4.83,0.0
20231020:1211,820.84,19.58,5.7,4.97,0.0
20231020:1311,716.33,16.94,5.85,4.83,0.0
20231020:1411,551.83,12.55,5.71,4.48,0.0
20231020:1511,293.05,6.77,5.33,5.1,0.0
20231020:1611,0.0,0.0,4.72,4.69,0.0
20231020:1711,0.0,0.0,4.31,4.55,0.0
20231020:1811,0.0,0.0,4.28,4.69,0.0
20231020:1911,0.0,0.0,4.01,4.48,0.0
20231020:2011,0.0,0.0,3.99,4.28,0.0
20231020:2111,0.0,0.0,4.17,4.41,0.0
20231020:2211,0.0,0.0,4.29,4.83,0.0
20231020:2311,0.0,0.0,4.3,5.31,0.0
20231021:0011,0.0,0.0,4.08,5.17,0.0
20231021:0111,0.0,0.0,4.09,5.03,0.0
20231021:0211,0.0,0.0,4.2,5.1,0.0
20231021:0311,0.0,0.0,4.17,4.76,0.0
20231021:0411,0.0,0.0,4.09,5.1,0.0
20231021:0511,0.0,0.0,4.11,6.0,0.0
20231021:0611,0.0,0.0,4.13,6.55,0.0
20231021:0711,11.66,3.95,4.65,7.31,0.0
20231021:0811,20.63,10.14,4.8,7.72,0.0
20231021:0911,17.94,15.1,4.92,7.86,0.0
20231021:1011,45.74,18.44,5.04,7.59,0.0
20231021:1111,28.7,19.86,5.11,7.31,0.0
20231021:1211,50.22,19.22,5.27,6.83,0.0
20231021:1311,34.08,16.59,5.58,6.55,0.0
20231021:1411,17.94,12.2,5.77,6.41,0.0
20231021:1511,27.8,6.44,5.99,6.62,0.0
20231021:1611,0.0,0.0,6.0,6.97,0.0
20231021:1711,0.0,0.0,5.88,6.76,0.0
20231021:1811,0.0,0.0,5.86,6.48,0.0
20231021:1911,0.0,0.0,6.62,7.17,0.0
20231021:2011,0.0,0.0,6.61,7.1,0.0
20231021:2111,0.0,0.0,6.6,6.62,0.0
20231021:2211,0.0,0.0,6.64,6.21,0.0
20231021:2311,0.0,0.0,6.68,6.07,0.0
20231022:0011,0.0,0.0,6.75,6.21,0.0
20231022:0111,0.0,0.0,6.3,6.14,0.0
20231022:0211,0.0,0.0,6.28,5.86,0.0
20231022:0311,0.0,0.0,6.24,5.72,0.0
20231022:0411,0.0,0.0,6.22,5.52,0.0
20231022:0511,0.0,0.0,6.31,5.24,0.0
20231022:0611,0.0,0.0,6.36,5.1,0.0
20231022:0711,69.22,3.65,7.14,5.45,0.0
20231022:0811,80.19,9.83,7.45,5.45,0.0
20231022:0911,38.56,14.77,8.06,5.17,0.0
20231022:1011,39.46,18.1,8.9,4.83,0.0
20231022:1111,34.98,19.51,9.37,4.48,0.0
20231022:1211,105.96,18.87,9.81,4.14,0.0
20231022:1311,69.06,16.23,9.81,3.93,0.0
20231022:1411,16.14,11.86,9.67,3.66,0.0
20231022:1511,19.73,6.1,9.2,3.38,0.0
20231022:1611,0.0,0.0,8.87,3.17,0.0
20231022:1711,0.0,0.0,8.62,2.9,0.0
20231022:1811,0.0,0.0,8.5,2.62,0.0
20231022:1911,0.0,0.0,8.69,2.07,0.0
20231022:2011,0.0,0.0,8.61,1.72,0.0
20231022:2111,0.0,0.0,8.49,1.52,0.0
20231022:2211,0.0,0.0,8.33,1.38,0.0
20231022:2311,0.0,0.0,8.2,1.38,0.0
20231023:0011,0.0,0.0,8.07,1.52,0.0
20231023:0111,0.0,0.0,7.98,1.59,0.0
20231023:0211,0.0,0.0,7.88,1.45,0.0
20231023:0311,0.0,0.0,7.85,1.38,0.0
20231023:0411,0.0,0.0,7.85,1.31,0.0
20231023:0511,0.0,0.0,7.94,1.52,0.0
20231023:0611,0.0,0.0,8.14,1.86,0.0
20231023:0711,7.45,3.34,8.11,2.76,0.0
20231023:0811,111.65,9.51,8.64,2.48,0.0
20231023:0911,34.08,14.44,8.96,2.14,0.0
20231023:1011,55.6,17.75,9.28,1.66,0.0
20231023:1111,69.95,19.16,9.62,1.24,0.0
20231023:1211,47.53,18.51,9.99,0.9,0.0
20231023:1311,39.46,15.88,10.04,0.41,0.0
20231023:1411,44.84,11.52,10.21,0.28,0.0
20231023:1511,48.27,5.77,10.01,0.69,0.0
20231023:1611,0.0,0.0,9.65,1.1,0.0
20231023:1711,0.0,0.0,9.09,1.31,0.0
20231023:1811,0.0,0.0,8.69,1.45,0.0
20231023:1911,0.0,0.0,7.91,1.66,0.0
20231023:2011,0.0,0.0,7.32,1.66,0.0
20231023:2111,0.0,0.0,6.6,1.66,0.0
20231023:2211,0.0,0.0,6.28,1.72,0.0
20231023:2311,0.0,0.0,5.94,1.86,0.0
20231024:0011,0.0,0.0,5.75,1.93,0.0
20231024:0111,0.0,0.0,5.78,1.93,0.0
20231024:0211,0.0,0.0,6.0,1.79,0.0
20231024:0311,0.0,0.0,5.79,1.72,0.0
20231024:0411,0.0,0.0,5.71,1.59,0.0
20231024:0511,0.0,0.0,5.52,1.59,0.0
20231024:0611,0.0,0.0,5.2,1.79,0.0
20231024:0711,9.93,3.04,5.11,2.07,0.0
20231024:0811,293.73,9.2,5.64,1.72,0.0
20231024:0911,525.15,14.11,7.07,1.45,0.0
20231024:1011,483.12,17.41,8.95,1.24,0.0
20231024:1111,354.82,18.81,9.97,1.38,0.0
20231024:1211,374.88,18.16,10.29,1.66,0.0
20231024:1311,208.01,15.54,10.57,2.14,0.0
20231024:1411,122.98,11.18,10.56,2.62,0.0
20231024:1511,53.8,5.44,10.29,2.9,0.0
20231024:1611,0.0,0.0,9.67,2.83,0.0
20231024:1711,0.0,0.0,9.11,2.76,0.0
20231024:1811,0.0,0.0,8.78,2.62,0.0
20231024:1911,0.0,0.0,8.37,2.48,0.0
20231024:2011,0.0,0.0,8.06,2.69,0.0
20231024:2111,0.0,0.0,7.77,2.83,0.0
20231024:2211,0.0,0.0,7.36,2.97,0.0
20231024:2311,0.0,0.0,7.14,3.03,0.0
20231025:0011,0.0,0.0,6.99,3.03,0.0
20231025:0111,0.0,0.0,6.91,3.1,0.0
20231025:0211,0.0,0.0,7.02,3.31,0.0
20231025:0311,0.0,0.0,6.7,3.17,0.0
20231025:0411,0.0,0.0,6.38,3.1,0.0
20231025:0511,0.0,0.0,6.25,3.24,0.0
20231025:0611,0.0,0.0,5.87,3.24,0.0
20231025:0711,7.45,2.74,6.34,3.17,0.0
20231025:0811,320.9,8.88,6.5,3.17,0.0
20231025:0911,497.53,13.78,7.14,3.59,0.0
20231025:1011,677.43,17.07,7.8,3.59,0.0
20231025:1111,459.55,18.46,8.4,4.21,0.0
20231025:1211,39.46,17.81,8.74,4.62,0.0
20231025:1311,85.21,15.2,8.51,4.41,0.0
20231025:1411,57.09,10.85,8.11,4.97,0.0
20231025:1511,17.04,5.12,7.57,4.97,0.0
20231025:1611,0.0,0.0,7.09,4.69,0.0
20231025:1711,0.0,0.0,6.87,4.48,0.0
20231025:1811,0.0,0.0,6.72,4.34,0.0
20231025:1911,0.0,0.0,6.63,4.41,0.0
20231025:2011,0.0,0.0,6.4,4.55,0.0
20231025:2111,0.0,0.0,6.17,4.41,0.0
20231025:2211,0.0,0.0,6.01,4.34,0.0
20231025:2311,0.0,0.0,5.78,4.07,0.0
20231026:0011,0.0,0.0,5.61,3.79,0.0
20231026:0111,0.0,0.0,5.61,3.52,0.0
20231026:0211,0.0,0.0,5.59,3.38,0.0
20231026:0311,0.0,0.0,5.5,3.38,0.0
20231026:0411,0.0,0.0,5.44,3.38,0.0
20231026:0511,0.0,0.0,5.39,3.31,0.0
20231026:0611,0.0,0.0,5.29,3.1,0.0
20231026:0711,6.62,2.45,4.63,3.38,0.0
20231026:0811,155.04,8.57,4.67,3.17,0.0
20231026:0911,465.93,13.46,5.27,2.83,0.0
20231026:1011,621.53,16.74,6.02,2.9,0.0
20231026:1111,734.22,18.12,6.6,2.62,0.0
20231026:1211,719.78,17.47,7.23,2.28,0.0
20231026:1311,590.78,14.86,7.4,1.93,0.0
20231026:1411,434.88,10.52,7.29,1.66,0.0
20231026:1511,25.65,4.8,7.0,1.66,0.0
20231026:1611,0.0,0.0,6.31,1.93,0.0
20231026:1711,0.0,0.0,5.83,2.07,0.0
20231026:1811,0.0,0.0,5.35,2.14,0.0
20231026:1911,0.0,0.0,4.56,2.07,0.0
20231026:2011,0.0,0.0,4.0,2.0,0.0
20231026:2111,0.0,0.0,3.41,2.0,0.0
20231026:2211,0.0,0.0,2.94,1.93,0.0
20231026:2311,0.0,0.0,2.63,1.93,0.0
20231027:0011,0.0,0.0,2.42,1.93,0.0
20231027:0111,0.0,0.0,2.24,2.0,0.0
20231027:0211,0.0,0.0,1.99,2.0,0.0
20231027:0311,0.0,0.0,1.5,2.0,0.0
20231027:0411,0.0,0.0,1.0,1.86,0.0
20231027:0511,0.0,0.0,0.92,1.86,0.0
20231027:0611,0.0,0.0,0.75,1.93,0.0
20231027:0711,8.27,2.15,1.0,2.0,0.0
20231027:0811,299.47,8.26,1.4,1.79,0.0
20231027:0911,490.2,13.14,2.96,1.52,0.0
20231027:1011,312.55,16.4,4.81,1.38,0.0
20231027:1111,128.28,17.78,5.84,1.45,0.0
20231027:1211,100.23,17.13,6.35,1.17,0.0
20231027:1311,43.05,14.52,6.6,0.83,0.0
20231027:1411,26.9,10.19,6.49,0.34,0.0
20231027:1511,10.75,4.49,6.28,0.48,0.0
20231027:1611,0.0,0.0,5.26,1.03,0.0
20231027:1711,0.0,0.0,4.36,1.38,0.0
20231027:1811,0.0,0.0,3.99,1.59,0.0
20231027:1911,0.0,0.0,4.84,2.14,0.0
20231027:2011,0.0,0.0,4.82,2.41,0.0
20231027:2111,0.0,0.0,4.84,2.48,0.0
20231027:2211,0.0,0.0,4.72,2.62,0.0
20231027:2311,0.0,0.0,4.62,2.62,0.0
20231028:0011,0.0,0.0,4.34,2.48,0.0
20231028:0111,0.0,0.0,3.92,2.34,0.0
20231028:0211,0.0,0.0,3.59,2.34,0.0
20231028:0311,0.0,0.0,3.19,2.34,0.0
20231028:0411,0.0,0.0,2.69,2.34,0.0
20231028:0511,0.0,0.0,2.38,2.41,0.0
20231028:0611,0.0,0.0,2.06,2.41,0.0
20231028:0711,2.48,1.85,2.63,2.83,0.0
20231028:0811,68.63,7.96,2.89,2.76,0.0
20231028:0911,45.74,12.82,3.86,2.83,0.0
20231028:1011,85.95,16.07,4.91,2.9,0.0
20231028:1111,101.94,17.44,5.7,3.24,0.0
20231028:1211,90.5,16.79,6.29,3.17,0.0
20231028:1311,154.86,14.19,6.68,2.97,0.0
20231028:1411,116.1,9.87,6.5,2.69,0.0
20231028:1511,19.03,4.17,5.99,2.9,0.0
20231028:1611,0.0,0.0,5.45,3.17,0.0
20231028:1711,0.0,0.0,5.19,3.31,0.0
20231028:1811,0.0,0.0,4.94,3.38,0.0
20231028:1911,0.0,0.0,4.54,3.03,0.0
20231028:2011,0.0,0.0,4.24,3.03,0.0
20231028:2111,0.0,0.0,3.94,3.17,0.0
20231028:2211,0.0,0.0,3.59,3.45,0.0
20231028:2311,0.0,0.0,3.01,3.59,0.0
20231029:0011,0.0,0.0,2.72,3.66,0.0
20231029:0111,0.0,0.0,2.51,3.59,0.0
20231029:0211,0.0,0.0,2.54,3.52,0.0
20231029:0311,0.0,0.0,2.56,3.59,0.0
20231029:0411,0.0,0.0,2.68,3.59,0.0
20231029:0511,0.0,0.0,2.9,3.45,0.0
20231029:0611,0.0,0.0,2.99,3.52,0.0
20231029:0711,4.96,1.56,2.6,3.17,0.0
20231029:0811,293.39,7.65,2.8,3.03,0.0
20231029:0911,394.99,12.5,3.64,3.03,0.0
20231029:1011,402.37,15.74,4.78,3.31,0.0
20231029:1111,215.18,17.11,5.68,3.52,0.0
20231029:1211,96.88,16.46,6.42,3.72,0.0
20231029:1311,255.52,13.86,6.62,3.93,0.0
20231029:1411,152.55,9.56,6.67,4.34,0.0
20231029:1511,13.24,3.87,6.23,4.07,0.0
20231029:1611,0.0,0.0,5.43,4.0,0.0
20231029:1711,0.0,0.0,5.0,3.86,0.0
20231029:1811,0.0,0.0,4.7,3.66,0.0
20231029:1911,0.0,0.0,5.08,3.52,0.0
20231029:2011,0.0,0.0,5.1,3.24,0.0
20231029:2111,0.0,0.0,4.84,3.24,0.0
20231029:2211,0.0,0.0,4.82,3.17,0.0
20231029:2311,0.0,0.0,4.61,3.03,0.0
20231030:0011,0.0,0.0,4.53,2.83,0.0
20231030:0111,0.0,0.0,4.3,2.76,0.0
20231030:0211,0.0,0.0,4.24,2.83,0.0
20231030:0311,0.0,0.0,4.12,2.9,0.0
20231030:0411,0.0,0.0,4.09,2.83,0.0
20231030:0511,0.0,0.0,4.1,2.83,0.0
20231030:0611,0.0,0.0,4.09,2.76,0.0
20231030:0711,0.0,0.0,4.9,2.9,0.0
20231030:0811,335.96,7.35,4.85,2.69,0.0
20231030:0911,533.5,12.18,5.39,2.48,0.0
20231030:1011,602.57,15.42,6.07,2.48,0.0
20231030:1111,698.9,16.78,6.68,2.62,0.0
20231030:1211,699.4,16.13,6.93,2.76,0.0
20231030:1311,570.21,13.54,6.86,2.76,0.0
20231030:1411,358.35,9.24,6.59,2.41,0.0
20231030:1511,18.2,3.57,5.81,2.28,0.0
20231030:1611,0.0,0.0,4.93,2.41,0.0
20231030:1711,0.0,0.0,4.39,2.34,0.0
20231030:1811,0.0,0.0,4.06,2.28,0.0
20231030:1911,0.0,0.0,4.07,2.21,0.0
20231030:2011,0.0,0.0,3.89,2.14,0.0
20231030:2111,0.0,0.0,3.72,2.14,0.0
20231030:2211,0.0,0.0,3.7,2.14,0.0
20231030:2311,0.0,0.0,3.42,2.14,0.0
20231031:0011,0.0,0.0,3.04,2.21,0.0
20231031:0111,0.0,0.0,2.73,2.14,0.0
20231031:0211,0.0,0.0,2.4,2.07,0.0
20231031:0311,0.0,0.0,2.31,2.0,0.0
20231031:0411,0.0,0.0,2.37,1.86,0.0
20231031:0511,0.0,0.0,2.39,1.79,0.0
20231031:0611,0.0,0.0,2.19,1.66,0.0
20231031:0711,0.0,0.0,1.51,1.93,0.0
20231031:0811,247.81,7.05,1.5,1.79,0.0
20231031:0911,502.75,11.87,2.72,1.38,0.0
20231031:1011,602.84,15.09,4.13,1.1,0.0
20231031:1111,682.34,16.45,4.9,1.03,0.0
20231031:1211,701.07,15.8,5.25,0.97,0.0
20231031:1311,556.39,13.22,5.42,0.9,0.0
20231031:1411,352.6,8.93,5.31,0.69,0.0
20231031:1511,15.72,3.27,4.8,1.1,0.0
20231031:1611,0.0,0.0,3.96,1.38,0.0
20231031:1711,0.0,0.0,3.29,1.59,0.0
20231031:1811,0.0,0.0,2.94,1.72,0.0
20231031:1911,0.0,0.0,2.6,2.07,0.0
20231031:2011,0.0,0.0,2.32,2.34,0.0
20231031:2111,0.0,0.0,2.2,2.55,0.0
20231031:2211,0.0,0.0,2.22,2.69,0.0
20231031:2311,0.0,0.0,2.0,2.97,0.0
20231101:0011,0.0,0.0,1.77,3.17,0.0
20231101:0111,0.0,0.0,1.89,3.59,0.0
20231101:0211,0.0,0.0,1.92,3.93,0.0
20231101:0311,0.0,0.0,1.73,4.34,0.0
20231101:0411,0.0,0.0,1.57,4.48,0.0
20231101:0511,0.0,0.0,1.51,4.34,0.0
20231101:0611,0.0,0.0,1.35,4.14,0.0
20231101:0711,0.0,0.0,1.68,4.0,0.0
20231101:0811,218.96,6.75,1.79,3.72,0.0
20231101:0911,67.24,11.56,2.41,4.14,0.0
20231101:1011,79.92,14.77,2.68,4.14,0.0
20231101:1111,28.7,16.13,2.69,4.55,0.0
20231101:1211,37.67,15.48,2.77,4.62,0.0
20231101:1311,28.7,12.91,2.95,4.76,0.0
20231101:1411,17.04,8.63,2.93,4.9,0.0
20231101:1511,2.48,2.98,2.77,4.97,0.0
20231101:1611,0.0,0.0,2.81,5.38,0.0
20231101:1711,0.0,0.0,2.89,5.59,0.0
20231101:1811,0.0,0.0,3.03,6.07,0.0
20231101:1911,0.0,0.0,3.32,7.45,0.0
20231101:2011,0.0,0.0,2.89,8.0,0.0
20231101:2111,0.0,0.0,2.95,8.14,0.0
20231101:2211,0.0,0.0,3.3,8.28,0.0
20231101:2311,0.0,0.0,3.52,8.34,0.0
20231102:0011,0.0,0.0,3.55,8.28,0.0
20231102:0111,0.0,0.0,3.92,8.0,0.0
20231102:0211,0.0,0.0,4.03,7.86,0.0
20231102:0311,0.0,0.0,3.93,7.59,0.0
20231102:0411,0.0,0.0,3.84,7.17,0.0
20231102:0511,0.0,0.0,4.05,6.69,0.0
20231102:0611,0.0,0.0,4.25,6.21,0.0
20231102:0711,0.0,0.0,4.77,6.07,0.0
20231102:0811,95.46,6.45,4.73,5.59,0.0
20231102:0911,182.12,11.25,5.34,5.45,0.0
20231102:1011,197.44,14.46,6.06,5.38,0.0
20231102:1111,277.79,15.81,6.65,5.1,0.0
20231102:1211,100.68,15.17,7.11,4.97,0.0
20231102:1311,66.96,12.6,7.35,5.1,0.0
20231102:1411,11.66,8.33,7.39,5.31,0.0
20231102:1511,2.48,2.69,6.98,5.17,0.0
20231102:1611,0.0,0.0,6.6,5.03,0.0
20231102:1711,0.0,0.0,6.46,4.97,0.0
20231102:1811,0.0,0.0,6.29,4.9,0.0
20231102:1911,0.0,0.0,6.45,5.66,0.0
20231102:2011,0.0,0.0,5.76,5.38,0.0
20231102:2111,0.0,0.0,5.53,5.17,0.0
20231102:2211,0.0,0.0,5.92,5.52,0.0
20231102:2311,0.0,0.0,6.36,5.72,0.0
20231103:0011,0.0,0.0,6.75,5.79,0.0
20231103:0111,0.0,0.0,6.94,5.59,0.0
20231103:0211,0.0,0.0,6.95,5.31,0.0
20231103:0311,0.0,0.0,7.21,4.97,0.0
20231103:0411,0.0,0.0,7.24,4.41,0.0
20231103:0511,0.0,0.0,7.36,3.93,0.0
20231103:0611,0.0,0.0,7.49,3.72,0.0
20231103:0711,0.0,0.0,7.89,4.07,0.0
20231103:0811,10.76,6.15,7.87,4.0,0.0
20231103:0911,25.11,10.94,7.94,4.21,0.0
20231103:1011,26.01,14.15,7.5,4.14,0.0
20231103:1111,18.83,15.49,7.24,4.0,0.0
20231103:1211,26.9,14.85,6.75,4.07,0.0
20231103:1311,78.43,12.3,6.72,4.14,0.0
20231103:1411,22.42,8.04,6.93,4.21,0.0
20231103:1511,3.31,2.41,6.85,4.07,0.0
20231103:1611,0.0,0.0,6.54,3.79,0.0
20231103:1711,0.0,0.0,6.16,3.66,0.0
20231103:1811,0.0,0.0,5.64,3.52,0.0
20231103:1911,0.0,0.0,6.94,4.34,0.0
20231103:2011,0.0,0.0,6.98,4.55,0.0
20231103:2111,0.0,0.0,7.27,4.9,0.0
20231103:2211,0.0,0.0,7.65,5.45,0.0
20231103:2311,0.0,0.0,7.8,5.59,0.0
20231104:0011,0.0,0.0,8.21,6.14,0.0
20231104:0111,0.0,0.0,8.11,6.83,0.0
20231104:0211,0.0,0.0,7.79,7.1,0.0
20231104:0311,0.0,0.0,7.9,7.24,0.0
20231104:0411,0.0,0.0,8.18,7.17,0.0
20231104:0511,0.0,0.0,8.55,7.03,0.0
20231104:0611,0.0,0.0,8.73,6.83,0.0
20231104:0711,0.0,0.0,9.06,6.41,0.0
20231104:0811,29.94,5.86,9.18,6.21,0.0
20231104:0911,155.71,10.64,9.52,6.21,0.0
20231104:1011,46.63,13.84,9.85,6.41,0.0
20231104:1111,19.73,15.18,10.25,6.48,0.0
20231104:1211,50.22,14.54,10.43,5.66,0.0
20231104:1311,37.67,12.0,10.49,5.72,0.0
20231104:1411,28.7,7.75,9.8,5.31,0.0
20231104:1511,1.65,2.13,9.62,4.48,0.0
20231104:1611,0.0,0.0,9.1,4.07,0.0
20231104:1711,0.0,0.0,8.55,3.86,0.0
20231104:1811,0.0,0.0,8.26,3.72,0.0
20231104:1911,0.0,0.0,8.16,3.66,0.0
20231104:2011,0.0,0.0,7.69,3.79,0.0
20231104:2111,0.0,0.0,7.38,3.79,0.0
20231104:2211,0.0,0.0,7.1,3.66,0.0
20231104:2311,0.0,0.0,6.82,3.59,0.0
20231105:0011,0.0,0.0,6.57,3.31,0.0
20231105:0111,0.0,0.0,6.39,3.03,0.0
20231105:0211,0.0,0.0,6.28,2.97,0.0
20231105:0311,0.0,0.0,6.13,2.69,0.0
20231105:0411,0.0,0.0,5.78,2.48,0.0
20231105:0511,0.0,0.0,5.32,2.34,0.0
20231105:0611,0.0,0.0,4.8,2.14,0.0
20231105:0711,0.0,0.0,5.78,2.07,0.0
20231105:0811,12.56,5.57,5.53,1.86,0.0
20231105:0911,64.52,10.34,6.24,1.72,0.0
20231105:1011,354.0,13.53,7.4,1.72,0.0
20231105:1111,169.66,14.87,8.14,2.0,0.0
20231105:1211,147.79,14.24,8.73,2.28,0.0
20231105:1311,85.54,11.7,9.04,2.34,0.0
20231105:1411,31.39,7.47,8.78,2.41,0.0
20231105:1511,0.83,1.86,8.2,2.48,0.0
20231105:1611,0.0,0.0,7.7,2.41,0.0
20231105:1711,0.0,0.0,7.25,2.34,0.0
20231105:1811,0.0,0.0,6.78,2.07,0.0
20231105:1911,0.0,0.0,7.08,2.07,0.0
20231105:2011,0.0,0.0,6.68,1.86,0.0
20231105:2111,0.0,0.0,6.32,1.66,0.0
20231105:2211,0.0,0.0,5.81,1.72,0.0
20231105:2311,0.0,0.0,5.55,1.72,0.0
20231106:0011,0.0,0.0,5.58,1.59,0.0
20231106:0111,0.0,0.0,5.46,1.52,0.0
20231106:0211,0.0,0.0,5.37,1.38,0.0
20231106:0311,0.0,0.0,5.0,1.38,0.0
20231106:0411,0.0,0.0,4.36,1.31,0.0
20231106:0511,0.0,0.0,3.77,1.17,0.0
20231106:0611,0.0,0.0,3.03,1.24,0.0
20231106:0711,0.0,0.0,3.06,1.38,0.0
20231106:0811,67.59,5.28,2.65,1.31,0.0
20231106:0911,60.18,10.05,4.23,0.69,0.0
20231106:1011,59.19,13.23,6.4,0.55,0.0
20231106:1111,46.63,14.57,7.74,0.69,0.0
20231106:1211,101.58,13.94,8.35,0.69,0.0
20231106:1311,118.22,11.41,8.66,0.62,0.0
20231106:1411,100.42,7.19,8.48,0.41,0.0
20231106:1511,0.83,1.59,8.3,0.28,0.0
20231106:1611,0.0,0.0,7.92,0.14,0.0
20231106:1711,0.0,0.0,7.44,0.21,0.0
20231106:1811,0.0,0.0,6.96,0.62,0.0
20231106:1911,0.0,0.0,4.24,1.45,0.0
20231106:2011,0.0,0.0,3.35,1.72,0.0
20231106:2111,0.0,0.0,3.61,1.59,0.0
20231106:2211,0.0,0.0,3.85,1.66,0.0
20231106:2311,0.0,0.0,4.23,1.72,0.0
20231107:0011,0.0,0.0,4.37,1.79,0.0
20231107:0111,0.0,0.0,4.44,1.86,0.0
20231107:0211,0.0,0.0,4.27,1.86,0.0
20231107:0311,0.0,0.0,4.03,1.93,0.0
20231107:0411,0.0,0.0,3.92,1.86,0.0
20231107:0511,0.0,0.0,3.56,1.93,0.0
20231107:0611,0.0,0.0,3.29,1.86,0.0
20231107:0711,0.0,0.0,3.87,1.66,0.0
20231107:0811,101.64,5.0,3.52,1.72,0.0
20231107:0911,264.86,9.76,3.72,1.66,0.0
20231107:1011,387.7,12.93,4.54,1.45,0.0
20231107:1111,497.9,14.27,5.57,1.31,0.0
20231107:1211,413.89,13.65,6.27,1.17,0.0
20231107:1311,216.95,11.12,6.51,1.1,0.0
20231107:1411,71.55,6.91,6.38,1.17,0.0
20231107:1511,0.83,1.33,6.2,1.17,0.0
20231107:1611,0.0,0.0,5.52,1.45,0.0
20231107:1711,0.0,0.0,4.74,1.66,0.0
20231107:1811,0.0,0.0,4.11,1.72,0.0
20231107:1911,0.0,0.0,3.76,1.59,0.0
20231107:2011,0.0,0.0,3.12,1.52,0.0
20231107:2111,0.0,0.0,2.51,1.52,0.0
20231107:2211,0.0,0.0,1.8,1.59,0.0
20231107:2311,0.0,0.0,1.51,1.45,0.0
20231108:0011,0.0,0.0,1.11,1.45,0.0
20231108:0111,0.0,0.0,0.77,1.52,0.0
20231108:0211,0.0,0.0,0.45,1.38,0.0
20231108:0311,0.0,0.0,0.43,1.38,0.0
20231108:0411,0.0,0.0,0.38,1.59,0.0
20231108:0511,0.0,0.0,0.51,1.59,0.0
20231108:0611,0.0,0.0,0.73,1.79,0.0
20231108:0711,0.0,0.0,1.33,2.0,0.0
20231108:0811,118.28,4.72,1.66,2.14,0.0
20231108:0911,384.37,9.47,2.68,2.28,0.0
20231108:1011,345.65,12.64,4.0,2.41,0.0
20231108:1111,351.25,13.97,5.07,2.76,0.0
20231108:1211,442.3,13.36,5.94,3.1,0.0
20231108:1311,423.56,10.84,6.33,3.38,0.0
20231108:1411,149.47,6.65,6.34,3.72,0.0
20231108:1511,0.0,0.0,6.06,4.0,0.0
20231108:1611,0.0,0.0,5.85,4.28,0.0
20231108:1711,0.0,0.0,5.7,4.76,0.0
20231108:1811,0.0,0.0,5.36,4.97,0.0
20231108:1911,0.0,0.0,6.03,5.59,0.0
20231108:2011,0.0,0.0,5.69,5.52,0.0
20231108:2111,0.0,0.0,5.44,5.66,0.0
20231108:2211,0.0,0.0,5.28,5.93,0.0
20231108:2311,0.0,0.0,4.93,5.38,0.0
20231109:0011,0.0,0.0,4.85,4.55,0.0
20231109:0111,0.0,0.0,4.98,4.62,0.0
20231109:0211,0.0,0.0,5.01,3.86,0.0
20231109:0311,0.0,0.0,4.94,3.1,0.0
20231109:0411,0.0,0.0,4.69,2.9,0.0
20231109:0511,0.0,0.0,4.45,2.97,0.0
20231109:0611,0.0,0.0,4.18,3.1,0.0
20231109:0711,0.0,0.0,4.07,3.1,0.0
20231109:0811,179.83,4.44,3.87,3.1,0.0
20231109:0911,292.95,9.18,4.3,3.1,0.0
20231109:1011,242.3,12.35,5.25,3.03,0.0
20231109:1111,170.93,13.68,6.22,3.1,0.0
20231109:1211,204.58,13.07,6.73,3.1,0.0
20231109:1311,45.74,10.57,6.76,3.38,0.0
20231109:1411,8.07,6.38,6.34,3.45,0.0
20231109:1511,0.0,0.0,5.95,3.45,0.0
20231109:1611,0.0,0.0,5.69,3.59,0.0
20231109:1711,0.0,0.0,5.51,3.86,0.0
20231109:1811,0.0,0.0,5.44,3.93,0.0
20231109:1911,0.0,0.0,5.55,4.28,0.0
20231109:2011,0.0,0.0,5.65,4.21,0.0
20231109:2111,0.0,0.0,5.37,3.93,0.0
20231109:2211,0.0,0.0,4.95,3.52,0.0
20231109:2311,0.0,0.0,4.37,3.31,0.0
20231110:0011,0.0,0.0,3.78,3.1,0.0
20231110:0111,0.0,0.0,3.29,2.83,0.0
20231110:0211,0.0,0.0,2.76,2.55,0.0
20231110:0311,0.0,0.0,2.42,2.41,0.0
20231110:0411,0.0,0.0,2.11,2.41,0.0
20231110:0511,0.0,0.0,1.96,2.62,0.0
20231110:0611,0.0,0.0,1.93,2.62,0.0
20231110:0711,0.0,0.0,2.78,2.83,0.0
20231110:0811,8.97,4.17,3.03,2.83,0.0
20231110:0911,124.61,8.9,3.48,2.76,0.0
20231110:1011,116.07,12.06,4.08,2.62,0.0
20231110:1111,85.45,13.4,4.79,2.55,0.0
20231110:1211,84.21,12.79,5.12,2.41,0.0
20231110:1311,57.01,10.3,5.44,2.21,0.0
20231110:1411,6.28,6.13,5.4,2.07,0.0
20231110:1511,0.0,0.0,5.21,2.07,0.0
20231110:1611,0.0,0.0,4.97,2.07,0.0
20231110:1711,0.0,0.0,4.79,2.0,0.0
20231110:1811,0.0,0.0,4.75,1.72,0.0
20231110:1911,0.0,0.0,4.09,2.14,0.0
20231110:2011,0.0,0.0,3.97,1.93,0.0
20231110:2111,0.0,0.0,3.73,1.79,0.0
20231110:2211,0.0,0.0,3.62,1.66,0.0
20231110:2311,0.0,0.0,3.36,1.72,0.0
20231111:0011,0.0,0.0,3.19,1.72,0.0
20231111:0111,0.0,0.0,3.09,1.66,0.0
20231111:0211,0.0,0.0,2.87,1.59,0.0
20231111:0311,0.0,0.0,2.4,1.59,0.0
20231111:0411,0.0,0.0,2.23,1.59,0.0
20231111:0511,0.0,0.0,2.26,1.72,0.0
20231111:0611,0.0,0.0,2.25,1.72,0.0
20231111:0711,0.0,0.0,2.37,1.66,0.0
20231111:0811,44.63,3.9,2.06,1.66,0.0
20231111:0911,154.07,8.62,2.57,1.31,0.0
20231111:1011,298.86,11.78,3.98,1.1,0.0
20231111:1111,144.56,13.12,5.03,1.24,0.0
20231111:1211,121.71,12.52,5.59,1.31,0.0
20231111:1311,50.77,10.03,5.7,1.31,0.0
20231111:1411,19.73,5.87,5.42,1.45,0.0
20231111:1511,0.0,0.0,4.94,1.59,0.0
20231111:1611,0.0,0.0,4.34,1.66,0.0
20231111:1711,0.0,0.0,3.59,1.59,0.0
20231111:1811,0.0,0.0,2.76,1.66,0.0
20231111:1911,0.0,0.0,2.23,2.0,0.0
20231111:2011,0.0,0.0,1.82,2.07,0.0
20231111:2111,0.0,0.0,1.49,2.14,0.0
20231111:2211,0.0,0.0,1.38,2.07,0.0
20231111:2311,0.0,0.0,1.25,2.0,0.0
20231112:0011,0.0,0.0,0.79,2.0,0.0
20231112:0111,0.0,0.0,0.52,2.0,0.0
20231112:0211,0.0,0.0,0.34,2.0,0.0
20231112:0311,0.0,0.0,0.5,1.93,0.0
20231112:0411,0.0,0.0,0.47,1.93,0.0
20231112:0511,0.0,0.0,0.38,2.0,0.0
20231112:0611,0.0,0.0,0.27,2.07,0.0
20231112:0711,0.0,0.0,0.44,2.0,0.0
20231112:0811,7.17,3.63,0.34,1.93,0.0
20231112:0911,171.81,8.35,1.02,1.59,0.0
20231112:1011,420.71,11.5,2.62,1.24,0.0
20231112:1111,495.31,12.84,4.2,0.97,0.0
20231112:1211,539.15,12.25,4.88,0.76,0.0
20231112:1311,347.01,9.78,4.96,0.69,0.0
20231112:1411,141.0,5.63,4.96,1.03,0.0
20231112:1511,0.0,0.0,4.36,1.52,0.0
20231112:1611,0.0,0.0,3.57,1.86,0.0
20231112:1711,0.0,0.0,2.78,1.93,0.0
20231112:1811,0.0,0.0,2.45,1.79,0.0
20231112:1911,0.0,0.0,1.98,1.31,0.0
20231112:2011,0.0,0.0,1.08,1.66,0.0
20231112:2111,0.0,0.0,1.06,1.72,0.0
20231112:2211,0.0,0.0,1.53,2.0,0.0
20231112:2311,0.0,0.0,2.45,1.86,0.0
20231113:0011,0.0,0.0,2.81,1.79,0.0
20231113:0111,0.0,0.0,2.87,1.72,0.0
20231113:0211,0.0,0.0,3.1,1.86,0.0
20231113:0311,0.0,0.0,3.08,2.07,0.0
20231113:0411,0.0,0.0,3.18,2.14,0.0
20231113:0511,0.0,0.0,3.18,2.21,0.0
20231113:0611,0.0,0.0,3.22,2.34,0.0
20231113:0711,0.0,0.0,3.71,2.34,0.0
20231113:0811,24.15,3.36,3.57,2.48,0.0
20231113:0911,24.21,8.08,3.97,2.62,0.0
20231113:1011,62.04,11.23,4.82,3.03,0.0
20231113:1111,133.79,12.57,5.49,3.31,0.0
20231113:1211,61.09,11.99,6.01,3.45,0.0
20231113:1311,299.63,9.52,6.14,3.66,0.0
20231113:1411,245.22,5.39,5.86,3.66,0.0
20231113:1511,0.0,0.0,5.22,3.59,0.0
20231113:1611,0.0,0.0,4.6,3.72,0.0
20231113:1711,0.0,0.0,4.2,3.93,0.0
20231113:1811,0.0,0.0,3.76,4.21,0.0
20231113:1911,0.0,0.0,4.18,3.86,0.0
20231113:2011,0.0,0.0,3.94,3.79,0.0
20231113:2111,0.0,0.0,3.64,3.72,0.0
20231113:2211,0.0,0.0,3.41,3.79,0.0
20231113:2311,0.0,0.0,3.21,3.93,0.0
20231114:0011,0.0,0.0,3.07,3.93,0.0
20231114:0111,0.0,0.0,2.9,3.86,0.0
20231114:0211,0.0,0.0,2.79,3.72,0.0
20231114:0311,0.0,0.0,2.57,3.45,0.0
20231114:0411,0.0,0.0,2.3,3.24,0.0
20231114:0511,0.0,0.0,2.07,3.03,0.0
20231114:0611,0.0,0.0,1.86,2.9,0.0
20231114:0711,0.0,0.0,2.37,2.83,0.0
20231114:0811,84.89,3.1,2.21,2.69,0.0
20231114:0911,298.29,7.81,2.63,2.55,0.0
20231114:1011,396.24,10.96,3.5,2.28,0.0
20231114:1111,480.83,12.31,4.26,2.14,0.0
20231114:1211,472.35,11.73,4.69,2.0,0.0
20231114:1311,330.09,9.28,4.75,1.86,0.0
20231114:1411,111.9,5.15,4.44,1.86,0.0
20231114:1511,0.0,0.0,3.81,2.0,0.0
20231114:1611,0.0,0.0,3.03,2.0,0.0
20231114:1711,0.0,0.0,2.45,2.0,0.0
20231114:1811,0.0,0.0,2.14,2.0,0.0
20231114:1911,0.0,0.0,3.03,2.07,0.0
20231114:2011,0.0,0.0,2.99,2.07,0.0
20231114:2111,0.0,0.0,2.95,2.07,0.0
20231114:2211,0.0,0.0,2.78,1.93,0.0
20231114:2311,0.0,0.0,2.43,1.93,0.0
20231115:0011,0.0,0.0,1.96,2.14,0.0
20231115:0111,0.0,0.0,1.78,2.34,0.0
20231115:0211,0.0,0.0,2.09,2.41,0.0
20231115:0311,0.0,0.0,2.09,2.48,0.0
20231115:0411,0.0,0.0,0.77,2.41,0.0
20231115:0511,0.0,0.0,0.53,2.48,0.0
20231115:0611,0.0,0.0,0.94,2.48,0.0
20231115:0711,0.0,0.0,1.42,3.03,0.0
20231115:0811,5.38,2.85,1.76,2.97,0.0
20231115:0911,17.04,7.55,2.43,3.03,0.0
20231115:1011,35.87,10.7,2.8,3.1,0.0
20231115:1111,18.83,12.05,3.16,3.24,0.0
20231115:1211,27.8,11.47,3.41,3.17,0.0
20231115:1311,48.61,9.03,3.34,3.03,0.0
20231115:1411,7.17,4.93,3.25,2.9,0.0
20231115:1511,0.0,0.0,2.94,2.97,0.0
20231115:1611,0.0,0.0,2.73,3.1,0.0
20231115:1711,0.0,0.0,2.77,3.31,0.0
20231115:1811,0.0,0.0,2.66,3.52,0.0
20231115:1911,0.0,0.0,2.87,3.45,0.0
20231115:2011,0.0,0.0,2.84,3.72,0.0
20231115:2111,0.0,0.0,2.87,3.93,0.0
20231115:2211,0.0,0.0,2.79,4.28,0.0
20231115:2311,0.0,0.0,2.47,4.41,0.0
20231116:0011,0.0,0.0,2.26,4.34,0.0
20231116:0111,0.0,0.0,1.87,4.14,0.0
20231116:0211,0.0,0.0,1.79,4.14,0.0
20231116:0311,0.0,0.0,1.73,4.14,0.0
20231116:0411,0.0,0.0,1.76,4.21,0.0
20231116:0511,0.0,0.0,1.89,4.21,0.0
20231116:0611,0.0,0.0,1.91,4.14,0.0
20231116:0711,0.0,0.0,1.92,4.62,0.0
20231116:0811,7.17,2.59,1.67,4.48,0.0
20231116:0911,19.73,7.29,1.68,4.34,0.0
20231116:1011,22.42,10.44,2.06,4.14,0.0
20231116:1111,34.98,11.79,2.29,4.0,0.0
20231116:1211,59.58,11.23,2.62,3.93,0.0
20231116:1311,46.93,8.8,2.56,3.86,0.0
20231116:1411,4.48,4.7,2.39,3.72,0.0
20231116:1511,0.0,0.0,2.34,3.52,0.0
20231116:1611,0.0,0.0,2.21,3.45,0.0
20231116:1711,0.0,0.0,1.95,3.31,0.0
20231116:1811,0.0,0.0,1.79,3.17,0.0
20231116:1911,0.0,0.0,1.57,2.76,0.0
20231116:2011,0.0,0.0,1.26,2.69,0.0
20231116:2111,0.0,0.0,1.05,2.76,0.0
20231116:2211,0.0,0.0,0.95,2.9,0.0
20231116:2311,0.0,0.0,0.91,2.97,0.0
20231117:0011,0.0,0.0,0.88,2.97,0.0
20231117:0111,0.0,0.0,0.79,2.83,0.0
20231117:0211,0.0,0.0,0.75,2.62,0.0
20231117:0311,0.0,0.0,0.58,2.48,0.0
20231117:0411,0.0,0.0,0.43,2.48,0.0
20231117:0511,0.0,0.0,0.08,2.48,0.0
20231117:0611,0.0,0.0,0.03,2.34,0.0
20231117:0711,0.0,0.0,-0.46,2.48,0.0
20231117:0811,6.28,2.34,-0.79,2.41,0.0
20231117:0911,39.29,7.04,-0.61,2.14,0.0
20231117:1011,43.94,10.19,0.0,1.93,0.0
20231117:1111,64.89,11.54,0.7,1.72,0.0
20231117:1211,109.62,10.99,1.09,1.66,0.0
20231117:1311,180.13,8.57,1.17,1.59,0.0
20231117:1411,8.97,4.49,0.86,1.59,0.0
20231117:1511,0.0,0.0,0.41,1.93,0.0
20231117:1611,0.0,0.0,-0.05,2.0,0.0
20231117:1711,0.0,0.0,-0.35,2.0,0.0
20231117:1811,0.0,0.0,-0.57,1.93,0.0
20231117:1911,0.0,0.0,-0.35,2.21,0.0
20231117:2011,0.0,0.0,-0.66,2.41,0.0
20231117:2111,0.0,0.0,-1.12,2.41,0.0
20231117:2211,0.0,0.0,-1.41,2.41,0.0
20231117:2311,0.0,0.0,-1.58,2.55,0.0
20231118:0011,0.0,0.0,-1.6,2.69,0.0
20231118:0111,0.0,0.0,-1.06,2.83,0.0
20231118:0211,0.0,0.0,-0.68,3.03,0.0
20231118:0311,0.0,0.0,-0.25,3.38,0.0
20231118:0411,0.0,0.0,0.19,3.66,0.0
20231118:0511,0.0,0.0,0.59,4.07,0.0
20231118:0611,0.0,0.0,0.98,4.41,0.0
20231118:0711,0.0,0.0,2.24,5.17,0.0
20231118:0811,1.79,2.1,2.29,5.38,0.0
20231118:0911,35.83,6.79,2.4,5.38,0.0
20231118:1011,50.8,9.94,2.75,5.38,0.0
20231118:1111,70.83,11.3,3.19,5.66,0.0
20231118:1211,54.34,10.75,3.49,5.79,0.0
20231118:1311,30.49,8.35,3.57,5.86,0.0
20231118:1411,14.35,4.28,3.4,5.93,0.0
20231118:1511,0.0,0.0,3.15,6.0,0.0
20231118:1611,0.0,0.0,3.03,6.07,0.0
20231118:1711,0.0,0.0,3.06,6.34,0.0
20231118:1811,0.0,0.0,3.17,6.48,0.0
20231118:1911,0.0,0.0,3.79,6.9,0.0
20231118:2011,0.0,0.0,3.81,7.1,0.0
20231118:2111,0.0,0.0,3.83,7.31,0.0
20231118:2211,0.0,0.0,3.77,7.38,0.0
20231118:2311,0.0,0.0,3.68,7.24,0.0
20231119:0011,0.0,0.0,3.6,7.1,0.0
20231119:0111,0.0,0.0,3.33,7.17,0.0
20231119:0211,0.0,0.0,3.1,6.97,0.0
20231119:0311,0.0,0.0,3.08,6.69,0.0
20231119:0411,0.0,0.0,2.85,6.34,0.0
20231119:0511,0.0,0.0,2.44,5.93,0.0
20231119:0611,0.0,0.0,1.96,5.52,0.0
20231119:0711,0.0,0.0,3.53,5.24,0.0
20231119:0811,0.9,1.86,3.42,5.1,0.0
20231119:0911,37.92,6.55,3.33,5.1,0.0
20231119:1011,26.01,9.7,3.44,5.1,0.0
20231119:1111,41.25,11.06,3.52,4.9,0.0
20231119:1211,162.7,10.52,3.55,4.62,0.0
20231119:1311,17.94,8.13,3.58,4.34,0.0
20231119:1411,7.17,4.07,3.7,4.07,0.0
20231119:1511,0.0,0.0,3.58,3.93,0.0
20231119:1611,0.0,0.0,3.61,3.93,0.0
20231119:1711,0.0,0.0,3.6,3.79,0.0
20231119:1811,0.0,0.0,3.55,3.52,0.0
20231119:1911,0.0,0.0,4.19,3.03,0.0
20231119:2011,0.0,0.0,4.06,2.76,0.0
20231119:2111,0.0,0.0,3.95,2.9,0.0
20231119:2211,0.0,0.0,3.84,2.97,0.0
20231119:2311,0.0,0.0,3.77,2.9,0.0
20231120:0011,0.0,0.0,3.6,2.69,0.0
20231120:0111,0.0,0.0,3.55,2.55,0.0
20231120:0211,0.0,0.0,3.53,2.62,0.0
20231120:0311,0.0,0.0,3.33,2.55,0.0
20231120:0411,0.0,0.0,3.23,2.34,0.0
20231120:0511,0.0,0.0,2.99,2.14,0.0
20231120:0611,0.0,0.0,2.78,2.0,0.0
20231120:0711,0.0,0.0,3.57,1.79,0.0
20231120:0811,0.9,1.62,3.32,1.79,0.0
20231120:0911,25.11,6.31,3.16,1.66,0.0
20231120:1011,213.68,9.46,3.38,1.38,0.0
20231120:1111,427.91,10.83,3.91,1.1,0.0
20231120:1211,202.71,10.3,4.2,0.9,0.0
20231120:1311,93.17,7.92,4.33,0.76,0.0
20231120:1411,10.76,3.88,4.09,0.97,0.0
20231120:1511,0.0,0.0,2.93,0.9,0.0
20231120:1611,0.0,0.0,2.77,0.83,0.0
20231120:1711,0.0,0.0,2.95,0.69,0.0
20231120:1811,0.0,0.0,3.34,0.48,0.0
20231120:1911,0.0,0.0,5.07,0.28,0.0
20231120:2011,0.0,0.0,3.48,0.97,0.0
20231120:2111,0.0,0.0,2.92,1.24,0.0
20231120:2211,0.0,0.0,2.85,1.38,0.0
20231120:2311,0.0,0.0,2.79,1.59,0.0
20231121:0011,0.0,0.0,3.01,1.79,0.0
20231121:0111,0.0,0.0,3.29,1.86,0.0
20231121:0211,0.0,0.0,3.41,1.86,0.0
20231121:0311,0.0,0.0,3.1,1.86,0.0
20231121:0411,0.0,0.0,2.33,1.86,0.0
20231121:0511,0.0,0.0,1.92,1.93,0.0
20231121:0611,0.0,0.0,1.82,2.14,0.0
20231121:0711,0.0,0.0,2.0,2.41,0.0
20231121:0811,0.83,1.39,2.72,2.48,0.0
20231121:0911,78.21,6.08,3.17,2.62,0.0
20231121:1011,39.46,9.23,4.18,2.83,0.0
20231121:1111,229.14,10.6,4.86,3.1,0.0
20231121:1211,24.21,10.08,5.14,3.38,0.0
20231121:1311,150.74,7.71,5.21,3.79,0.0
20231121:1411,5.79,3.69,5.0,3.79,0.0
20231121:1511,0.0,0.0,4.49,3.79,0.0
20231121:1611,0.0,0.0,4.27,3.86,0.0
20231121:1711,0.0,0.0,4.12,4.07,0.0
20231121:1811,0.0,0.0,4.1,4.41,0.0
20231121:1911,0.0,0.0,4.16,4.48,0.0
20231121:2011,0.0,0.0,4.18,4.9,0.0
20231121:2111,0.0,0.0,3.96,5.45,0.0
20231121:2211,0.0,0.0,3.64,6.0,0.0
20231121:2311,0.0,0.0,3.81,5.93,0.0
20231122:0011,0.0,0.0,3.96,6.34,0.0
20231122:0111,0.0,0.0,4.22,6.41,0.0
20231122:0211,0.0,0.0,4.84,6.07,0.0
20231122:0311,0.0,0.0,4.96,6.14,0.0
20231122:0411,0.0,0.0,4.93,6.48,0.0
20231122:0511,0.0,0.0,4.9,6.9,0.0
20231122:0611,0.0,0.0,4.68,7.1,0.0
20231122:0711,0.0,0.0,5.33,7.31,0.0
20231122:0811,0.0,0.0,6.04,7.86,0.0
20231122:0911,7.17,5.85,6.91,7.86,0.0
20231122:1011,12.56,9.0,7.65,7.72,0.0
20231122:1111,14.35,10.38,8.3,7.52,0.0
20231122:1211,17.04,9.87,8.89,7.45,0.0
20231122:1311,11.66,7.51,8.9,7.31,0.0
20231122:1411,2.48,3.5,8.63,6.0,0.0
20231122:1511,0.0,0.0,8.0,5.31,0.0
20231122:1611,0.0,0.0,7.48,4.76,0.0
20231122:1711,0.0,0.0,7.37,4.83,0.0
20231122:1811,0.0,0.0,7.29,4.76,0.0
20231122:1911,0.0,0.0,7.86,5.66,0.0
20231122:2011,0.0,0.0,7.77,6.07,0.0
20231122:2111,0.0,0.0,7.71,6.0,0.0
20231122:2211,0.0,0.0,7.59,6.14,0.0
20231122:2311,0.0,0.0,7.45,7.1,0.0
20231123:0011,0.0,0.0,7.34,7.24,0.0
20231123:0111,0.0,0.0,7.07,7.45,0.0
20231123:0211,0.0,0.0,6.89,7.1,0.0
20231123:0311,0.0,0.0,6.43,8.14,0.0
20231123:0411,0.0,0.0,6.35,8.0,0.0
20231123:0511,0.0,0.0,5.88,8.41,0.0
20231123:0611,0.0,0.0,5.73,9.1,0.0
20231123:0711,0.0,0.0,5.69,7.79,0.0
20231123:0811,0.0,0.0,5.05,8.41,0.0
20231123:0911,32.35,5.63,4.89,9.03,0.0
20231123:1011,146.18,8.78,4.77,8.62,0.0
20231123:1111,100.46,10.16,4.12,9.72,0.0
20231123:1211,16.14,9.66,4.86,9.24,0.0
20231123:1311,17.94,7.32,4.37,9.79,0.0
20231123:1411,2.48,3.32,4.16,10.0,0.0
20231123:1511,0.0,0.0,3.27,9.79,0.0
20231123:1611,0.0,0.0,3.6,9.86,0.0
20231123:1711,0.0,0.0,2.78,9.66,0.0
20231123:1811,0.0,0.0,2.21,9.24,0.0
20231123:1911,0.0,0.0,1.89,9.24,0.0
20231123:2011,0.0,0.0,1.88,8.55,0.0
20231123:2111,0.0,0.0,1.9,7.93,0.0
20231123:2211,0.0,0.0,2.16,7.93,0.0
20231123:2311,0.0,0.0,2.56,8.0,0.0
20231124:0011,0.0,0.0,2.26,8.21,0.0
20231124:0111,0.0,0.0,2.24,8.34,0.0
20231124:0211,0.0,0.0,2.24,9.45,0.0
20231124:0311,0.0,0.0,2.12,9.93,0.0
20231124:0411,0.0,0.0,2.3,9.38,0.0
20231124:0511,0.0,0.0,2.25,9.72,0.0
20231124:0611,0.0,0.0,2.47,9.66,0.0
20231124:0711,0.0,0.0,2.84,8.14,0.0
20231124:0811,0.0,0.0,2.96,9.31,0.0
20231124:0911,127.02,5.41,3.89,9.72,0.0
20231124:1011,284.77,8.57,4.43,9.79,0.0
20231124:1111,405.3,9.95,4.67,9.03,0.0
20231124:1211,353.02,9.47,4.92,8.55,0.0
20231124:1311,252.85,7.14,4.82,7.86,0.0
20231124:1411,13.24,3.15,4.58,7.31,0.0
20231124:1511,0.0,0.0,4.27,7.1,0.0
20231124:1611,0.0,0.0,4.2,7.31,0.0
20231124:1711,0.0,0.0,4.4,6.55,0.0
20231124:1811,0.0,0.0,4.28,5.45,0.0
20231124:1911,0.0,0.0,4.03,5.45,0.0
20231124:2011,0.0,0.0,3.86,6.21,0.0
20231124:2111,0.0,0.0,4.02,5.86,0.0
20231124:2211,0.0,0.0,4.26,6.55,0.0
20231124:2311,0.0,0.0,4.62,7.03,0.0
20231125:0011,0.0,0.0,4.9,7.52,0.0
20231125:0111,0.0,0.0,5.0,7.31,0.0
20231125:0211,0.0,0.0,4.82,6.55,0.0
20231125:0311,0.0,0.0,4.39,5.72,0.0
20231125:0411,0.0,0.0,3.82,5.17,0.0
20231125:0511,0.0,0.0,3.44,4.83,0.0
20231125:0611,0.0,0.0,2.95,4.41,0.0
20231125:0711,0.0,0.0,2.76,3.59,0.0
20231125:0811,0.0,0.0,2.18,3.24,0.0
20231125:0911,143.83,5.2,1.9,2.9,0.0
20231125:1011,314.95,8.36,2.16,2.83,0.0
20231125:1111,393.91,9.75,2.64,2.69,0.0
20231125:1211,325.19,9.27,2.97,2.9,0.0
20231125:1311,221.84,6.96,3.12,3.66,0.0
20231125:1411,9.93,2.99,2.9,3.93,0.0
20231125:1511,0.0,0.0,2.49,4.14,0.0
20231125:1611,0.0,0.0,2.36,3.93,0.0
20231125:1711,0.0,0.0,1.96,3.72,0.0
20231125:1811,0.0,0.0,1.58,3.45,0.0
20231125:1911,0.0,0.0,1.12,2.28,0.0
20231125:2011,0.0,0.0,0.79,2.21,0.0
20231125:2111,0.0,0.0,0.51,2.14,0.0
20231125:2211,0.0,0.0,0.28,2.0,0.0
20231125:2311,0.0,0.0,0.42,1.93,0.0
20231126:0011,0.0,0.0,0.64,1.86,0.0
20231126:0111,0.0,0.0,0.83,1.86,0.0
20231126:0211,0.0,0.0,0.95,1.79,0.0
20231126:0311,0.0,0.0,0.96,1.59,0.0
20231126:0411,0.0,0.0,0.68,1.59,0.0
20231126:0511,0.0,0.0,0.57,1.45,0.0
20231126:0611,0.0,0.0,0.29,1.38,0.0
20231126:0711,0.0,0.0,0.0,1.17,0.0
20231126:0811,0.0,0.0,-0.25,1.17,0.0
20231126:0911,7.17,4.99,-0.18,1.38,0.0
20231126:1011,31.39,8.15,1.2,1.59,0.0
20231126:1111,24.21,9.56,1.7,1.72,0.0
20231126:1211,10.76,9.09,1.98,2.0,0.0
20231126:1311,8.97,6.79,2.1,2.28,0.0
20231126:1411,1.65,2.83,1.74,2.34,0.0
20231126:1511,0.0,0.0,1.35,2.83,0.0
20231126:1611,0.0,0.0,1.33,3.31,0.0
20231126:1711,0.0,0.0,1.5,3.66,0.0
20231126:1811,0.0,0.0,2.03,4.07,0.0
20231126:1911,0.0,0.0,2.23,5.66,0.0
20231126:2011,0.0,0.0,1.89,5.72,0.0
20231126:2111,0.0,0.0,1.75,5.45,0.0
20231126:2211,0.0,0.0,1.84,5.72,0.0
20231126:2311,0.0,0.0,1.96,5.45,0.0
20231127:0011,0.0,0.0,2.0,5.03,0.0
20231127:0111,0.0,0.0,2.04,4.83,0.0
20231127:0211,0.0,0.0,1.98,4.55,0.0
20231127:0311,0.0,0.0,1.83,4.21,0.0
20231127:0411,0.0,0.0,1.67,3.86,0.0
20231127:0511,0.0,0.0,1.55,3.93,0.0
20231127:0611,0.0,0.0,1.23,3.86,0.0
20231127:0711,0.0,0.0,1.53,2.97,0.0
20231127:0811,0.0,0.0,1.16,2.83,0.0
20231127:0911,28.79,4.79,0.9,2.62,0.0
20231127:1011,32.29,7.96,0.87,2.48,0.0
20231127:1111,112.82,9.37,0.87,2.55,0.0
20231127:1211,133.87,8.91,0.77,2.62,0.0
20231127:1311,76.76,6.62,0.54,2.69,0.0
20231127:1411,4.96,2.68,0.23,2.69,0.0
20231127:1511,0.0,0.0,-0.27,2.48,0.0
20231127:1611,0.0,0.0,-0.84,2.34,0.0
20231127:1711,0.0,0.0,-1.03,2.28,0.0
20231127:1811,0.0,0.0,-1.1,2.14,0.0
20231127:1911,0.0,0.0,-0.77,2.48,0.0
20231127:2011,0.0,0.0,-0.98,2.41,0.0
20231127:2111,0.0,0.0,-1.1,2.34,0.0
20231127:2211,0.0,0.0,-1.24,2.48,0.0
20231127:2311,0.0,0.0,-1.39,2.69,0.0
20231128:0011,0.0,0.0,-1.56,2.97,0.0
20231128:0111,0.0,0.0,-1.63,3.45,0.0
20231128:0211,0.0,0.0,-1.81,3.93,0.0
20231128:0311,0.0,0.0,-2.13,4.48,0.0
20231128:0411,0.0,0.0,-2.55,4.97,0.0
20231128:0511,0.0,0.0,-3.13,5.24,0.0
20231128:0611,0.0,0.0,-3.65,5.45,0.0
20231128:0711,0.0,0.0,-4.07,4.83,0.0
20231128:0811,0.0,0.0,-4.5,4.76,0.0
20231128:0911,183.07,4.59,-4.8,4.41,0.0
20231128:1011,204.91,7.76,-4.68,4.0,0.0
20231128:1111,246.1,9.18,-4.37,3.38,0.0
20231128:1211,199.84,8.74,-4.03,2.9,0.0
20231128:1311,127.49,6.46,-3.87,2.34,0.0
20231128:1411,4.14,2.54,-3.87,2.07,0.0
20231128:1511,0.0,0.0,-4.1,2.0,0.0
20231128:1611,0.0,0.0,-4.13,2.0,0.0
20231128:1711,0.0,0.0,-4.07,2.0,0.0
20231128:1811,0.0,0.0,-4.05,2.0,0.0
20231128:1911,0.0,0.0,-3.66,2.21,0.0
20231128:2011,0.0,0.0,-3.56,1.86,0.0
20231128:2111,0.0,0.0,-3.63,1.59,0.0
20231128:2211,0.0,0.0,-3.94,1.45,0.0
20231128:2311,0.0,0.0,-4.51,1.45,0.0
20231129:0011,0.0,0.0,-4.64,1.59,0.0
20231129:0111,0.0,0.0,-4.83,1.79,0.0
20231129:0211,0.0,0.0,-4.81,1.93,0.0
20231129:0311,0.0,0.0,-4.72,2.0,0.0
20231129:0411,0.0,0.0,-4.32,2.28,0.0
20231129:0511,0.0,0.0,-3.78,2.76,0.0
20231129:0611,0.0,0.0,-3.31,2.9,0.0
20231129:0711,0.0,0.0,-2.45,3.1,0.0
20231129:0811,0.0,0.0,-2.43,2.9,0.0
20231129:0911,17.04,4.4,-2.27,2.55,0.0
20231129:1011,405.1,7.58,-1.68,2.28,0.0
20231129:1111,36.77,9.01,-1.03,2.14,0.0
20231129:1211,89.52,8.57,-0.64,2.07,0.0
20231129:1311,18.83,6.31,-0.68,2.14,0.0
20231129:1411,1.65,2.4,-1.06,2.34,0.0
20231129:1511,0.0,0.0,-1.63,2.55,0.0
20231129:1611,0.0,0.0,-1.92,2.55,0.0
20231129:1711,0.0,0.0,-2.11,2.48,0.0
20231129:1811,0.0,0.0,-2.27,2.34,0.0
20231129:1911,0.0,0.0,-1.26,2.34,0.0
20231129:2011,0.0,0.0,-1.35,2.28,0.0
20231129:2111,0.0,0.0,-1.33,2.28,0.0
20231129:2211,0.0,0.0,-1.48,2.28,0.0
20231129:2311,0.0,0.0,-1.76,2.21,0.0
20231130:0011,0.0,0.0,-2.09,2.14,0.0
20231130:0111,0.0,0.0,-2.38,2.14,0.0
20231130:0211,0.0,0.0,-2.58,2.14,0.0
20231130:0311,0.0,0.0,-2.79,2.21,0.0
20231130:0411,0.0,0.0,-2.92,2.28,0.0
20231130:0511,0.0,0.0,-2.79,2.48,0.0
20231130:0611,0.0,0.0,-2.45,2.62,0.0
20231130:0711,0.0,0.0,-2.04,2.34,0.0
20231130:0811,0.0,0.0,-2.35,2.34,0.0
20231130:0911,89.55,4.22,-2.51,2.21,0.0
20231130:1011,248.72,7.4,-2.08,1.93,0.0
20231130:1111,266.93,8.84,-1.45,1.79,0.0
20231130:1211,253.27,8.41,-1.2,1.72,0.0
20231130:1311,146.17,6.17,-1.28,1.79,0.0
20231130:1411,2.48,2.27,-1.74,1.86,0.0
20231130:1511,0.0,0.0,-2.6,2.0,0.0
20231130:1611,0.0,0.0,-3.05,2.0,0.0
20231130:1711,0.0,0.0,-3.4,1.93,0.0
20231130:1811,0.0,0.0,-3.76,1.86,0.0
20231130:1911,0.0,0.0,-3.58,1.59,0.0
20231130:2011,0.0,0.0,-4.06,1.66,0.0
20231130:2111,0.0,0.0,-4.29,1.72,0.0
20231130:2211,0.0,0.0,-4.5,1.72,0.0
20231130:2311,0.0,0.0,-4.58,1.79,0.0
20231201:0011,0.0,0.0,-4.81,1.79,0.0
20231201:0111,0.0,0.0,-4.8,1.72,0.0
20231201:0211,0.0,0.0,-4.91,1.72,0.0
20231201:0311,0.0,0.0,-5.11,1.72,0.0
20231201:0411,0.0,0.0,-5.21,1.66,0.0
20231201:0511,0.0,0.0,-5.22,1.59,0.0
20231201:0611,0.0,0.0,-5.4,1.66,0.0
20231201:0711,0.0,0.0,-5.42,1.93,0.0
20231201:0811,0.0,0.0,-5.45,1.93,0.0
20231201:0911,70.48,4.04,-5.45,1.86,0.0
20231201:1011,209.69,7.23,-4.78,1.66,0.0
20231201:1111,238.94,8.67,-3.94,1.38,0.0
20231201:1211,211.46,8.26,-3.18,1.24,0.0
20231201:1311,139.09,6.03,-3.05,1.17,0.0
20231201:1411,2.48,2.15,-3.58,1.24,0.0
20231201:1511,0.0,0.0,-4.14,1.59,0.0
20231201:1611,0.0,0.0,-4.61,1.59,0.0
20231201:1711,0.0,0.0,-4.81,1.72,0.0
20231201:1811,0.0,0.0,-5.05,1.72,0.0
20231201:1911,0.0,0.0,-4.64,1.45,0.0
20231201:2011,0.0,0.0,-4.97,1.45,0.0
20231201:2111,0.0,0.0,-4.71,1.66,0.0
20231201:2211,0.0,0.0,-4.9,1.72,0.0
20231201:2311,0.0,0.0,-4.97,1.79,0.0
20231202:0011,0.0,0.0,-5.1,1.79,0.0
20231202:0111,0.0,0.0,-4.92,1.93,0.0
20231202:0211,0.0,0.0,-4.93,1.86,0.0
20231202:0311,0.0,0.0,-4.88,1.86,0.0
20231202:0411,0.0,0.0,-4.57,1.86,0.0
20231202:0511,0.0,0.0,-4.41,1.93,0.0
20231202:0611,0.0,0.0,-3.98,1.93,0.0
20231202:0711,0.0,0.0,-2.09,2.07,0.0
20231202:0811,0.0,0.0,-1.53,2.0,0.0
20231202:0911,3.59,3.87,-1.24,1.93,0.0
20231202:1011,12.56,7.06,-0.41,1.59,0.0
20231202:1111,17.04,8.52,-0.03,1.52,0.0
20231202:1211,17.04,8.12,0.08,1.31,0.0
20231202:1311,5.38,5.9,0.54,1.17,0.0
20231202:1411,1.65,2.03,0.49,1.03,0.0
20231202:1511,0.0,0.0,-0.09,0.97,0.0
20231202:1611,0.0,0.0,-0.88,1.03,0.0
20231202:1711,0.0,0.0,-1.84,1.52,0.0
20231202:1811,0.0,0.0,-2.58,1.86,0.0
20231202:1911,0.0,0.0,-2.5,1.59,0.0
20231202:2011,0.0,0.0,-3.83,2.07,0.0
20231202:2111,0.0,0.0,-3.37,2.34,0.0
20231202:2211,0.0,0.0,-2.76,2.9,0.0
20231202:2311,0.0,0.0,-1.73,3.52,0.0
20231203:0011,0.0,0.0,-0.57,3.93,0.0
20231203:0111,0.0,0.0,-0.08,4.14,0.0
20231203:0211,0.0,0.0,-0.16,4.07,0.0
20231203:0311,0.0,0.0,-0.12,4.0,0.0
20231203:0411,0.0,0.0,-0.19,4.0,0.0
20231203:0511,0.0,0.0,-0.17,3.93,0.0
20231203:0611,0.0,0.0,-0.25,3.79,0.0
20231203:0711,0.0,0.0,-0.49,3.79,0.0
20231203:0811,0.0,0.0,-0.74,3.59,0.0
20231203:0911,6.28,3.7,-0.66,3.45,0.0
20231203:1011,7.17,6.9,-0.55,3.31,0.0
20231203:1111,8.97,8.37,-0.21,3.24,0.0
20231203:1211,8.97,7.98,-0.01,3.1,0.0
20231203:1311,5.38,5.78,-0.04,2.97,0.0
20231203:1411,0.83,1.92,-0.1,2.9,0.0
20231203:1511,0.0,0.0,-0.42,2.83,0.0
20231203:1611,0.0,0.0,-0.89,2.76,0.0
20231203:1711,0.0,0.0,-1.31,2.69,0.0
20231203:1811,0.0,0.0,-1.4,2.48,0.0
20231203:1911,0.0,0.0,-0.37,2.55,0.0
20231203:2011,0.0,0.0,-0.48,2.55,0.0
20231203:2111,0.0,0.0,-0.76,2.55,0.0
20231203:2211,0.0,0.0,-1.14,2.62,0.0
20231203:2311,0.0,0.0,-1.28,2.55,0.0
20231204:0011,0.0,0.0,-1.59,2.48,0.0
20231204:0111,0.0,0.0,-1.95,2.34,0.0
20231204:0211,0.0,0.0,-2.33,2.34,0.0
20231204:0311,0.0,0.0,-2.62,2.41,0.0
20231204:0411,0.0,0.0,-3.02,2.41,0.0
20231204:0511,0.0,0.0,-3.41,2.34,0.0
20231204:0611,0.0,0.0,-3.77,2.28,0.0
20231204:0711,0.0,0.0,-3.97,2.41,0.0
20231204:0811,0.0,0.0,-5.07,2.28,0.0
20231204:0911,4.48,3.54,-5.51,2.14,0.0
20231204:1011,13.45,6.75,-5.57,1.93,0.0
20231204:1111,11.66,8.22,-5.36,1.79,0.0
20231204:1211,10.76,7.85,-5.04,1.72,0.0
20231204:1311,8.07,5.66,-4.98,1.86,0.0
20231204:1411,0.83,1.82,-5.22,2.07,0.0
20231204:1511,0.0,0.0,-5.91,2.28,0.0
20231204:1611,0.0,0.0,-6.59,2.21,0.0
20231204:1711,0.0,0.0,-6.76,2.21,0.0
20231204:1811,0.0,0.0,-6.9,2.14,0.0
20231204:1911,0.0,0.0,-5.18,1.79,0.0
20231204:2011,0.0,0.0,-4.79,1.72,0.0
20231204:2111,0.0,0.0,-4.48,1.52,0.0
20231204:2211,0.0,0.0,-4.99,1.59,0.0
20231204:2311,0.0,0.0,-5.51,1.59,0.0
20231205:0011,0.0,0.0,-5.54,1.66,0.0
20231205:0111,0.0,0.0,-5.45,1.66,0.0
20231205:0211,0.0,0.0,-5.94,1.72,0.0
20231205:0311,0.0,0.0,-6.39,1.72,0.0
20231205:0411,0.0,0.0,-6.6,1.72,0.0
20231205:0511,0.0,0.0,-6.74,1.72,0.0
20231205:0611,0.0,0.0,-6.46,1.66,0.0
20231205:0711,0.0,0.0,-6.45,1.93,0.0
20231205:0811,0.0,0.0,-6.69,2.07,0.0
20231205:0911,5.38,3.39,-6.7,2.07,0.0
20231205:1011,18.83,6.6,-6.11,2.0,0.0
20231205:1111,16.14,8.09,-5.03,2.0,0.0
20231205:1211,13.45,7.73,-4.06,1.86,0.0
20231205:1311,10.76,5.55,-3.5,2.0,0.0
20231205:1411,0.83,1.73,-3.75,2.14,0.0
20231205:1511,0.0,0.0,-4.29,2.28,0.0
20231205:1611,0.0,0.0,-4.69,2.21,0.0
20231205:1711,0.0,0.0,-4.99,2.21,0.0
20231205:1811,0.0,0.0,-5.05,2.28,0.0
20231205:1911,0.0,0.0,-3.72,2.28,0.0
20231205:2011,0.0,0.0,-3.72,2.28,0.0
20231205:2111,0.0,0.0,-3.95,2.21,0.0
20231205:2211,0.0,0.0,-4.07,2.28,0.0
20231205:2311,0.0,0.0,-4.2,2.28,0.0
20231206:0011,0.0,0.0,-4.42,2.34,0.0
20231206:0111,0.0,0.0,-4.89,2.41,0.0
20231206:0211,0.0,0.0,-5.07,2.41,0.0
20231206:0311,0.0,0.0,-5.09,2.34,0.0
20231206:0411,0.0,0.0,-5.13,2.34,0.0
20231206:0511,0.0,0.0,-5.04,2.34,0.0
20231206:0611,0.0,0.0,-4.92,2.28,0.0
20231206:0711,0.0,0.0,-2.64,2.34,0.0
20231206:0811,0.0,0.0,-2.39,2.21,0.0
20231206:0911,2.69,3.24,-2.37,2.21,0.0
20231206:1011,8.07,6.47,-2.25,2.21,0.0
20231206:1111,8.97,7.96,-2.14,2.07,0.0
20231206:1211,15.25,7.61,-1.67,2.0,0.0
20231206:1311,9.87,5.45,-1.76,2.0,0.0
20231206:1411,0.83,1.64,-2.23,2.0,0.0
20231206:1511,0.0,0.0,-2.76,2.07,0.0
20231206:1611,0.0,0.0,-2.77,2.14,0.0
20231206:1711,0.0,0.0,-2.84,2.28,0.0
20231206:1811,0.0,0.0,-2.94,2.34,0.0
20231206:1911,0.0,0.0,-1.22,2.62,0.0
20231206:2011,0.0,0.0,-1.43,2.48,0.0
20231206:2111,0.0,0.0,-1.88,2.48,0.0
20231206:2211,0.0,0.0,-2.32,2.48,0.0
20231206:2311,0.0,0.0,-2.8,2.41,0.0
20231207:0011,0.0,0.0,-3.29,2.21,0.0
20231207:0111,0.0,0.0,-3.74,2.14,0.0
20231207:0211,0.0,0.0,-4.37,2.21,0.0
20231207:0311,0.0,0.0,-4.9,2.28,0.0
20231207:0411,0.0,0.0,-5.37,2.34,0.0
20231207:0511,0.0,0.0,-5.55,2.41,0.0
20231207:0611,0.0,0.0,-5.71,2.48,0.0
20231207:0711,0.0,0.0,-4.75,2.55,0.0
20231207:0811,0.0,0.0,-5.15,2.34,0.0
20231207:0911,5.38,3.1,-5.42,2.28,0.0
20231207:1011,27.8,6.33,-5.0,2.41,0.0
20231207:1111,24.21,7.84,-4.16,2.62,0.0
20231207:1211,18.83,7.51,-3.47,2.76,0.0
20231207:1311,320.15,5.36,-3.3,2.69,0.0
20231207:1411,0.83,1.56,-3.59,2.76,0.0
20231207:1511,0.0,0.0,-4.05,2.76,0.0
20231207:1611,0.0,0.0,-4.28,2.76,0.0
20231207:1711,0.0,0.0,-4.49,2.9,0.0
20231207:1811,0.0,0.0,-4.62,3.31,0.0
20231207:1911,0.0,0.0,-3.98,3.45,0.0
20231207:2011,0.0,0.0,-4.07,3.66,0.0
20231207:2111,0.0,0.0,-4.09,3.66,0.0
20231207:2211,0.0,0.0,-4.02,3.59,0.0
20231207:2311,0.0,0.0,-3.94,4.0,0.0
20231208:0011,0.0,0.0,-3.88,4.55,0.0
20231208:0111,0.0,0.0,-3.49,4.62,0.0
20231208:0211,0.0,0.0,-3.21,4.28,0.0
20231208:0311,0.0,0.0,-3.11,4.14,0.0
20231208:0411,0.0,0.0,-3.05,4.41,0.0
20231208:0511,0.0,0.0,-2.71,4.28,0.0
20231208:0611,0.0,0.0,-2.5,4.34,0.0
20231208:0711,0.0,0.0,-2.15,3.72,0.0
20231208:0811,0.0,0.0,-1.97,4.07,0.0
20231208:0911,5.38,2.97,-1.71,4.41,0.0
20231208:1011,18.83,6.21,-1.42,4.55,0.0
20231208:1111,26.9,7.73,-1.03,4.34,0.0
20231208:1211,17.04,7.41,-0.77,4.28,0.0
20231208:1311,5.38,5.27,-0.62,4.34,0.0
20231208:1411,0.83,1.49,-0.58,4.07,0.0
20231208:1511,0.0,0.0,-0.59,3.66,0.0
20231208:1611,0.0,0.0,-0.62,3.59,0.0
20231208:1711,0.0,0.0,-0.67,3.93,0.0
20231208:1811,0.0,0.0,-0.65,4.21,0.0
20231208:1911,0.0,0.0,-0.12,4.14,0.0
20231208:2011,0.0,0.0,0.03,4.34,0.0
20231208:2111,0.0,0.0,0.15,4.28,0.0
20231208:2211,0.0,0.0,0.3,4.21,0.0
20231208:2311,0.0,0.0,0.4,4.07,0.0
20231209:0011,0.0,0.0,0.5,3.79,0.0
20231209:0111,0.0,0.0,0.58,3.52,0.0
20231209:0211,0.0,0.0,0.61,3.38,0.0
20231209:0311,0.0,0.0,0.66,3.31,0.0
20231209:0411,0.0,0.0,0.69,3.17,0.0
20231209:0511,0.0,0.0,0.72,3.1,0.0
20231209:0611,0.0,0.0,0.74,2.97,0.0
20231209:0711,0.0,0.0,1.17,3.38,0.0
20231209:0811,0.0,0.0,1.28,3.38,0.0
20231209:0911,4.48,2.84,1.59,3.45,0.0
20231209:1011,16.14,6.09,2.07,3.52,0.0
20231209:1111,8.07,7.62,2.43,4.0,0.0
20231209:1211,16.14,7.31,2.63,4.69,0.0
20231209:1311,4.48,5.19,2.8,5.1,0.0
20231209:1411,0.83,1.43,2.94,5.03,0.0
20231209:1511,0.0,0.0,2.91,5.1,0.0
20231209:1611,0.0,0.0,2.67,5.24,0.0
20231209:1711,0.0,0.0,2.82,5.31,0.0
20231209:1811,0.0,0.0,2.91,5.45,0.0
20231209:1911,0.0,0.0,3.1,5.59,0.0
20231209:2011,0.0,0.0,2.94,5.38,0.0
20231209:2111,0.0,0.0,2.92,5.31,0.0
20231209:2211,0.0,0.0,2.95,5.03,0.0
20231209:2311,0.0,0.0,2.88,4.69,0.0
20231210:0011,0.0,0.0,2.79,4.28,0.0
20231210:0111,0.0,0.0,2.62,3.93,0.0
20231210:0211,0.0,0.0,2.57,3.72,0.0
20231210:0311,0.0,0.0,2.49,3.52,0.0
20231210:0411,0.0,0.0,2.31,3.24,0.0
20231210:0511,0.0,0.0,2.21,3.1,0.0
20231210:0611,0.0,0.0,2.14,2.97,0.0
20231210:0711,0.0,0.0,2.27,2.55,0.0
20231210:0811,0.0,0.0,1.95,2.62,0.0
20231210:0911,1.79,2.72,1.77,2.55,0.0
20231210:1011,83.13,5.98,1.95,2.28,0.0
20231210:1111,316.07,7.52,2.09,2.14,0.0
20231210:1211,21.52,7.23,2.21,2.28,0.0
20231210:1311,12.56,5.12,2.54,2.55,0.0
20231210:1411,0.0,0.0,2.47,2.69,0.0
20231210:1511,0.0,0.0,2.3,2.9,0.0
20231210:1611,0.0,0.0,2.3,3.1,0.0
20231210:1711,0.0,0.0,2.28,3.38,0.0
20231210:1811,0.0,0.0,2.4,3.45,0.0
20231210:1911,0.0,0.0,2.24,3.66,0.0
20231210:2011,0.0,0.0,2.2,3.72,0.0
20231210:2111,0.0,0.0,2.06,3.93,0.0
20231210:2211,0.0,0.0,2.03,4.07,0.0
20231210:2311,0.0,0.0,2.01,4.14,0.0
20231211:0011,0.0,0.0,1.92,4.14,0.0
20231211:0111,0.0,0.0,1.84,4.07,0.0
20231211:0211,0.0,0.0,1.77,3.86,0.0
20231211:0311,0.0,0.0,1.68,3.52,0.0
20231211:0411,0.0,0.0,1.56,3.17,0.0
20231211:0511,0.0,0.0,1.43,3.03,0.0
20231211:0611,0.0,0.0,1.34,2.9,0.0
20231211:0711,0.0,0.0,1.93,2.97,0.0
20231211:0811,0.0,0.0,1.66,2.83,0.0
20231211:0911,9.87,2.61,1.16,2.83,0.0
20231211:1011,250.57,5.88,1.1,2.69,0.0
20231211:1111,445.83,7.43,1.22,2.48,0.0
20231211:1211,113.4,7.15,1.21,2.28,0.0
20231211:1311,105.26,5.06,1.06,2.0,0.0
20231211:1411,0.0,0.0,0.33,2.07,0.0
20231211:1511,0.0,0.0,-0.42,2.07,0.0
20231211:1611,0.0,0.0,-1.1,1.93,0.0
20231211:1711,0.0,0.0,-1.79,1.86,0.0
20231211:1811,0.0,0.0,-2.32,1.79,0.0
20231211:1911,0.0,0.0,-1.6,1.66,0.0
20231211:2011,0.0,0.0,-2.87,1.79,0.0
20231211:2111,0.0,0.0,-3.6,1.86,0.0
20231211:2211,0.0,0.0,-3.85,2.0,0.0
20231211:2311,0.0,0.0,-3.16,2.07,0.0
20231212:0011,0.0,0.0,-2.26,2.14,0.0
20231212:0111,0.0,0.0,-1.18,2.21,0.0
20231212:0211,0.0,0.0,0.13,2.28,0.0
20231212:0311,0.0,0.0,0.59,2.28,0.0
20231212:0411,0.0,0.0,0.43,2.21,0.0
20231212:0511,0.0,0.0,0.39,2.0,0.0
20231212:0611,0.0,0.0,0.19,2.0,0.0
20231212:0711,0.0,0.0,0.82,2.0,0.0
20231212:0811,0.0,0.0,0.45,2.21,0.0
20231212:0911,1.79,2.51,0.48,2.48,0.0
20231212:1011,10.76,5.78,0.77,2.76,0.0
20231212:1111,19.73,7.34,1.01,2.97,0.0
20231212:1211,15.25,7.08,1.04,3.03,0.0
20231212:1311,20.63,5.0,0.79,2.9,0.0
20231212:1411,0.0,0.0,0.35,2.69,0.0
20231212:1511,0.0,0.0,-0.33,2.55,0.0
20231212:1611,0.0,0.0,-0.85,2.34,0.0
20231212:1711,0.0,0.0,-1.44,2.14,0.0
20231212:1811,0.0,0.0,-2.25,2.0,0.0
20231212:1911,0.0,0.0,-1.83,2.14,0.0
20231212:2011,0.0,0.0,-2.68,2.07,0.0
20231212:2111,0.0,0.0,-2.99,1.93,0.0
20231212:2211,0.0,0.0,-3.13,1.59,0.0
20231212:2311,0.0,0.0,-3.17,1.45,0.0
20231213:0011,0.0,0.0,-3.23,1.45,0.0
20231213:0111,0.0,0.0,-3.25,1.45,0.0
20231213:0211,0.0,0.0,-2.85,1.31,0.0
20231213:0311,0.0,0.0,-0.94,1.03,0.0
20231213:0411,0.0,0.0,-0.69,0.97,0.0
20231213:0511,0.0,0.0,-1.27,1.1,0.0
20231213:0611,0.0,0.0,-2.54,1.31,0.0
20231213:0711,0.0,0.0,-0.39,1.1,0.0
20231213:0811,0.0,0.0,-1.27,1.17,0.0
20231213:0911,1.79,2.41,-3.66,1.59,0.0
20231213:1011,12.56,5.69,-3.5,1.52,0.0
20231213:1111,11.66,7.27,-3.16,1.52,0.0
20231213:1211,8.07,7.01,-2.5,1.59,0.0
20231213:1311,6.28,4.95,-1.86,1.72,0.0
20231213:1411,0.0,0.0,-2.18,1.86,0.0
20231213:1511,0.0,0.0,-2.62,1.79,0.0
20231213:1611,0.0,0.0,-2.42,1.86,0.0
20231213:1711,0.0,0.0,-2.31,2.28,0.0
20231213:1811,0.0,0.0,-1.86,2.48,0.0
20231213:1911,0.0,0.0,-1.68,2.48,0.0
20231213:2011,0.0,0.0,-1.47,2.41,0.0
20231213:2111,0.0,0.0,-1.01,2.55,0.0
20231213:2211,0.0,0.0,-0.89,2.76,0.0
20231213:2311,0.0,0.0,-0.8,2.9,0.0
20231214:0011,0.0,0.0,-0.72,3.03,0.0
20231214:0111,0.0,0.0,-0.72,3.38,0.0
20231214:0211,0.0,0.0,-0.75,3.72,0.0
20231214:0311,0.0,0.0,-0.72,3.93,0.0
20231214:0411,0.0,0.0,-0.87,3.93,0.0
20231214:0511,0.0,0.0,-0.87,4.21,0.0
20231214:0611,0.0,0.0,-0.96,4.55,0.0
20231214:0711,0.0,0.0,-1.31,4.41,0.0
20231214:0811,0.0,0.0,-1.13,5.03,0.0
20231214:0911,1.79,2.31,-0.94,5.31,0.0
20231214:1011,9.87,5.61,-0.84,5.38,0.0
20231214:1111,17.94,7.2,-0.51,5.59,0.0
20231214:1211,7.17,6.96,-0.28,5.72,0.0
20231214:1311,7.17,4.91,-0.05,6.14,0.0
20231214:1411,0.0,0.0,0.26,6.34,0.0
20231214:1511,0.0,0.0,0.73,6.62,0.0
20231214:1611,0.0,0.0,1.32,6.34,0.0
20231214:1711,0.0,0.0,1.94,6.41,0.0
20231214:1811,0.0,0.0,2.09,6.07,0.0
20231214:1911,0.0,0.0,2.52,5.59,0.0
20231214:2011,0.0,0.0,2.88,4.69,0.0
20231214:2111,0.0,0.0,3.16,3.52,0.0
20231214:2211,0.0,0.0,3.49,2.9,0.0
20231214:2311,0.0,0.0,3.04,2.62,0.0
20231215:0011,0.0,0.0,3.57,2.48,0.0
20231215:0111,0.0,0.0,4.22,2.9,0.0
20231215:0211,0.0,0.0,4.86,3.03,0.0
20231215:0311,0.0,0.0,5.23,3.17,0.0
20231215:0411,0.0,0.0,5.38,3.03,0.0
20231215:0511,0.0,0.0,5.53,3.59,0.0
20231215:0611,0.0,0.0,5.85,3.59,0.0
20231215:0711,0.0,0.0,6.07,3.93,0.0
20231215:0811,0.0,0.0,5.94,3.72,0.0
20231215:0911,1.79,2.23,5.87,3.45,0.0
20231215:1011,12.56,5.53,6.07,4.21,0.0
20231215:1111,13.45,7.13,6.61,4.55,0.0
20231215:1211,15.25,6.91,6.67,4.55,0.0
20231215:1311,8.97,4.88,6.74,4.69,0.0
20231215:1411,0.0,0.0,6.91,4.21,0.0
20231215:1511,0.0,0.0,6.81,3.59,0.0
20231215:1611,0.0,0.0,6.57,3.03,0.0
20231215:1711,0.0,0.0,6.32,2.76,0.0
20231215:1811,0.0,0.0,6.16,3.17,0.0
20231215:1911,0.0,0.0,6.2,3.38,0.0
20231215:2011,0.0,0.0,6.18,3.72,0.0
20231215:2111,0.0,0.0,6.28,4.07,0.0
20231215:2211,0.0,0.0,6.47,4.9,0.0
20231215:2311,0.0,0.0,6.82,4.97,0.0
20231216:0011,0.0,0.0,7.37,4.76,0.0
20231216:0111,0.0,0.0,7.85,4.48,0.0
20231216:0211,0.0,0.0,8.41,4.48,0.0
20231216:0311,0.0,0.0,8.48,4.62,0.0
20231216:0411,0.0,0.0,8.32,4.55,0.0
20231216:0511,0.0,0.0,8.28,4.55,0.0
20231216:0611,0.0,0.0,8.27,4.76,0.0
20231216:0711,0.0,0.0,8.55,4.83,0.0
20231216:0811,0.0,0.0,8.65,4.9,0.0
20231216:0911,0.9,2.15,8.7,5.03,0.0
20231216:1011,5.38,5.47,8.73,5.86,0.0
20231216:1111,7.17,7.08,8.84,6.28,0.0
20231216:1211,6.28,6.87,8.76,6.48,0.0
20231216:1311,4.48,4.85,8.44,6.76,0.0
20231216:1411,0.0,0.0,8.51,7.45,0.0
20231216:1511,0.0,0.0,9.0,8.07,0.0
20231216:1611,0.0,0.0,9.37,8.69,0.0
20231216:1711,0.0,0.0,9.49,8.41,0.0
20231216:1811,0.0,0.0,8.94,5.72,0.0
20231216:1911,0.0,0.0,8.81,4.48,0.0
20231216:2011,0.0,0.0,8.23,3.45,0.0
20231216:2111,0.0,0.0,7.41,2.28,0.0
20231216:2211,0.0,0.0,6.5,1.93,0.0
20231216:2311,0.0,0.0,6.01,1.86,0.0
20231217:0011,0.0,0.0,6.07,1.93,0.0
20231217:0111,0.0,0.0,6.0,2.34,0.0
20231217:0211,0.0,0.0,6.02,2.69,0.0
20231217:0311,0.0,0.0,6.28,3.38,0.0
20231217:0411,0.0,0.0,6.64,4.0,0.0
20231217:0511,0.0,0.0,7.29,4.21,0.0
20231217:0611,0.0,0.0,7.92,4.9,0.0
20231217:0711,0.0,0.0,8.19,5.24,0.0
20231217:0811,0.0,0.0,8.2,5.24,0.0
20231217:0911,0.9,2.08,8.12,5.03,0.0
20231217:1011,7.17,5.41,8.05,4.83,0.0
20231217:1111,7.17,7.03,7.99,4.76,0.0
20231217:1211,6.28,6.84,7.96,5.03,0.0
20231217:1311,17.04,4.84,8.04,5.38,0.0
20231217:1411,0.0,0.0,8.17,5.31,0.0
20231217:1511,0.0,0.0,8.39,4.97,0.0
20231217:1611,0.0,0.0,8.5,4.41,0.0
20231217:1711,0.0,0.0,8.57,4.0,0.0
20231217:1811,0.0,0.0,8.64,3.66,0.0
20231217:1911,0.0,0.0,8.15,2.41,0.0
20231217:2011,0.0,0.0,8.01,2.48,0.0
20231217:2111,0.0,0.0,8.01,2.21,0.0
20231217:2211,0.0,0.0,8.11,2.14,0.0
20231217:2311,0.0,0.0,8.27,2.41,0.0
20231218:0011,0.0,0.0,8.44,3.24,0.0
20231218:0111,0.0,0.0,8.37,3.59,0.0
20231218:0211,0.0,0.0,8.0,3.86,0.0
20231218:0311,0.0,0.0,7.54,3.59,0.0
20231218:0411,0.0,0.0,7.14,3.03,0.0
20231218:0511,0.0,0.0,6.89,2.55,0.0
20231218:0611,0.0,0.0,6.51,1.93,0.0
20231218:0711,0.0,0.0,6.61,1.72,0.0
20231218:0811,0.0,0.0,6.51,1.72,0.0
20231218:0911,0.9,2.02,6.42,2.0,0.0
20231218:1011,30.75,5.35,6.52,2.48,0.0
20231218:1111,9.87,6.99,6.69,3.1,0.0
20231218:1211,8.07,6.81,6.63,3.38,0.0
20231218:1311,4.48,4.83,6.38,3.52,0.0
20231218:1411,0.0,0.0,6.07,3.31,0.0
20231218:1511,0.0,0.0,5.79,3.17,0.0
20231218:1611,0.0,0.0,5.8,3.79,0.0
20231218:1711,0.0,0.0,6.22,3.93,0.0
20231218:1811,0.0,0.0,6.74,3.66,0.0
20231218:1911,0.0,0.0,7.59,5.72,0.0
20231218:2011,0.0,0.0,7.75,5.52,0.0
20231218:2111,0.0,0.0,7.62,6.07,0.0
20231218:2211,0.0,0.0,7.09,7.59,0.0
20231218:2311,0.0,0.0,6.25,6.97,0.0
20231219:0011,0.0,0.0,5.84,6.07,0.0
20231219:0111,0.0,0.0,5.73,6.0,0.0
20231219:0211,0.0,0.0,5.79,5.66,0.0
20231219:0311,0.0,0.0,5.82,5.59,0.0
20231219:0411,0.0,0.0,5.58,5.24,0.0
20231219:0511,0.0,0.0,5.23,4.62,0.0
20231219:0611,0.0,0.0,4.92,3.79,0.0
20231219:0711,0.0,0.0,5.15,4.55,0.0
20231219:0811,0.0,0.0,4.79,5.03,0.0
20231219:0911,0.9,1.96,4.45,5.03,0.0
20231219:1011,30.81,5.31,4.51,5.31,0.0
20231219:1111,41.45,6.96,4.65,5.03,0.0
20231219:1211,162.96,6.8,4.59,5.52,0.0
20231219:1311,4.48,4.82,4.7,5.17,0.0
20231219:1411,0.0,0.0,4.6,4.97,0.0
20231219:1511,0.0,0.0,4.31,4.55,0.0
20231219:1611,0.0,0.0,4.31,3.59,0.0
20231219:1711,0.0,0.0,4.22,2.83,0.0
20231219:1811,0.0,0.0,4.09,3.31,0.0
20231219:1911,0.0,0.0,4.38,4.07,0.0
20231219:2011,0.0,0.0,4.64,4.14,0.0
20231219:2111,0.0,0.0,4.67,4.55,0.0
20231219:2211,0.0,0.0,4.34,5.45,0.0
20231219:2311,0.0,0.0,4.55,5.03,0.0
20231220:0011,0.0,0.0,4.3,5.31,0.0
20231220:0111,0.0,0.0,4.07,5.45,0.0
20231220:0211,0.0,0.0,3.4,5.24,0.0
20231220:0311,0.0,0.0,3.15,5.1,0.0
20231220:0411,0.0,0.0,2.85,5.1,0.0
20231220:0511,0.0,0.0,2.39,4.76,0.0
20231220:0611,0.0,0.0,2.19,5.38,0.0
20231220:0711,0.0,0.0,2.57,4.55,0.0
20231220:0811,0.0,0.0,2.59,5.1,0.0
20231220:0911,0.9,1.91,2.76,4.83,0.0
20231220:1011,64.7,5.27,2.53,5.03,0.0
20231220:1111,7.17,6.94,2.54,4.83,0.0
20231220:1211,7.17,6.79,2.55,4.83,0.0
20231220:1311,165.42,4.83,3.23,4.97,0.0
20231220:1411,0.0,0.0,3.42,5.45,0.0
20231220:1511,0.0,0.0,3.27,5.52,0.0
20231220:1611,0.0,0.0,3.51,5.45,0.0
20231220:1711,0.0,0.0,3.31,5.17,0.0
20231220:1811,0.0,0.0,3.11,4.55,0.0
20231220:1911,0.0,0.0,3.23,4.41,0.0
20231220:2011,0.0,0.0,2.79,3.52,0.0
20231220:2111,0.0,0.0,2.63,2.48,0.0
20231220:2211,0.0,0.0,2.24,2.0,0.0
20231220:2311,0.0,0.0,2.13,2.55,0.0
20231221:0011,0.0,0.0,2.36,3.59,0.0
20231221:0111,0.0,0.0,1.7,4.83,0.0
20231221:0211,0.0,0.0,0.91,6.62,0.0
20231221:0311,0.0,0.0,1.15,7.24,0.0
20231221:0411,0.0,0.0,2.28,5.24,0.0
20231221:0511,0.0,0.0,3.94,5.03,0.0
20231221:0611,0.0,0.0,4.75,6.14,0.0
20231221:0711,0.0,0.0,5.0,4.83,0.0
20231221:0811,0.0,0.0,5.04,6.69,0.0
20231221:0911,0.9,1.87,5.04,7.72,0.0
20231221:1011,29.96,5.24,4.7,7.1,0.0
20231221:1111,7.17,6.92,4.33,5.52,0.0
20231221:1211,7.17,6.79,4.49,4.76,0.0
20231221:1311,300.8,4.84,3.88,7.86,0.0
20231221:1411,0.0,0.0,3.1,12.41,0.0
20231221:1511,0.0,0.0,2.62,14.14,0.0
20231221:1611,0.0,0.0,2.93,12.28,0.0
20231221:1711,0.0,0.0,2.84,11.31,0.0
20231221:1811,0.0,0.0,2.29,10.76,0.0
20231221:1911,0.0,0.0,2.95,10.69,0.0
20231221:2011,0.0,0.0,2.54,9.93,0.0
20231221:2111,0.0,0.0,2.11,9.31,0.0
20231221:2211,0.0,0.0,1.8,9.03,0.0
20231221:2311,0.0,0.0,1.78,8.97,0.0
20231222:0011,0.0,0.0,1.56,9.31,0.0
20231222:0111,0.0,0.0,1.5,9.86,0.0
20231222:0211,0.0,0.0,1.67,9.93,0.0
20231222:0311,0.0,0.0,1.86,9.38,0.0
20231222:0411,0.0,0.0,1.73,8.48,0.0
20231222:0511,0.0,0.0,1.52,8.07,0.0
20231222:0611,0.0,0.0,1.14,7.52,0.0
20231222:0711,0.0,0.0,1.25,7.03,0.0
20231222:0811,0.0,0.0,1.07,6.0,0.0
20231222:0911,1.79,1.83,0.92,5.17,0.0
20231222:1011,110.45,5.22,0.87,4.28,0.0
20231222:1111,129.4,6.91,0.8,3.79,0.0
20231222:1211,7.17,6.79,0.76,3.72,0.0
20231222:1311,11.66,4.86,0.45,3.86,0.0
20231222:1411,0.0,0.0,0.02,3.66,0.0
20231222:1511,0.0,0.0,-0.46,3.45,0.0
20231222:1611,0.0,0.0,-0.48,3.17,0.0
20231222:1711,0.0,0.0,-0.17,3.45,0.0
20231222:1811,0.0,0.0,0.04,3.66,0.0
20231222:1911,0.0,0.0,1.04,3.66,0.0
20231222:2011,0.0,0.0,0.42,3.31,0.0
20231222:2111,0.0,0.0,0.12,2.76,0.0
20231222:2211,0.0,0.0,0.38,2.62,0.0
20231222:2311,0.0,0.0,0.45,3.03,0.0
20231223:0011,0.0,0.0,0.64,3.45,0.0
20231223:0111,0.0,0.0,0.95,3.79,0.0
20231223:0211,0.0,0.0,1.0,4.0,0.0
20231223:0311,0.0,0.0,1.11,4.07,0.0
20231223:0411,0.0,0.0,1.3,3.86,0.0
20231223:0511,0.0,0.0,1.15,3.45,0.0
20231223:0611,0.0,0.0,0.94,3.1,0.0
20231223:0711,0.0,0.0,0.48,2.14,0.0
20231223:0811,0.0,0.0,-0.03,2.28,0.0
20231223:0911,0.9,1.81,-0.18,2.34,0.0
20231223:1011,63.95,5.21,-0.04,2.07,0.0
20231223:1111,78.55,6.91,0.23,1.72,0.0
20231223:1211,86.56,6.81,0.23,1.59,0.0
20231223:1311,75.34,4.89,0.12,1.79,0.0
20231223:1411,0.0,0.0,-0.13,1.79,0.0
20231223:1511,0.0,0.0,-0.77,1.86,0.0
20231223:1611,0.0,0.0,-1.35,1.86,0.0
20231223:1711,0.0,0.0,-1.69,1.79,0.0
20231223:1811,0.0,0.0,-1.77,1.79,0.0
20231223:1911,0.0,0.0,-2.64,1.59,0.0
20231223:2011,0.0,0.0,-2.58,1.45,0.0
20231223:2111,0.0,0.0,-2.38,1.38,0.0
20231223:2211,0.0,0.0,-2.24,1.66,0.0
20231223:2311,0.0,0.0,-2.07,1.93,0.0
20231224:0011,0.0,0.0,-1.79,2.07,0.0
20231224:0111,0.0,0.0,-1.46,2.41,0.0
20231224:0211,0.0,0.0,-1.01,3.03,0.0
20231224:0311,0.0,0.0,-0.49,3.72,0.0
20231224:0411,0.0,0.0,-0.14,4.76,0.0
20231224:0511,0.0,0.0,0.0,5.59,0.0
20231224:0611,0.0,0.0,0.41,6.0,0.0
20231224:0711,0.0,0.0,0.82,6.28,0.0
20231224:0811,0.0,0.0,1.27,6.62,0.0
20231224:0911,2.69,1.79,1.77,6.62,0.0
20231224:1011,6.28,5.2,1.72,6.76,0.0
20231224:1111,7.17,6.92,1.7,6.97,0.0
20231224:1211,7.17,6.83,2.14,6.21,0.0
20231224:1311,4.48,4.92,2.73,4.69,0.0
20231224:1411,0.0,0.0,3.54,3.45,0.0
20231224:1511,0.0,0.0,4.17,3.86,0.0
20231224:1611,0.0,0.0,4.86,4.76,0.0
20231224:1711,0.0,0.0,5.18,4.48,0.0
20231224:1811,0.0,0.0,5.44,4.69,0.0
20231224:1911,0.0,0.0,5.88,6.21,0.0
20231224:2011,0.0,0.0,5.88,6.69,0.0
20231224:2111,0.0,0.0,5.94,6.0,0.0
20231224:2211,0.0,0.0,5.68,6.14,0.0
20231224:2311,0.0,0.0,5.49,6.62,0.0
20231225:0011,0.0,0.0,5.42,5.66,0.0
20231225:0111,0.0,0.0,5.42,4.62,0.0
20231225:0211,0.0,0.0,5.49,6.07,0.0
20231225:0311,0.0,0.0,4.95,9.66,0.0
20231225:0411,0.0,0.0,4.61,9.24,0.0
20231225:0511,0.0,0.0,4.16,9.03,0.0
20231225:0611,0.0,0.0,3.89,8.48,0.0
20231225:0711,0.0,0.0,3.66,8.21,0.0
20231225:0811,0.0,0.0,3.8,7.03,0.0
20231225:0911,0.9,1.77,3.41,6.62,0.0
20231225:1011,4.48,5.2,3.22,6.21,0.0
20231225:1111,190.87,6.94,3.03,5.79,0.0
20231225:1211,7.17,6.86,3.19,4.55,0.0
20231225:1311,54.53,4.97,3.47,4.0,0.0
20231225:1411,0.0,0.0,3.27,3.93,0.0
20231225:1511,0.0,0.0,3.08,3.52,0.0
20231225:1611,0.0,0.0,2.75,3.31,0.0
20231225:1711,0.0,0.0,2.46,2.69,0.0
20231225:1811,0.0,0.0,2.15,2.34,0.0
20231225:1911,0.0,0.0,2.81,2.34,0.0
20231225:2011,0.0,0.0,2.61,2.21,0.0
20231225:2111,0.0,0.0,2.36,2.07,0.0
20231225:2211,0.0,0.0,2.07,1.72,0.0
20231225:2311,0.0,0.0,1.7,1.38,0.0
20231226:0011,0.0,0.0,1.53,0.83,0.0
20231226:0111,0.0,0.0,1.48,0.55,0.0
20231226:0211,0.0,0.0,1.85,0.34,0.0
20231226:0311,0.0,0.0,1.58,0.41,0.0
20231226:0411,0.0,0.0,1.47,0.55,0.0
20231226:0511,0.0,0.0,1.52,0.62,0.0
20231226:0611,0.0,0.0,-1.48,1.24,0.0
20231226:0711,0.0,0.0,-1.85,1.79,0.0
20231226:0811,0.0,0.0,-1.07,2.07,0.0
20231226:0911,3.59,1.77,-1.0,2.48,0.0
20231226:1011,20.63,5.21,0.13,2.76,0.0
20231226:1111,399.09,6.96,1.05,3.59,0.0
20231226:1211,474.88,6.89,2.69,3.59,0.0
20231226:1311,8.97,5.02,2.89,3.93,0.0
20231226:1411,0.83,1.47,2.99,4.48,0.0
20231226:1511,0.0,0.0,2.88,5.17,0.0
20231226:1611,0.0,0.0,2.78,5.59,0.0
20231226:1711,0.0,0.0,2.68,6.07,0.0
20231226:1811,0.0,0.0,2.88,6.41,0.0
20231226:1911,0.0,0.0,2.72,6.41,0.0
20231226:2011,0.0,0.0,2.66,6.28,0.0
20231226:2111,0.0,0.0,2.27,6.34,0.0
20231226:2211,0.0,0.0,1.91,6.07,0.0
20231226:2311,0.0,0.0,1.98,5.66,0.0
20231227:0011,0.0,0.0,2.15,5.38,0.0
20231227:0111,0.0,0.0,1.96,5.03,0.0
20231227:0211,0.0,0.0,1.87,4.69,0.0
20231227:0311,0.0,0.0,1.53,4.07,0.0
20231227:0411,0.0,0.0,1.23,3.66,0.0
20231227:0511,0.0,0.0,0.71,3.17,0.0
20231227:0611,0.0,0.0,-0.06,3.03,0.0
20231227:0711,0.0,0.0,-0.81,2.41,0.0
20231227:0811,0.0,0.0,-1.74,1.93,0.0
20231227:0911,1.79,1.77,-2.21,1.86,0.0
20231227:1011,53.94,5.22,-2.03,2.07,0.0
20231227:1111,28.7,6.99,-1.87,2.55,0.0
20231227:1211,25.11,6.94,-1.56,3.03,0.0
20231227:1311,11.66,5.07,-1.22,3.24,0.0
20231227:1411,0.83,1.53,-0.51,3.52,0.0
20231227:1511,0.0,0.0,0.0,4.07,0.0
20231227:1611,0.0,0.0,0.85,5.1,0.0
20231227:1711,0.0,0.0,1.43,6.07,0.0
20231227:1811,0.0,0.0,1.63,6.62,0.0
20231227:1911,0.0,0.0,1.1,7.17,0.0
20231227:2011,0.0,0.0,0.83,7.45,0.0
20231227:2111,0.0,0.0,0.53,8.07,0.0
20231227:2211,0.0,0.0,0.31,8.55,0.0
20231227:2311,0.0,0.0,0.33,9.1,0.0
20231228:0011,0.0,0.0,0.82,10.14,0.0
20231228:0111,0.0,0.0,0.85,10.97,0.0
20231228:0211,0.0,0.0,1.26,11.03,0.0
20231228:0311,0.0,0.0,1.63,10.14,0.0
20231228:0411,0.0,0.0,1.47,8.97,0.0
20231228:0511,0.0,0.0,1.22,8.14,0.0
20231228:0611,0.0,0.0,0.66,7.38,0.0
20231228:0711,0.0,0.0,1.38,7.17,0.0
20231228:0811,0.0,0.0,1.4,6.62,0.0
20231228:0911,0.9,1.78,1.53,6.28,0.0
20231228:1011,82.12,5.25,2.23,5.72,0.0
20231228:1111,7.17,7.03,2.83,5.1,0.0
20231228:1211,68.93,6.99,3.44,4.76,0.0
20231228:1311,15.25,5.14,4.43,4.62,0.0
20231228:1411,0.83,1.61,5.16,4.9,0.0
20231228:1511,0.0,0.0,5.27,5.24,0.0
20231228:1611,0.0,0.0,5.23,5.45,0.0
20231228:1711,0.0,0.0,5.19,5.66,0.0
20231228:1811,0.0,0.0,5.2,5.59,0.0
20231228:1911,0.0,0.0,4.5,5.45,0.0
20231228:2011,0.0,0.0,4.26,5.38,0.0
20231228:2111,0.0,0.0,4.17,5.03,0.0
20231228:2211,0.0,0.0,4.13,4.69,0.0
20231228:2311,0.0,0.0,4.24,4.55,0.0
20231229:0011,0.0,0.0,4.39,4.34,0.0
20231229:0111,0.0,0.0,4.73,4.07,0.0
20231229:0211,0.0,0.0,4.71,3.79,0.0
20231229:0311,0.0,0.0,4.45,3.31,0.0
20231229:0411,0.0,0.0,4.29,2.76,0.0
20231229:0511,0.0,0.0,4.0,2.28,0.0
20231229:0611,0.0,0.0,3.87,1.93,0.0
20231229:0711,0.0,0.0,3.53,1.31,0.0
20231229:0811,0.0,0.0,2.84,1.24,0.0
20231229:0911,0.9,1.8,2.46,1.45,0.0
20231229:1011,30.79,5.28,2.23,1.31,0.0
20231229:1111,49.47,7.07,2.38,1.45,0.0
20231229:1211,94.58,7.05,2.71,1.72,0.0
20231229:1311,114.52,5.21,3.36,2.21,0.0
20231229:1411,0.83,1.69,3.47,2.69,0.0
20231229:1511,0.0,0.0,3.41,2.76,0.0
20231229:1611,0.0,0.0,3.12,2.76,0.0
20231229:1711,0.0,0.0,2.78,2.97,0.0
20231229:1811,0.0,0.0,2.45,3.1,0.0
20231229:1911,0.0,0.0,2.84,2.9,0.0
20231229:2011,0.0,0.0,2.41,2.9,0.0
20231229:2111,0.0,0.0,2.58,3.1,0.0
20231229:2211,0.0,0.0,2.27,3.45,0.0
20231229:2311,0.0,0.0,2.17,3.72,0.0
20231230:0011,0.0,0.0,2.54,3.86,0.0
20231230:0111,0.0,0.0,2.69,3.79,0.0
20231230:0211,0.0,0.0,2.6,3.59,0.0
20231230:0311,0.0,0.0,2.47,3.52,0.0
20231230:0411,0.0,0.0,2.43,3.38,0.0
20231230:0511,0.0,0.0,2.22,3.1,0.0
20231230:0611,0.0,0.0,1.71,3.03,0.0
20231230:0711,0.0,0.0,1.48,2.83,0.0
20231230:0811,0.0,0.0,0.94,2.62,0.0
20231230:0911,4.48,1.83,0.25,2.21,0.0
20231230:1011,284.22,5.32,0.1,1.59,0.0
20231230:1111,340.29,7.13,0.37,1.03,0.0
20231230:1211,358.61,7.12,0.67,0.69,0.0
20231230:1311,159.42,5.29,0.74,1.1,0.0
20231230:1411,4.96,1.78,0.2,1.72,0.0
20231230:1511,0.0,0.0,-0.47,2.41,0.0
20231230:1611,0.0,0.0,-0.14,2.76,0.0
20231230:1711,0.0,0.0,0.01,2.97,0.0
20231230:1811,0.0,0.0,0.19,3.17,0.0
20231230:1911,0.0,0.0,0.49,3.1,0.0
20231230:2011,0.0,0.0,0.69,3.17,0.0
20231230:2111,0.0,0.0,0.23,3.24,0.0
20231230:2211,0.0,0.0,0.3,3.24,0.0
20231230:2311,0.0,0.0,0.11,3.1,0.0
20231231:0011,0.0,0.0,-0.07,3.59,0.0
20231231:0111,0.0,0.0,0.03,4.0,0.0
20231231:0211,0.0,0.0,0.36,4.14,0.0
20231231:0311,0.0,0.0,0.73,4.69,0.0
20231231:0411,0.0,0.0,1.07,5.72,0.0
20231231:0511,0.0,0.0,1.36,6.48,0.0
20231231:0611,0.0,0.0,1.69,6.9,0.0
20231231:0711,0.0,0.0,2.68,6.83,0.0
20231231:0811,0.0,0.0,2.98,7.31,0.0
20231231:0911,0.9,1.86,3.14,7.52,0.0
20231231:1011,13.45,5.36,3.36,7.45,0.0
20231231:1111,21.52,7.19,3.77,7.45,0.0
20231231:1211,29.6,7.19,4.02,7.38,0.0
20231231:1311,5.38,5.38,4.03,7.38,0.0
20231231:1411,0.83,1.88,3.9,7.38,0.0
20231231:1511,0.0,0.0,3.62,7.59,0.0
20231231:1611,0.0,0.0,3.38,7.79,0.0
20231231:1711,0.0,0.0,3.13,7.93,0.0
20231231:1811,0.0,0.0,2.88,7.79,0.0
20231231:1911,0.0,0.0,3.31,7.66,0.0
20231231:2011,0.0,0.0,2.81,7.72,0.0
20231231:2111,0.0,0.0,2.6,8.0,0.0
20231231:2211,0.0,0.0,2.43,8.14,0.0
20231231:2311,0.0,0.0,2.25,8.21,0.0

G(i): Global irradiance on the inclined plane (plane of the array) (W/m2)
H_sun: Sun height (degree)
T2m: 2-m air temperature (degree Celsius)
WS10m: 10-m total wind speed (m/s)
Int: 1 means solar radiation values are reconstructed



PVGIS (c) European Union, 2001-2026