Time(Local),Production,Consumption
31.12.2018 23:00:00 +01:00,10788.95,15219.11
01.01.2019 00:00:00 +01:00,11102.60,15280.74
01.01.2019 01:00:00 +01:00,11900.70,15181.03
01.01.2019 02:00:00 +01:00,11936.74,15193.00
01.01.2019 03:00:00 +01:00,11285.01,14979.83
01.01.2019 04:00:00 +01:00,10960.71,14965.87
01.01.2019 05:00:00 +01:00,11043.18,15098.35
01.01.2019 06:00:00 +01:00,11605.73,15454.13
01.01.2019 07:00:00 +01:00,12409.14,15701.70
01.01.2019 08:00:00 +01:00,11983.67,15957.02
01.01.2019 09:00:00 +01:00,12284.67,16314.33
01.01.2019 10:00:00 +01:00,12958.24,16644.73
01.01.2019 11:00:00 +01:00,13244.55,16730.84
01.01.2019 12:00:00 +01:00,13210.95,16911.88
01.01.2019 13:00:00 +01:00,13261.80,17030.72
01.01.2019 14:00:00 +01:00,13133.49,17293.98
01.01.2019 15:00:00 +01:00,13850.99,17684.48
01.01.2019 16:00:00 +01:00,14652.17,18044.50
01.01.2019 17:00:00 +01:00,14782.61,18071.42
01.01.2019 18:00:00 +01:00,14246.35,17930.97
01.01.2019 19:00:00 +01:00,13577.61,17628.64
01.01.2019 20:00:00 +01:00,13525.48,17467.56
01.01.2019 21:00:00 +01:00,13371.90,17218.19
01.01.2019 22:00:00 +01:00,13272.30,16852.54
01.01.2019 23:00:00 +01:00,12952.02,16419.26
02.01.2019 00:00:00 +01:00,12990.74,16079.72
02.01.2019 01:00:00 +01:00,12362.54,15870.13
02.01.2019 02:00:00 +01:00,12117.03,15757.57
02.01.2019 03:00:00 +01:00,11756.13,15768.13
02.01.2019 04:00:00 +01:00,12014.81,15925.97
02.01.2019 05:00:00 +01:00,12422.83,16375.57
02.01.2019 06:00:00 +01:00,13563.80,17608.87
02.01.2019 07:00:00 +01:00,14915.94,18893.15
02.01.2019 08:00:00 +01:00,15800.97,19509.85
02.01.2019 09:00:00 +01:00,16338.12,19639.97
02.01.2019 10:00:00 +01:00,16626.92,19744.14
02.01.2019 11:00:00 +01:00,16222.36,17363.44
02.01.2019 12:00:00 +01:00,15645.20,19574.56
02.01.2019 13:00:00 +01:00,16214.62,19495.13
02.01.2019 14:00:00 +01:00,17400.75,19208.32
02.01.2019 15:00:00 +01:00,19766.21,19514.10
02.01.2019 16:00:00 +01:00,20911.11,20156.90
02.01.2019 17:00:00 +01:00,22178.66,20050.02
02.01.2019 18:00:00 +01:00,22263.93,19851.68
02.01.2019 19:00:00 +01:00,21553.05,19621.55
02.01.2019 20:00:00 +01:00,21203.44,19387.80
02.01.2019 21:00:00 +01:00,20283.61,18927.07
02.01.2019 22:00:00 +01:00,19318.47,18362.07
02.01.2019 23:00:00 +01:00,16657.00,17626.71
03.01.2019 00:00:00 +01:00,15189.08,16860.45
03.01.2019 01:00:00 +01:00,13902.95,16538.72
03.01.2019 02:00:00 +01:00,13245.93,16456.62
03.01.2019 03:00:00 +01:00,13367.05,16360.03
03.01.2019 04:00:00 +01:00,13816.09,16444.33
03.01.2019 05:00:00 +01:00,15058.06,16785.04
03.01.2019 06:00:00 +01:00,17443.61,17671.42
03.01.2019 07:00:00 +01:00,20710.89,18545.69
03.01.2019 08:00:00 +01:00,22860.66,19408.96
03.01.2019 09:00:00 +01:00,23825.20,19619.46
03.01.2019 10:00:00 +01:00,23512.25,19219.11
03.01.2019 11:00:00 +01:00,24117.14,19449.12
03.01.2019 12:00:00 +01:00,24219.34,19442.53
03.01.2019 13:00:00 +01:00,23929.13,19261.44
03.01.2019 14:00:00 +01:00,23641.26,18914.49
03.01.2019 15:00:00 +01:00,23704.14,19318.55
03.01.2019 16:00:00 +01:00,23986.55,19646.73
03.01.2019 17:00:00 +01:00,24093.12,19538.61
03.01.2019 18:00:00 +01:00,23987.46,19307.07
03.01.2019 19:00:00 +01:00,23795.16,19047.39
03.01.2019 20:00:00 +01:00,22953.26,18761.91
03.01.2019 21:00:00 +01:00,21730.08,18342.90
03.01.2019 22:00:00 +01:00,19734.49,17745.65
03.01.2019 23:00:00 +01:00,16352.41,17061.94
04.01.2019 00:00:00 +01:00,15275.43,16341.60
04.01.2019 01:00:00 +01:00,13603.35,16004.39
04.01.2019 02:00:00 +01:00,12699.71,15810.44
04.01.2019 03:00:00 +01:00,12680.92,15728.31
04.01.2019 04:00:00 +01:00,12571.03,15788.46
04.01.2019 05:00:00 +01:00,13408.33,16199.24
04.01.2019 06:00:00 +01:00,16873.42,17375.68
04.01.2019 07:00:00 +01:00,20297.19,18680.21
04.01.2019 08:00:00 +01:00,22199.02,19122.86
04.01.2019 09:00:00 +01:00,22107.16,19053.86
04.01.2019 10:00:00 +01:00,21896.90,18899.36
04.01.2019 11:00:00 +01:00,20933.97,18657.12
04.01.2019 12:00:00 +01:00,19602.27,18577.30
04.01.2019 13:00:00 +01:00,18895.70,18360.19
04.01.2019 14:00:00 +01:00,17795.06,18249.27
04.01.2019 15:00:00 +01:00,18530.26,18230.33
04.01.2019 16:00:00 +01:00,20201.81,18362.14
04.01.2019 17:00:00 +01:00,20697.50,18262.36
04.01.2019 18:00:00 +01:00,20042.54,18003.47
04.01.2019 19:00:00 +01:00,18628.21,17662.91
04.01.2019 20:00:00 +01:00,16436.72,17289.91
04.01.2019 21:00:00 +01:00,15253.48,16776.20
04.01.2019 22:00:00 +01:00,14673.25,16292.96
04.01.2019 23:00:00 +01:00,13419.54,15571.97
05.01.2019 00:00:00 +01:00,13235.23,15338.99
05.01.2019 01:00:00 +01:00,12139.94,14727.71
05.01.2019 02:00:00 +01:00,11473.30,14760.15
05.01.2019 03:00:00 +01:00,11160.65,14625.91
05.01.2019 04:00:00 +01:00,11323.61,14627.39
05.01.2019 05:00:00 +01:00,11849.64,14724.58
05.01.2019 06:00:00 +01:00,12671.09,15064.40
05.01.2019 07:00:00 +01:00,13571.54,15216.31
05.01.2019 08:00:00 +01:00,15493.52,15989.65
05.01.2019 09:00:00 +01:00,17531.77,16637.99
05.01.2019 10:00:00 +01:00,18348.66,16957.83
05.01.2019 11:00:00 +01:00,18849.52,16832.74
05.01.2019 12:00:00 +01:00,19642.38,17089.76
05.01.2019 13:00:00 +01:00,19657.21,16990.61
05.01.2019 14:00:00 +01:00,20031.61,16936.86
05.01.2019 15:00:00 +01:00,21282.54,17068.80
05.01.2019 16:00:00 +01:00,22868.08,17450.30
05.01.2019 17:00:00 +01:00,23365.72,17623.92
05.01.2019 18:00:00 +01:00,23183.48,17601.71
05.01.2019 19:00:00 +01:00,22525.74,17330.90
05.01.2019 20:00:00 +01:00,20798.35,16928.70
05.01.2019 21:00:00 +01:00,19700.54,16488.41
05.01.2019 22:00:00 +01:00,17898.75,16148.23
05.01.2019 23:00:00 +01:00,16264.57,15919.91
06.01.2019 00:00:00 +01:00,13038.43,14370.68
06.01.2019 01:00:00 +01:00,12013.32,14110.25
06.01.2019 02:00:00 +01:00,11550.29,1161.11
06.01.2019 03:00:00 +01:00,11549.40,0.00
06.01.2019 04:00:00 +01:00,10892.54,7333.50
06.01.2019 05:00:00 +01:00,11170.44,13821.60
06.01.2019 06:00:00 +01:00,11729.82,14039.79
06.01.2019 07:00:00 +01:00,12495.02,14229.81
06.01.2019 08:00:00 +01:00,14278.19,14695.50
06.01.2019 09:00:00 +01:00,17156.41,15042.72
06.01.2019 10:00:00 +01:00,18271.52,15439.64
06.01.2019 11:00:00 +01:00,18414.37,15645.48
06.01.2019 12:00:00 +01:00,18282.42,15699.21
06.01.2019 13:00:00 +01:00,18056.41,15657.39
06.01.2019 14:00:00 +01:00,17439.51,15738.44
06.01.2019 15:00:00 +01:00,17627.16,15951.50
06.01.2019 16:00:00 +01:00,18985.25,16325.78
06.01.2019 17:00:00 +01:00,19632.52,16354.89
06.01.2019 18:00:00 +01:00,19463.38,16247.36
06.01.2019 19:00:00 +01:00,18613.67,16157.60
06.01.2019 20:00:00 +01:00,17826.03,16041.72
06.01.2019 21:00:00 +01:00,16839.31,15778.32
06.01.2019 22:00:00 +01:00,15219.32,15397.47
06.01.2019 23:00:00 +01:00,13720.73,14894.80
07.01.2019 00:00:00 +01:00,11744.11,14373.62
07.01.2019 01:00:00 +01:00,10821.28,13995.03
07.01.2019 02:00:00 +01:00,10598.16,13989.35
07.01.2019 03:00:00 +01:00,9954.63,14072.64
07.01.2019 04:00:00 +01:00,10771.45,14043.12
07.01.2019 05:00:00 +01:00,13659.49,14817.13
07.01.2019 06:00:00 +01:00,18815.86,16270.46
07.01.2019 07:00:00 +01:00,20908.98,17885.82
07.01.2019 08:00:00 +01:00,21611.37,18293.44
07.01.2019 09:00:00 +01:00,22137.06,18474.85
07.01.2019 10:00:00 +01:00,24084.73,19260.28
07.01.2019 11:00:00 +01:00,23595.70,19204.10
07.01.2019 12:00:00 +01:00,23283.25,18295.70
07.01.2019 13:00:00 +01:00,22729.36,19254.07
07.01.2019 14:00:00 +01:00,22609.30,19247.96
07.01.2019 15:00:00 +01:00,22316.69,19372.72
07.01.2019 16:00:00 +01:00,22185.46,19541.71
07.01.2019 17:00:00 +01:00,21687.77,19378.65
07.01.2019 18:00:00 +01:00,20160.82,19082.44
07.01.2019 19:00:00 +01:00,18976.65,18852.62
07.01.2019 20:00:00 +01:00,17644.77,18609.50
07.01.2019 21:00:00 +01:00,16435.67,18165.37
07.01.2019 22:00:00 +01:00,14767.22,17506.40
07.01.2019 23:00:00 +01:00,12692.92,16762.89
08.01.2019 00:00:00 +01:00,12145.61,16196.91
08.01.2019 01:00:00 +01:00,11640.15,15868.79
08.01.2019 02:00:00 +01:00,11295.73,15687.63
08.01.2019 03:00:00 +01:00,11502.90,15671.65
08.01.2019 04:00:00 +01:00,12173.72,15256.17
08.01.2019 05:00:00 +01:00,13785.84,16208.73
08.01.2019 06:00:00 +01:00,17079.68,17485.72
08.01.2019 07:00:00 +01:00,19036.81,18966.64
08.01.2019 08:00:00 +01:00,19493.79,19401.15
08.01.2019 09:00:00 +01:00,19265.30,19259.48
08.01.2019 10:00:00 +01:00,19066.48,19151.97
08.01.2019 11:00:00 +01:00,18444.07,19120.21
08.01.2019 12:00:00 +01:00,17535.45,19027.98
08.01.2019 13:00:00 +01:00,17103.52,18265.08
08.01.2019 14:00:00 +01:00,17436.85,18969.98
08.01.2019 15:00:00 +01:00,17842.40,18113.35
08.01.2019 16:00:00 +01:00,18612.43,19388.74
08.01.2019 17:00:00 +01:00,18636.86,19388.33
08.01.2019 18:00:00 +01:00,17843.11,19082.30
08.01.2019 19:00:00 +01:00,16940.07,18851.62
08.01.2019 20:00:00 +01:00,16308.55,18636.68
08.01.2019 21:00:00 +01:00,15987.17,18299.05
08.01.2019 22:00:00 +01:00,14775.57,17733.42
08.01.2019 23:00:00 +01:00,13339.56,16959.91
09.01.2019 00:00:00 +01:00,11862.54,16322.25
09.01.2019 01:00:00 +01:00,11256.73,15980.86
09.01.2019 02:00:00 +01:00,10906.78,15795.91
09.01.2019 03:00:00 +01:00,10826.10,15720.38
09.01.2019 04:00:00 +01:00,11064.39,15854.96
09.01.2019 05:00:00 +01:00,13157.18,16331.06
09.01.2019 06:00:00 +01:00,15845.82,17689.97
09.01.2019 07:00:00 +01:00,18199.23,19227.88
09.01.2019 08:00:00 +01:00,18920.79,19593.65
09.01.2019 09:00:00 +01:00,18576.72,19535.11
09.01.2019 10:00:00 +01:00,18770.22,18330.96
09.01.2019 11:00:00 +01:00,18459.10,19031.18
09.01.2019 12:00:00 +01:00,17889.99,18890.56
09.01.2019 13:00:00 +01:00,18134.07,18221.82
09.01.2019 14:00:00 +01:00,18697.78,19010.00
09.01.2019 15:00:00 +01:00,19985.18,19260.54
09.01.2019 16:00:00 +01:00,21510.66,19666.10
09.01.2019 17:00:00 +01:00,22239.25,19584.13
09.01.2019 18:00:00 +01:00,21981.26,19384.39
09.01.2019 19:00:00 +01:00,21632.45,18856.48
09.01.2019 20:00:00 +01:00,20705.38,18997.98
09.01.2019 21:00:00 +01:00,20332.02,18623.32
09.01.2019 22:00:00 +01:00,19506.45,18054.73
09.01.2019 23:00:00 +01:00,17486.37,17403.73
10.01.2019 00:00:00 +01:00,16671.94,16745.90
10.01.2019 01:00:00 +01:00,16388.66,16461.34
10.01.2019 02:00:00 +01:00,15952.00,16383.95
10.01.2019 03:00:00 +01:00,16210.72,16298.57
10.01.2019 04:00:00 +01:00,16342.64,16385.35
10.01.2019 05:00:00 +01:00,18639.48,16720.54
10.01.2019 06:00:00 +01:00,22854.87,17916.52
10.01.2019 07:00:00 +01:00,24254.89,19291.83
10.01.2019 08:00:00 +01:00,24184.75,19712.01
10.01.2019 09:00:00 +01:00,24265.13,19557.33
10.01.2019 10:00:00 +01:00,24380.22,19460.67
10.01.2019 11:00:00 +01:00,24401.07,19225.10
10.01.2019 12:00:00 +01:00,24472.46,19015.71
10.01.2019 13:00:00 +01:00,23766.87,18644.29
10.01.2019 14:00:00 +01:00,24036.69,19060.50
10.01.2019 15:00:00 +01:00,24216.45,18824.66
10.01.2019 16:00:00 +01:00,24397.61,19483.89
10.01.2019 17:00:00 +01:00,24546.42,19447.45
10.01.2019 18:00:00 +01:00,23857.89,19266.18
10.01.2019 19:00:00 +01:00,22822.01,18969.56
10.01.2019 20:00:00 +01:00,21492.61,18730.91
10.01.2019 21:00:00 +01:00,19729.56,18291.37
10.01.2019 22:00:00 +01:00,17713.81,17611.94
10.01.2019 23:00:00 +01:00,15749.14,16939.92
11.01.2019 00:00:00 +01:00,14490.46,16421.12
11.01.2019 01:00:00 +01:00,12885.25,15972.95
11.01.2019 02:00:00 +01:00,12116.47,15309.68
11.01.2019 03:00:00 +01:00,12275.62,15456.24
11.01.2019 04:00:00 +01:00,12127.28,15570.13
11.01.2019 05:00:00 +01:00,13307.79,15964.40
11.01.2019 06:00:00 +01:00,16279.43,16968.16
11.01.2019 07:00:00 +01:00,19074.20,17930.23
11.01.2019 08:00:00 +01:00,19959.45,18434.63
11.01.2019 09:00:00 +01:00,21057.01,18841.31
11.01.2019 10:00:00 +01:00,20913.48,18254.37
11.01.2019 11:00:00 +01:00,20705.85,19077.01
11.01.2019 12:00:00 +01:00,19814.70,18954.39
11.01.2019 13:00:00 +01:00,18324.92,18801.96
11.01.2019 14:00:00 +01:00,17503.19,18794.35
11.01.2019 15:00:00 +01:00,17477.75,18801.48
11.01.2019 16:00:00 +01:00,17799.83,19159.26
11.01.2019 17:00:00 +01:00,19244.20,19180.60
11.01.2019 18:00:00 +01:00,18206.36,19040.96
11.01.2019 19:00:00 +01:00,17244.40,18753.18
11.01.2019 20:00:00 +01:00,16065.83,17964.00
11.01.2019 21:00:00 +01:00,15195.21,17491.72
11.01.2019 22:00:00 +01:00,13933.48,17294.79
11.01.2019 23:00:00 +01:00,12509.36,16856.51
12.01.2019 00:00:00 +01:00,13123.92,16113.68
12.01.2019 01:00:00 +01:00,12763.44,16122.76
12.01.2019 02:00:00 +01:00,12575.39,15966.85
12.01.2019 03:00:00 +01:00,11845.91,15906.00
12.01.2019 04:00:00 +01:00,11989.89,15880.16
12.01.2019 05:00:00 +01:00,11795.83,16036.36
12.01.2019 06:00:00 +01:00,12082.34,16400.09
12.01.2019 07:00:00 +01:00,13372.28,16874.92
12.01.2019 08:00:00 +01:00,14587.33,17549.78
12.01.2019 09:00:00 +01:00,16242.76,18101.27
12.01.2019 10:00:00 +01:00,16792.36,18562.59
12.01.2019 11:00:00 +01:00,16802.95,18374.87
12.01.2019 12:00:00 +01:00,16811.30,18690.75
12.01.2019 13:00:00 +01:00,16547.32,18586.72
12.01.2019 14:00:00 +01:00,16700.81,18218.72
12.01.2019 15:00:00 +01:00,17443.44,18225.20
12.01.2019 16:00:00 +01:00,18664.84,18847.16
12.01.2019 17:00:00 +01:00,19867.19,19064.72
12.01.2019 18:00:00 +01:00,18851.10,19032.96
12.01.2019 19:00:00 +01:00,17529.37,18831.66
12.01.2019 20:00:00 +01:00,16198.34,18140.19
12.01.2019 21:00:00 +01:00,15889.85,18011.74
12.01.2019 22:00:00 +01:00,14804.55,17584.85
12.01.2019 23:00:00 +01:00,13942.36,17175.02
13.01.2019 00:00:00 +01:00,14551.24,16770.72
13.01.2019 01:00:00 +01:00,13991.81,16503.11
13.01.2019 02:00:00 +01:00,13314.71,15965.93
13.01.2019 03:00:00 +01:00,13167.21,16122.97
13.01.2019 04:00:00 +01:00,12723.13,16068.85
13.01.2019 05:00:00 +01:00,12558.03,16150.83
13.01.2019 06:00:00 +01:00,12419.93,16388.93
13.01.2019 07:00:00 +01:00,13036.27,16599.53
13.01.2019 08:00:00 +01:00,13672.25,17003.05
13.01.2019 09:00:00 +01:00,14046.29,17159.75
13.01.2019 10:00:00 +01:00,14833.85,17878.61
13.01.2019 11:00:00 +01:00,15539.88,18051.98
13.01.2019 12:00:00 +01:00,15716.38,18229.86
13.01.2019 13:00:00 +01:00,15393.01,18229.73
13.01.2019 14:00:00 +01:00,14787.23,17969.90
13.01.2019 15:00:00 +01:00,15528.32,18416.04
13.01.2019 16:00:00 +01:00,17003.83,18826.06
13.01.2019 17:00:00 +01:00,16865.57,18983.42
13.01.2019 18:00:00 +01:00,16438.42,18861.67
13.01.2019 19:00:00 +01:00,16073.12,18747.21
13.01.2019 20:00:00 +01:00,15287.36,18761.92
13.01.2019 21:00:00 +01:00,14334.04,18459.15
13.01.2019 22:00:00 +01:00,13898.71,18072.66
13.01.2019 23:00:00 +01:00,14110.95,17628.30
14.01.2019 00:00:00 +01:00,13439.98,17145.45
14.01.2019 01:00:00 +01:00,13250.78,16924.64
14.01.2019 02:00:00 +01:00,13208.36,16548.68
14.01.2019 03:00:00 +01:00,12948.66,16864.00
14.01.2019 04:00:00 +01:00,12904.15,17033.73
14.01.2019 05:00:00 +01:00,14176.27,17553.49
14.01.2019 06:00:00 +01:00,15956.55,18977.41
14.01.2019 07:00:00 +01:00,19880.25,20530.27
14.01.2019 08:00:00 +01:00,20623.58,21042.88
14.01.2019 09:00:00 +01:00,19804.88,20620.48
14.01.2019 10:00:00 +01:00,19406.41,20086.62
14.01.2019 11:00:00 +01:00,18729.88,20533.36
14.01.2019 12:00:00 +01:00,17893.05,19636.61
14.01.2019 13:00:00 +01:00,17198.31,20026.22
14.01.2019 14:00:00 +01:00,16843.74,19961.04
14.01.2019 15:00:00 +01:00,17670.27,20054.01
14.01.2019 16:00:00 +01:00,19483.93,20480.23
14.01.2019 17:00:00 +01:00,20011.81,20458.09
14.01.2019 18:00:00 +01:00,19602.84,20192.73
14.01.2019 19:00:00 +01:00,18722.05,20015.06
14.01.2019 20:00:00 +01:00,17929.28,19710.74
14.01.2019 21:00:00 +01:00,16823.36,19344.93
14.01.2019 22:00:00 +01:00,15848.83,18688.74
14.01.2019 23:00:00 +01:00,14478.47,17936.54
15.01.2019 00:00:00 +01:00,13786.77,17276.04
15.01.2019 01:00:00 +01:00,12962.42,16942.55
15.01.2019 02:00:00 +01:00,12726.45,16864.50
15.01.2019 03:00:00 +01:00,12406.70,16895.09
15.01.2019 04:00:00 +01:00,12491.25,17076.40
15.01.2019 05:00:00 +01:00,14017.31,17626.27
15.01.2019 06:00:00 +01:00,17649.66,19007.89
15.01.2019 07:00:00 +01:00,21795.52,20490.64
15.01.2019 08:00:00 +01:00,23940.71,20922.43
15.01.2019 09:00:00 +01:00,24363.65,20786.15
15.01.2019 10:00:00 +01:00,24137.11,20678.94
15.01.2019 11:00:00 +01:00,23716.19,20176.06
15.01.2019 12:00:00 +01:00,22455.74,20430.40
15.01.2019 13:00:00 +01:00,21639.90,20257.76
15.01.2019 14:00:00 +01:00,21131.96,20138.27
15.01.2019 15:00:00 +01:00,20884.80,20303.57
15.01.2019 16:00:00 +01:00,21765.32,20571.08
15.01.2019 17:00:00 +01:00,22359.72,20567.63
15.01.2019 18:00:00 +01:00,21992.04,20380.94
15.01.2019 19:00:00 +01:00,21396.10,19846.52
15.01.2019 20:00:00 +01:00,20266.08,20016.42
15.01.2019 21:00:00 +01:00,18727.39,19680.63
15.01.2019 22:00:00 +01:00,16944.56,19145.05
15.01.2019 23:00:00 +01:00,14730.30,18282.79
16.01.2019 00:00:00 +01:00,14601.60,16778.98
16.01.2019 01:00:00 +01:00,14400.87,17394.50
16.01.2019 02:00:00 +01:00,14322.03,16942.56
16.01.2019 03:00:00 +01:00,14670.05,17149.59
16.01.2019 04:00:00 +01:00,15015.22,16636.11
16.01.2019 05:00:00 +01:00,17226.46,17173.67
16.01.2019 06:00:00 +01:00,20476.48,18852.47
16.01.2019 07:00:00 +01:00,23357.26,20374.11
16.01.2019 08:00:00 +01:00,23692.41,20820.31
16.01.2019 09:00:00 +01:00,22724.44,20630.20
16.01.2019 10:00:00 +01:00,22407.08,20509.65
16.01.2019 11:00:00 +01:00,22340.04,20055.80
16.01.2019 12:00:00 +01:00,22039.72,20025.06
16.01.2019 13:00:00 +01:00,21226.30,19739.97
16.01.2019 14:00:00 +01:00,21669.86,20129.45
16.01.2019 15:00:00 +01:00,21565.26,20186.28
16.01.2019 16:00:00 +01:00,22422.33,20425.26
16.01.2019 17:00:00 +01:00,22045.18,20510.46
16.01.2019 18:00:00 +01:00,20924.11,20352.56
16.01.2019 19:00:00 +01:00,19736.61,20239.56
16.01.2019 20:00:00 +01:00,18108.35,19712.11
16.01.2019 21:00:00 +01:00,16586.72,19761.32
16.01.2019 22:00:00 +01:00,15765.15,18517.39
16.01.2019 23:00:00 +01:00,15475.93,18486.43
17.01.2019 00:00:00 +01:00,14869.25,17947.91
17.01.2019 01:00:00 +01:00,13894.58,17595.34
17.01.2019 02:00:00 +01:00,13956.58,17473.54
17.01.2019 03:00:00 +01:00,14174.29,16630.53
17.01.2019 04:00:00 +01:00,14776.63,16545.37
17.01.2019 05:00:00 +01:00,16403.63,14879.08
17.01.2019 06:00:00 +01:00,20251.66,19516.87
17.01.2019 07:00:00 +01:00,23383.10,21086.65
17.01.2019 08:00:00 +01:00,23610.96,20945.63
17.01.2019 09:00:00 +01:00,23413.47,20626.12
17.01.2019 10:00:00 +01:00,24046.12,20964.70
17.01.2019 11:00:00 +01:00,23940.87,21102.82
17.01.2019 12:00:00 +01:00,23494.31,20813.43
17.01.2019 13:00:00 +01:00,23066.59,20623.46
17.01.2019 14:00:00 +01:00,23291.37,20266.73
17.01.2019 15:00:00 +01:00,24134.74,20690.80
17.01.2019 16:00:00 +01:00,25292.11,21160.98
17.01.2019 17:00:00 +01:00,25362.63,21247.84
17.01.2019 18:00:00 +01:00,24337.54,21104.97
17.01.2019 19:00:00 +01:00,23306.34,20957.80
17.01.2019 20:00:00 +01:00,21481.07,20708.70
17.01.2019 21:00:00 +01:00,20189.24,20205.21
17.01.2019 22:00:00 +01:00,18551.19,19639.46
17.01.2019 23:00:00 +01:00,17311.87,18890.19
18.01.2019 00:00:00 +01:00,17264.59,18321.72
18.01.2019 01:00:00 +01:00,16604.89,17735.69
18.01.2019 02:00:00 +01:00,16332.27,17897.44
18.01.2019 03:00:00 +01:00,16423.18,17923.09
18.01.2019 04:00:00 +01:00,16970.88,18072.13
18.01.2019 05:00:00 +01:00,19244.53,17968.66
18.01.2019 06:00:00 +01:00,23173.79,19771.75
18.01.2019 07:00:00 +01:00,25774.80,21237.93
18.01.2019 08:00:00 +01:00,25975.49,21762.77
18.01.2019 09:00:00 +01:00,25649.73,21494.54
18.01.2019 10:00:00 +01:00,25551.25,17194.84
18.01.2019 11:00:00 +01:00,25706.12,20859.44
18.01.2019 12:00:00 +01:00,25607.31,20885.98
18.01.2019 13:00:00 +01:00,25551.50,20237.46
18.01.2019 14:00:00 +01:00,25191.97,20459.09
18.01.2019 15:00:00 +01:00,25213.07,20534.98
18.01.2019 16:00:00 +01:00,25771.55,20774.38
18.01.2019 17:00:00 +01:00,25812.80,20837.60
18.01.2019 18:00:00 +01:00,25750.82,20662.57
18.01.2019 19:00:00 +01:00,25246.85,20318.55
18.01.2019 20:00:00 +01:00,24280.80,19878.78
18.01.2019 21:00:00 +01:00,23258.09,19393.29
18.01.2019 22:00:00 +01:00,22442.81,18493.94
18.01.2019 23:00:00 +01:00,20160.64,18329.91
19.01.2019 00:00:00 +01:00,19551.46,17825.44
19.01.2019 01:00:00 +01:00,18803.85,17504.53
19.01.2019 02:00:00 +01:00,18993.88,17358.96
19.01.2019 03:00:00 +01:00,17639.25,17353.70
19.01.2019 04:00:00 +01:00,17218.69,17362.34
19.01.2019 05:00:00 +01:00,17079.45,17428.70
19.01.2019 06:00:00 +01:00,16923.15,17743.23
19.01.2019 07:00:00 +01:00,18715.85,18195.19
19.01.2019 08:00:00 +01:00,21661.36,18856.36
19.01.2019 09:00:00 +01:00,23306.37,19474.77
19.01.2019 10:00:00 +01:00,24102.15,19823.03
19.01.2019 11:00:00 +01:00,22845.33,19786.60
19.01.2019 12:00:00 +01:00,21789.29,19577.49
19.01.2019 13:00:00 +01:00,20509.33,19398.65
19.01.2019 14:00:00 +01:00,19539.05,19340.36
19.01.2019 15:00:00 +01:00,21714.98,19335.77
19.01.2019 16:00:00 +01:00,23946.99,19722.54
19.01.2019 17:00:00 +01:00,24568.12,20085.90
19.01.2019 18:00:00 +01:00,24151.83,20010.37
19.01.2019 19:00:00 +01:00,22854.60,19719.25
19.01.2019 20:00:00 +01:00,20849.07,19313.79
19.01.2019 21:00:00 +01:00,19254.75,18887.03
19.01.2019 22:00:00 +01:00,17314.48,18412.35
19.01.2019 23:00:00 +01:00,16238.77,18020.79
20.01.2019 00:00:00 +01:00,16056.52,17674.69
20.01.2019 01:00:00 +01:00,15426.87,17416.95
20.01.2019 02:00:00 +01:00,15386.66,17276.87
20.01.2019 03:00:00 +01:00,14876.82,17222.96
20.01.2019 04:00:00 +01:00,15104.79,17277.75
20.01.2019 05:00:00 +01:00,15121.79,17412.84
20.01.2019 06:00:00 +01:00,15374.92,17676.47
20.01.2019 07:00:00 +01:00,16465.60,18050.90
20.01.2019 08:00:00 +01:00,17633.81,18611.64
20.01.2019 09:00:00 +01:00,19184.51,19107.21
20.01.2019 10:00:00 +01:00,20304.14,19417.95
20.01.2019 11:00:00 +01:00,20716.34,19458.28
20.01.2019 12:00:00 +01:00,20020.83,19345.01
20.01.2019 13:00:00 +01:00,19611.92,19264.61
20.01.2019 14:00:00 +01:00,19797.78,19367.00
20.01.2019 15:00:00 +01:00,21544.23,19556.96
20.01.2019 16:00:00 +01:00,23973.84,19928.62
20.01.2019 17:00:00 +01:00,25210.37,20060.13
20.01.2019 18:00:00 +01:00,25158.74,20047.17
20.01.2019 19:00:00 +01:00,25342.09,19956.24
20.01.2019 20:00:00 +01:00,24742.74,19874.87
20.01.2019 21:00:00 +01:00,23682.63,19525.69
20.01.2019 22:00:00 +01:00,22879.49,18931.32
20.01.2019 23:00:00 +01:00,20272.21,18520.10
21.01.2019 00:00:00 +01:00,19531.27,17465.02
21.01.2019 01:00:00 +01:00,17852.46,17218.27
21.01.2019 02:00:00 +01:00,17001.89,17031.48
21.01.2019 03:00:00 +01:00,17032.83,17039.38
21.01.2019 04:00:00 +01:00,18303.48,17177.89
21.01.2019 05:00:00 +01:00,20736.18,17590.33
21.01.2019 06:00:00 +01:00,23835.81,18843.46
21.01.2019 07:00:00 +01:00,25426.13,20434.66
21.01.2019 08:00:00 +01:00,25720.31,20881.17
21.01.2019 09:00:00 +01:00,25707.99,20872.86
21.01.2019 10:00:00 +01:00,26419.80,20843.26
21.01.2019 11:00:00 +01:00,25885.27,20995.55
21.01.2019 12:00:00 +01:00,25415.07,20697.01
21.01.2019 13:00:00 +01:00,24994.13,20483.01
21.01.2019 14:00:00 +01:00,23585.69,20635.31
21.01.2019 15:00:00 +01:00,24921.66,20697.52
21.01.2019 16:00:00 +01:00,25159.31,21050.55
21.01.2019 17:00:00 +01:00,25545.56,21185.94
21.01.2019 18:00:00 +01:00,25840.79,20991.25
21.01.2019 19:00:00 +01:00,25582.34,20805.15
21.01.2019 20:00:00 +01:00,25426.26,20611.48
21.01.2019 21:00:00 +01:00,24549.78,20299.19
21.01.2019 22:00:00 +01:00,23602.30,19671.60
21.01.2019 23:00:00 +01:00,21676.39,18851.90
22.01.2019 00:00:00 +01:00,20691.55,18247.85
22.01.2019 01:00:00 +01:00,20017.05,17871.97
22.01.2019 02:00:00 +01:00,19249.75,17712.03
22.01.2019 03:00:00 +01:00,18638.46,17748.31
22.01.2019 04:00:00 +01:00,19682.41,17876.91
22.01.2019 05:00:00 +01:00,21929.47,18285.90
22.01.2019 06:00:00 +01:00,24607.93,19623.32
22.01.2019 07:00:00 +01:00,25927.74,20839.62
22.01.2019 08:00:00 +01:00,26321.53,21548.94
22.01.2019 09:00:00 +01:00,26167.97,21300.14
22.01.2019 10:00:00 +01:00,26148.42,21286.13
22.01.2019 11:00:00 +01:00,26090.75,21074.26
22.01.2019 12:00:00 +01:00,25604.24,20763.73
22.01.2019 13:00:00 +01:00,25712.78,21061.20
22.01.2019 14:00:00 +01:00,25951.39,19997.70
22.01.2019 15:00:00 +01:00,26174.83,19710.92
22.01.2019 16:00:00 +01:00,26040.46,20999.52
22.01.2019 17:00:00 +01:00,26204.66,21295.72
22.01.2019 18:00:00 +01:00,25711.91,21011.07
22.01.2019 19:00:00 +01:00,25242.98,20792.03
22.01.2019 20:00:00 +01:00,24422.39,20486.99
22.01.2019 21:00:00 +01:00,23410.64,20101.25
22.01.2019 22:00:00 +01:00,22646.32,19420.62
22.01.2019 23:00:00 +01:00,20130.83,18677.40
23.01.2019 00:00:00 +01:00,19981.86,17961.66
23.01.2019 01:00:00 +01:00,19494.05,17566.91
23.01.2019 02:00:00 +01:00,19066.37,17414.22
23.01.2019 03:00:00 +01:00,18484.86,17374.58
23.01.2019 04:00:00 +01:00,19335.32,17459.85
23.01.2019 05:00:00 +01:00,21956.37,17962.22
23.01.2019 06:00:00 +01:00,24412.20,19297.65
23.01.2019 07:00:00 +01:00,26019.18,20806.90
23.01.2019 08:00:00 +01:00,25932.19,21173.23
23.01.2019 09:00:00 +01:00,26024.87,20929.47
23.01.2019 10:00:00 +01:00,26116.06,19987.62
23.01.2019 11:00:00 +01:00,26038.92,20701.90
23.01.2019 12:00:00 +01:00,25907.95,20589.24
23.01.2019 13:00:00 +01:00,25898.55,20437.29
23.01.2019 14:00:00 +01:00,26118.30,20549.74
23.01.2019 15:00:00 +01:00,26376.47,20608.14
23.01.2019 16:00:00 +01:00,27068.95,20508.66
23.01.2019 17:00:00 +01:00,26715.97,20977.06
23.01.2019 18:00:00 +01:00,26167.50,20738.00
23.01.2019 19:00:00 +01:00,25773.37,20490.75
23.01.2019 20:00:00 +01:00,25361.58,20323.77
23.01.2019 21:00:00 +01:00,24920.56,19922.60
23.01.2019 22:00:00 +01:00,24043.22,18613.60
23.01.2019 23:00:00 +01:00,22727.86,18517.12
24.01.2019 00:00:00 +01:00,22165.77,17833.98
24.01.2019 01:00:00 +01:00,21587.39,17494.36
24.01.2019 02:00:00 +01:00,21299.44,17306.29
24.01.2019 03:00:00 +01:00,20803.65,17312.65
24.01.2019 04:00:00 +01:00,21840.24,17388.91
24.01.2019 05:00:00 +01:00,23385.98,17871.11
24.01.2019 06:00:00 +01:00,25287.68,19180.59
24.01.2019 07:00:00 +01:00,26249.33,20673.22
24.01.2019 08:00:00 +01:00,26667.73,21117.57
24.01.2019 09:00:00 +01:00,26776.06,20956.06
24.01.2019 10:00:00 +01:00,26790.55,20755.99
24.01.2019 11:00:00 +01:00,26319.81,20373.01
24.01.2019 12:00:00 +01:00,26234.38,20698.27
24.01.2019 13:00:00 +01:00,26242.62,20293.79
24.01.2019 14:00:00 +01:00,26196.46,20269.59
24.01.2019 15:00:00 +01:00,26443.86,20269.82
24.01.2019 16:00:00 +01:00,26603.72,20849.74
24.01.2019 17:00:00 +01:00,26510.59,20867.08
24.01.2019 18:00:00 +01:00,26221.49,20620.03
24.01.2019 19:00:00 +01:00,26299.38,20324.24
24.01.2019 20:00:00 +01:00,25823.00,20105.69
24.01.2019 21:00:00 +01:00,25368.33,19691.97
24.01.2019 22:00:00 +01:00,24332.46,19091.09
24.01.2019 23:00:00 +01:00,23448.51,18336.30
25.01.2019 00:00:00 +01:00,22840.83,17727.24
25.01.2019 01:00:00 +01:00,21666.84,17381.11
25.01.2019 02:00:00 +01:00,21090.57,17207.36
25.01.2019 03:00:00 +01:00,20372.83,17147.61
25.01.2019 04:00:00 +01:00,20544.67,17280.75
25.01.2019 05:00:00 +01:00,22751.16,17705.61
25.01.2019 06:00:00 +01:00,24738.92,19004.19
25.01.2019 07:00:00 +01:00,25666.63,20432.49
25.01.2019 08:00:00 +01:00,26229.26,20863.74
25.01.2019 09:00:00 +01:00,26421.63,20351.11
25.01.2019 10:00:00 +01:00,26787.77,20841.99
25.01.2019 11:00:00 +01:00,26579.70,20667.03
25.01.2019 12:00:00 +01:00,26383.20,20479.45
25.01.2019 13:00:00 +01:00,26138.38,20558.95
25.01.2019 14:00:00 +01:00,25974.17,20605.71
25.01.2019 15:00:00 +01:00,25761.68,20579.93
25.01.2019 16:00:00 +01:00,26116.08,20692.47
25.01.2019 17:00:00 +01:00,26173.40,20735.42
25.01.2019 18:00:00 +01:00,25555.29,20555.36
25.01.2019 19:00:00 +01:00,23835.51,20279.84
25.01.2019 20:00:00 +01:00,21521.98,19846.09
25.01.2019 21:00:00 +01:00,19874.96,19301.05
25.01.2019 22:00:00 +01:00,19328.95,18491.85
25.01.2019 23:00:00 +01:00,17738.37,17970.54
26.01.2019 00:00:00 +01:00,16835.01,17847.94
26.01.2019 01:00:00 +01:00,16530.24,17520.31
26.01.2019 02:00:00 +01:00,16014.43,17288.21
26.01.2019 03:00:00 +01:00,16080.90,16891.96
26.01.2019 04:00:00 +01:00,16486.73,16617.66
26.01.2019 05:00:00 +01:00,16869.95,17333.82
26.01.2019 06:00:00 +01:00,17578.19,17377.33
26.01.2019 07:00:00 +01:00,18737.43,18116.69
26.01.2019 08:00:00 +01:00,20032.77,18803.52
26.01.2019 09:00:00 +01:00,22469.71,19371.85
26.01.2019 10:00:00 +01:00,24007.09,19747.03
26.01.2019 11:00:00 +01:00,24204.38,19816.45
26.01.2019 12:00:00 +01:00,23434.06,19742.12
26.01.2019 13:00:00 +01:00,22679.04,19641.04
26.01.2019 14:00:00 +01:00,21562.06,19311.18
26.01.2019 15:00:00 +01:00,21492.32,19622.61
26.01.2019 16:00:00 +01:00,22268.43,19822.22
26.01.2019 17:00:00 +01:00,23702.17,20183.52
26.01.2019 18:00:00 +01:00,23440.87,20063.35
26.01.2019 19:00:00 +01:00,21172.57,19744.00
26.01.2019 20:00:00 +01:00,19643.09,19314.42
26.01.2019 21:00:00 +01:00,18289.40,18608.74
26.01.2019 22:00:00 +01:00,17341.43,18509.07
26.01.2019 23:00:00 +01:00,16243.70,18112.22
27.01.2019 00:00:00 +01:00,16024.62,17477.69
27.01.2019 01:00:00 +01:00,15809.13,17507.90
27.01.2019 02:00:00 +01:00,15512.63,17334.77
27.01.2019 03:00:00 +01:00,15437.86,17274.63
27.01.2019 04:00:00 +01:00,15558.68,17270.60
27.01.2019 05:00:00 +01:00,15614.41,17461.16
27.01.2019 06:00:00 +01:00,16254.52,17695.01
27.01.2019 07:00:00 +01:00,16533.21,18031.62
27.01.2019 08:00:00 +01:00,16980.60,18511.37
27.01.2019 09:00:00 +01:00,17599.70,19120.30
27.01.2019 10:00:00 +01:00,18554.25,19648.01
27.01.2019 11:00:00 +01:00,18422.38,19772.85
27.01.2019 12:00:00 +01:00,18188.72,19732.97
27.01.2019 13:00:00 +01:00,17962.90,19374.85
27.01.2019 14:00:00 +01:00,17877.42,19734.87
27.01.2019 15:00:00 +01:00,18111.21,19519.22
27.01.2019 16:00:00 +01:00,19604.16,20109.95
27.01.2019 17:00:00 +01:00,20794.65,19306.99
27.01.2019 18:00:00 +01:00,20626.92,20196.30
27.01.2019 19:00:00 +01:00,20128.57,20097.58
27.01.2019 20:00:00 +01:00,18986.59,19999.28
27.01.2019 21:00:00 +01:00,17848.71,19735.40
27.01.2019 22:00:00 +01:00,17069.49,19202.08
27.01.2019 23:00:00 +01:00,16144.69,18661.18
28.01.2019 00:00:00 +01:00,15933.89,18184.10
28.01.2019 01:00:00 +01:00,15321.75,17918.60
28.01.2019 02:00:00 +01:00,15160.41,17829.42
28.01.2019 03:00:00 +01:00,15039.98,17785.23
28.01.2019 04:00:00 +01:00,15757.36,17687.40
28.01.2019 05:00:00 +01:00,17921.62,18487.96
28.01.2019 06:00:00 +01:00,20406.16,19820.56
28.01.2019 07:00:00 +01:00,24578.10,21299.67
28.01.2019 08:00:00 +01:00,25189.22,21728.51
28.01.2019 09:00:00 +01:00,24669.36,20498.89
28.01.2019 10:00:00 +01:00,24133.49,20794.64
28.01.2019 11:00:00 +01:00,23846.48,21368.51
28.01.2019 12:00:00 +01:00,23389.61,21246.72
28.01.2019 13:00:00 +01:00,23351.26,20765.04
28.01.2019 14:00:00 +01:00,23636.51,20367.98
28.01.2019 15:00:00 +01:00,23666.34,21106.60
28.01.2019 16:00:00 +01:00,24301.99,21349.74
28.01.2019 17:00:00 +01:00,25137.01,21459.25
28.01.2019 18:00:00 +01:00,24885.16,21293.51
28.01.2019 19:00:00 +01:00,23543.86,21160.46
28.01.2019 20:00:00 +01:00,22088.68,20978.08
28.01.2019 21:00:00 +01:00,21102.10,20633.53
28.01.2019 22:00:00 +01:00,19607.89,20072.48
28.01.2019 23:00:00 +01:00,18171.04,19404.00
29.01.2019 00:00:00 +01:00,16578.25,18767.09
29.01.2019 01:00:00 +01:00,15818.05,18486.21
29.01.2019 02:00:00 +01:00,15787.19,18395.99
29.01.2019 03:00:00 +01:00,16034.98,18416.79
29.01.2019 04:00:00 +01:00,17092.80,18664.03
29.01.2019 05:00:00 +01:00,20169.90,19102.55
29.01.2019 06:00:00 +01:00,23154.83,20473.06
29.01.2019 07:00:00 +01:00,25615.74,22013.74
29.01.2019 08:00:00 +01:00,25816.70,21663.59
29.01.2019 09:00:00 +01:00,26149.06,22205.69
29.01.2019 10:00:00 +01:00,26169.93,22121.12
29.01.2019 11:00:00 +01:00,26057.78,21775.73
29.01.2019 12:00:00 +01:00,26239.73,21584.40
29.01.2019 13:00:00 +01:00,25781.30,18864.61
29.01.2019 14:00:00 +01:00,25981.52,21365.17
29.01.2019 15:00:00 +01:00,26262.50,21464.09
29.01.2019 16:00:00 +01:00,26350.67,21757.92
29.01.2019 17:00:00 +01:00,26296.43,21977.31
29.01.2019 18:00:00 +01:00,26109.67,21789.35
29.01.2019 19:00:00 +01:00,26016.63,21534.27
29.01.2019 20:00:00 +01:00,25304.91,21341.73
29.01.2019 21:00:00 +01:00,23777.24,21008.39
29.01.2019 22:00:00 +01:00,21462.49,19705.39
29.01.2019 23:00:00 +01:00,19386.70,19637.51
30.01.2019 00:00:00 +01:00,18426.88,18390.69
30.01.2019 01:00:00 +01:00,17970.17,18715.34
30.01.2019 02:00:00 +01:00,17855.63,18605.75
30.01.2019 03:00:00 +01:00,17865.04,18562.73
30.01.2019 04:00:00 +01:00,18657.02,18639.57
30.01.2019 05:00:00 +01:00,21370.93,19063.72
30.01.2019 06:00:00 +01:00,24414.04,20402.64
30.01.2019 07:00:00 +01:00,26870.16,21859.70
30.01.2019 08:00:00 +01:00,26948.52,22083.65
30.01.2019 09:00:00 +01:00,26663.61,1830.76
30.01.2019 10:00:00 +01:00,26663.14,0.00
30.01.2019 11:00:00 +01:00,25856.15,21782.49
30.01.2019 12:00:00 +01:00,25359.06,21695.58
30.01.2019 13:00:00 +01:00,25220.61,21625.18
30.01.2019 14:00:00 +01:00,25103.72,21638.96
30.01.2019 15:00:00 +01:00,24772.79,21709.43
30.01.2019 16:00:00 +01:00,25507.84,21862.74
30.01.2019 17:00:00 +01:00,26443.89,21963.69
30.01.2019 18:00:00 +01:00,26213.03,21725.23
30.01.2019 19:00:00 +01:00,25257.81,21402.19
30.01.2019 20:00:00 +01:00,23235.10,21242.43
30.01.2019 21:00:00 +01:00,21749.83,20786.85
30.01.2019 22:00:00 +01:00,19965.23,20188.03
30.01.2019 23:00:00 +01:00,18057.26,19433.99
31.01.2019 00:00:00 +01:00,17385.23,18724.57
31.01.2019 01:00:00 +01:00,16599.73,18343.38
31.01.2019 02:00:00 +01:00,16374.01,18131.85
31.01.2019 03:00:00 +01:00,16511.05,18104.93
31.01.2019 04:00:00 +01:00,17310.14,18210.23
31.01.2019 05:00:00 +01:00,20309.96,18595.72
31.01.2019 06:00:00 +01:00,24422.45,19929.23
31.01.2019 07:00:00 +01:00,26070.06,21439.70
31.01.2019 08:00:00 +01:00,26068.60,21785.38
31.01.2019 09:00:00 +01:00,26169.92,21613.42
31.01.2019 10:00:00 +01:00,26211.57,20793.36
31.01.2019 11:00:00 +01:00,26112.72,21459.71
31.01.2019 12:00:00 +01:00,26177.75,21422.38
31.01.2019 13:00:00 +01:00,25931.03,21322.64
31.01.2019 14:00:00 +01:00,25957.37,20909.82
31.01.2019 15:00:00 +01:00,25988.31,21356.39
31.01.2019 16:00:00 +01:00,26246.78,21551.48
31.01.2019 17:00:00 +01:00,26779.85,21635.09
31.01.2019 18:00:00 +01:00,26351.26,21399.86
31.01.2019 19:00:00 +01:00,25720.00,21144.18
31.01.2019 20:00:00 +01:00,24436.71,20808.14
31.01.2019 21:00:00 +01:00,22520.17,19640.34
31.01.2019 22:00:00 +01:00,20065.39,19678.36
31.01.2019 23:00:00 +01:00,18228.83,18893.36
01.02.2019 00:00:00 +01:00,17369.72,18217.09
01.02.2019 01:00:00 +01:00,16544.40,17898.85
01.02.2019 02:00:00 +01:00,16064.27,17651.81
01.02.2019 03:00:00 +01:00,16107.42,17623.25
01.02.2019 04:00:00 +01:00,17018.15,17760.19
01.02.2019 05:00:00 +01:00,19109.36,18141.39
01.02.2019 06:00:00 +01:00,21434.39,19363.68
01.02.2019 07:00:00 +01:00,24082.37,20838.97
01.02.2019 08:00:00 +01:00,25405.43,21267.49
01.02.2019 09:00:00 +01:00,25406.92,21050.73
01.02.2019 10:00:00 +01:00,25272.33,21048.89
01.02.2019 11:00:00 +01:00,25484.66,20885.76
01.02.2019 12:00:00 +01:00,25221.05,20623.41
01.02.2019 13:00:00 +01:00,24852.26,20523.69
01.02.2019 14:00:00 +01:00,25100.46,20634.01
01.02.2019 15:00:00 +01:00,25193.43,20603.77
01.02.2019 16:00:00 +01:00,25677.61,20706.87
01.02.2019 17:00:00 +01:00,26292.89,20853.79
01.02.2019 18:00:00 +01:00,25845.38,20770.32
01.02.2019 19:00:00 +01:00,24976.13,20531.00
01.02.2019 20:00:00 +01:00,23219.06,20092.96
01.02.2019 21:00:00 +01:00,21682.19,18559.06
01.02.2019 22:00:00 +01:00,19913.65,19027.22
01.02.2019 23:00:00 +01:00,17693.66,18509.54
02.02.2019 00:00:00 +01:00,16808.36,17975.51
02.02.2019 01:00:00 +01:00,15346.89,17609.94
02.02.2019 02:00:00 +01:00,14789.49,17384.16
02.02.2019 03:00:00 +01:00,14731.87,17282.90
02.02.2019 04:00:00 +01:00,14958.64,17334.62
02.02.2019 05:00:00 +01:00,15292.11,17440.09
02.02.2019 06:00:00 +01:00,15854.38,17824.67
02.02.2019 07:00:00 +01:00,16834.14,18331.13
02.02.2019 08:00:00 +01:00,19352.91,19016.18
02.02.2019 09:00:00 +01:00,22549.64,19586.14
02.02.2019 10:00:00 +01:00,23975.40,19992.64
02.02.2019 11:00:00 +01:00,23770.94,20018.62
02.02.2019 12:00:00 +01:00,22958.96,19923.14
02.02.2019 13:00:00 +01:00,20692.02,19810.10
02.02.2019 14:00:00 +01:00,18822.29,19713.43
02.02.2019 15:00:00 +01:00,18812.38,19770.71
02.02.2019 16:00:00 +01:00,21039.43,19906.28
02.02.2019 17:00:00 +01:00,23801.56,20286.57
02.02.2019 18:00:00 +01:00,24385.30,20287.08
02.02.2019 19:00:00 +01:00,22507.83,20018.14
02.02.2019 20:00:00 +01:00,19674.11,19589.17
02.02.2019 21:00:00 +01:00,17415.48,18579.93
02.02.2019 22:00:00 +01:00,16279.10,18691.36
02.02.2019 23:00:00 +01:00,15062.20,18307.57
03.02.2019 00:00:00 +01:00,14632.91,17852.29
03.02.2019 01:00:00 +01:00,14081.90,17539.92
03.02.2019 02:00:00 +01:00,13777.30,17378.31
03.02.2019 03:00:00 +01:00,13632.96,17309.36
03.02.2019 04:00:00 +01:00,13718.23,13011.89
03.02.2019 05:00:00 +01:00,13868.44,11033.08
03.02.2019 06:00:00 +01:00,14550.04,17662.16
03.02.2019 07:00:00 +01:00,15048.00,18034.09
03.02.2019 08:00:00 +01:00,16067.31,18486.24
03.02.2019 09:00:00 +01:00,17449.30,19031.93
03.02.2019 10:00:00 +01:00,18476.05,19439.19
03.02.2019 11:00:00 +01:00,19274.96,19423.09
03.02.2019 12:00:00 +01:00,18929.91,19263.27
03.02.2019 13:00:00 +01:00,18132.83,19056.27
03.02.2019 14:00:00 +01:00,17814.14,18978.16
03.02.2019 15:00:00 +01:00,18078.24,19101.70
03.02.2019 16:00:00 +01:00,19658.73,16522.74
03.02.2019 17:00:00 +01:00,22660.79,19617.29
03.02.2019 18:00:00 +01:00,23951.38,20154.93
03.02.2019 19:00:00 +01:00,23988.53,20125.97
03.02.2019 20:00:00 +01:00,22762.19,20078.89
03.02.2019 21:00:00 +01:00,20173.33,19802.32
03.02.2019 22:00:00 +01:00,18309.62,19361.03
03.02.2019 23:00:00 +01:00,16619.11,18445.98
04.02.2019 00:00:00 +01:00,16571.76,18319.01
04.02.2019 01:00:00 +01:00,16177.82,18097.75
04.02.2019 02:00:00 +01:00,15896.31,18037.74
04.02.2019 03:00:00 +01:00,15985.42,17785.24
04.02.2019 04:00:00 +01:00,16924.90,18226.41
04.02.2019 05:00:00 +01:00,19049.99,18651.71
04.02.2019 06:00:00 +01:00,22280.28,19936.53
04.02.2019 07:00:00 +01:00,24572.81,21399.50
04.02.2019 08:00:00 +01:00,24576.69,21698.91
04.02.2019 09:00:00 +01:00,24410.90,21611.43
04.02.2019 10:00:00 +01:00,23840.62,21571.41
04.02.2019 11:00:00 +01:00,22849.78,21395.10
04.02.2019 12:00:00 +01:00,22621.36,21269.39
04.02.2019 13:00:00 +01:00,22404.21,21141.52
04.02.2019 14:00:00 +01:00,22596.18,21171.75
04.02.2019 15:00:00 +01:00,22489.98,20159.40
04.02.2019 16:00:00 +01:00,22887.06,21308.92
04.02.2019 17:00:00 +01:00,23302.14,21419.74
04.02.2019 18:00:00 +01:00,22754.01,21220.27
04.02.2019 19:00:00 +01:00,21567.07,20964.61
04.02.2019 20:00:00 +01:00,20229.56,20646.11
04.02.2019 21:00:00 +01:00,19163.32,20182.81
04.02.2019 22:00:00 +01:00,17059.35,19526.58
04.02.2019 23:00:00 +01:00,15246.57,18726.64
05.02.2019 00:00:00 +01:00,14584.55,17733.20
05.02.2019 01:00:00 +01:00,14494.28,17726.34
05.02.2019 02:00:00 +01:00,14103.34,17551.41
05.02.2019 03:00:00 +01:00,14153.13,17499.30
05.02.2019 04:00:00 +01:00,15053.90,17650.57
05.02.2019 05:00:00 +01:00,16540.45,18114.40
05.02.2019 06:00:00 +01:00,19920.53,19412.01
05.02.2019 07:00:00 +01:00,23872.32,20870.88
05.02.2019 08:00:00 +01:00,25065.13,21292.27
05.02.2019 09:00:00 +01:00,25016.88,21137.65
05.02.2019 10:00:00 +01:00,24929.19,20937.66
05.02.2019 11:00:00 +01:00,23947.10,20020.43
05.02.2019 12:00:00 +01:00,23840.42,20560.11
05.02.2019 13:00:00 +01:00,23680.64,20392.88
05.02.2019 14:00:00 +01:00,23782.87,19965.66
05.02.2019 15:00:00 +01:00,24028.23,20348.40
05.02.2019 16:00:00 +01:00,24814.39,20563.96
05.02.2019 17:00:00 +01:00,25890.60,20832.04
05.02.2019 18:00:00 +01:00,25849.08,20836.15
05.02.2019 19:00:00 +01:00,25131.02,20695.93
05.02.2019 20:00:00 +01:00,23950.68,20492.44
05.02.2019 21:00:00 +01:00,22277.08,20136.36
05.02.2019 22:00:00 +01:00,18977.47,19678.78
05.02.2019 23:00:00 +01:00,16834.67,18962.35
06.02.2019 00:00:00 +01:00,16448.39,18376.02
06.02.2019 01:00:00 +01:00,16247.94,17805.88
06.02.2019 02:00:00 +01:00,16442.84,18017.58
06.02.2019 03:00:00 +01:00,16729.72,18009.95
06.02.2019 04:00:00 +01:00,17502.77,18164.99
06.02.2019 05:00:00 +01:00,19305.29,18601.78
06.02.2019 06:00:00 +01:00,22509.77,19935.17
06.02.2019 07:00:00 +01:00,25125.12,21377.88
06.02.2019 08:00:00 +01:00,25962.09,21663.70
06.02.2019 09:00:00 +01:00,25630.54,21593.71
06.02.2019 10:00:00 +01:00,24855.39,21438.93
06.02.2019 11:00:00 +01:00,24476.73,20588.36
06.02.2019 12:00:00 +01:00,24277.95,21190.32
06.02.2019 13:00:00 +01:00,23735.65,20917.89
06.02.2019 14:00:00 +01:00,23937.71,20999.03
06.02.2019 15:00:00 +01:00,24627.52,21001.81
06.02.2019 16:00:00 +01:00,25522.38,21009.13
06.02.2019 17:00:00 +01:00,26181.72,21148.52
06.02.2019 18:00:00 +01:00,25992.48,20936.25
06.02.2019 19:00:00 +01:00,25819.24,20630.35
06.02.2019 20:00:00 +01:00,24252.43,20330.03
06.02.2019 21:00:00 +01:00,20998.00,19978.24
06.02.2019 22:00:00 +01:00,18416.34,19321.82
06.02.2019 23:00:00 +01:00,15914.74,18505.37
07.02.2019 00:00:00 +01:00,15490.05,17875.31
07.02.2019 01:00:00 +01:00,14756.67,17488.95
07.02.2019 02:00:00 +01:00,14431.44,17316.49
07.02.2019 03:00:00 +01:00,14392.23,17293.12
07.02.2019 04:00:00 +01:00,15440.48,17417.58
07.02.2019 05:00:00 +01:00,17459.99,17852.79
07.02.2019 06:00:00 +01:00,19940.81,19278.83
07.02.2019 07:00:00 +01:00,23802.86,20671.16
07.02.2019 08:00:00 +01:00,24322.58,20888.50
07.02.2019 09:00:00 +01:00,24240.11,20701.06
07.02.2019 10:00:00 +01:00,23030.96,20279.69
07.02.2019 11:00:00 +01:00,22877.84,20106.92
07.02.2019 12:00:00 +01:00,22154.13,19656.55
07.02.2019 13:00:00 +01:00,21948.54,20389.20
07.02.2019 14:00:00 +01:00,21849.49,20473.53
07.02.2019 15:00:00 +01:00,21727.36,20518.09
07.02.2019 16:00:00 +01:00,21834.18,20591.73
07.02.2019 17:00:00 +01:00,22976.60,20695.31
07.02.2019 18:00:00 +01:00,22666.78,20497.62
07.02.2019 19:00:00 +01:00,20536.67,20307.17
07.02.2019 20:00:00 +01:00,18689.65,20019.55
07.02.2019 21:00:00 +01:00,17146.69,19640.95
07.02.2019 22:00:00 +01:00,16133.05,18972.57
07.02.2019 23:00:00 +01:00,14380.75,18156.46
08.02.2019 00:00:00 +01:00,13854.62,17519.74
08.02.2019 01:00:00 +01:00,13347.14,17159.66
08.02.2019 02:00:00 +01:00,13370.21,17003.55
08.02.2019 03:00:00 +01:00,13142.15,16915.31
08.02.2019 04:00:00 +01:00,13315.57,17064.76
08.02.2019 05:00:00 +01:00,14630.98,17571.84
08.02.2019 06:00:00 +01:00,18013.78,18879.80
08.02.2019 07:00:00 +01:00,22309.50,20286.89
08.02.2019 08:00:00 +01:00,23471.09,20680.22
08.02.2019 09:00:00 +01:00,23275.00,20571.44
08.02.2019 10:00:00 +01:00,21720.33,20381.91
08.02.2019 11:00:00 +01:00,19969.74,19975.20
08.02.2019 12:00:00 +01:00,18511.72,19562.85
08.02.2019 13:00:00 +01:00,18061.58,19356.06
08.02.2019 14:00:00 +01:00,18259.90,18934.99
08.02.2019 15:00:00 +01:00,17900.79,19308.50
08.02.2019 16:00:00 +01:00,18340.35,19492.05
08.02.2019 17:00:00 +01:00,19681.78,17417.23
08.02.2019 18:00:00 +01:00,19836.16,19596.72
08.02.2019 19:00:00 +01:00,17725.73,19388.22
08.02.2019 20:00:00 +01:00,16424.22,18863.54
08.02.2019 21:00:00 +01:00,15106.42,18251.31
08.02.2019 22:00:00 +01:00,14605.60,17673.80
08.02.2019 23:00:00 +01:00,14028.14,17165.85
09.02.2019 00:00:00 +01:00,14454.94,16541.77
09.02.2019 01:00:00 +01:00,13570.53,16183.83
09.02.2019 02:00:00 +01:00,13278.91,15984.40
09.02.2019 03:00:00 +01:00,13093.82,15879.75
09.02.2019 04:00:00 +01:00,13137.30,15841.70
09.02.2019 05:00:00 +01:00,13280.31,15958.68
09.02.2019 06:00:00 +01:00,13695.22,16249.29
09.02.2019 07:00:00 +01:00,14233.77,16701.31
09.02.2019 08:00:00 +01:00,14626.53,17171.13
09.02.2019 09:00:00 +01:00,16597.81,17801.16
09.02.2019 10:00:00 +01:00,17553.53,18149.62
09.02.2019 11:00:00 +01:00,17320.23,18128.53
09.02.2019 12:00:00 +01:00,16885.76,17999.79
09.02.2019 13:00:00 +01:00,16292.87,17826.52
09.02.2019 14:00:00 +01:00,15443.79,17629.28
09.02.2019 15:00:00 +01:00,15170.92,17664.93
09.02.2019 16:00:00 +01:00,16512.91,17853.44
09.02.2019 17:00:00 +01:00,18239.64,18232.21
09.02.2019 18:00:00 +01:00,18081.98,18342.44
09.02.2019 19:00:00 +01:00,16461.28,18237.22
09.02.2019 20:00:00 +01:00,15197.61,17799.24
09.02.2019 21:00:00 +01:00,14829.78,17385.38
09.02.2019 22:00:00 +01:00,14915.47,16866.46
09.02.2019 23:00:00 +01:00,14190.64,16453.87
10.02.2019 00:00:00 +01:00,13308.25,16085.21
10.02.2019 01:00:00 +01:00,12570.48,15790.56
10.02.2019 02:00:00 +01:00,12138.00,15583.59
10.02.2019 03:00:00 +01:00,11970.19,15538.91
10.02.2019 04:00:00 +01:00,12041.32,15550.76
10.02.2019 05:00:00 +01:00,12099.96,15609.20
10.02.2019 06:00:00 +01:00,12969.87,15548.85
10.02.2019 07:00:00 +01:00,12982.45,16137.80
10.02.2019 08:00:00 +01:00,13323.85,16499.18
10.02.2019 09:00:00 +01:00,14566.60,17032.31
10.02.2019 10:00:00 +01:00,15354.61,17408.74
10.02.2019 11:00:00 +01:00,15493.75,17430.78
10.02.2019 12:00:00 +01:00,15597.11,17430.68
10.02.2019 13:00:00 +01:00,15285.59,17387.96
10.02.2019 14:00:00 +01:00,15164.34,17107.41
10.02.2019 15:00:00 +01:00,15466.40,17468.44
10.02.2019 16:00:00 +01:00,17087.75,17542.75
10.02.2019 17:00:00 +01:00,18673.57,17809.90
10.02.2019 18:00:00 +01:00,19521.54,18023.81
10.02.2019 19:00:00 +01:00,18693.60,17780.49
10.02.2019 20:00:00 +01:00,16765.63,17683.06
10.02.2019 21:00:00 +01:00,15701.02,17469.39
10.02.2019 22:00:00 +01:00,14798.59,17229.19
10.02.2019 23:00:00 +01:00,13818.99,16781.68
11.02.2019 00:00:00 +01:00,13096.89,16298.84
11.02.2019 01:00:00 +01:00,12520.71,16061.91
11.02.2019 02:00:00 +01:00,12207.11,15978.41
11.02.2019 03:00:00 +01:00,12257.70,16063.51
11.02.2019 04:00:00 +01:00,12378.19,16219.09
11.02.2019 05:00:00 +01:00,14055.92,16220.51
11.02.2019 06:00:00 +01:00,16795.57,17291.83
11.02.2019 07:00:00 +01:00,19613.69,19771.87
11.02.2019 08:00:00 +01:00,20553.73,20024.35
11.02.2019 09:00:00 +01:00,19486.97,19746.33
11.02.2019 10:00:00 +01:00,19048.94,19446.24
11.02.2019 11:00:00 +01:00,18722.26,19178.58
11.02.2019 12:00:00 +01:00,18574.82,17372.95
11.02.2019 13:00:00 +01:00,18433.81,18805.86
11.02.2019 14:00:00 +01:00,18221.35,18063.48
11.02.2019 15:00:00 +01:00,18273.73,17512.98
11.02.2019 16:00:00 +01:00,18702.58,18646.27
11.02.2019 17:00:00 +01:00,19884.95,17376.65
11.02.2019 18:00:00 +01:00,20202.39,18782.86
11.02.2019 19:00:00 +01:00,19847.17,19313.94
11.02.2019 20:00:00 +01:00,17934.06,12166.28
11.02.2019 21:00:00 +01:00,16460.24,17795.49
11.02.2019 22:00:00 +01:00,15323.27,16032.36
11.02.2019 23:00:00 +01:00,14005.91,16870.78
12.02.2019 00:00:00 +01:00,13380.50,16849.38
12.02.2019 01:00:00 +01:00,12977.43,16060.17
12.02.2019 02:00:00 +01:00,12723.88,15201.63
12.02.2019 03:00:00 +01:00,12725.97,14953.31
12.02.2019 04:00:00 +01:00,13133.40,15949.81
12.02.2019 05:00:00 +01:00,15136.33,16481.44
12.02.2019 06:00:00 +01:00,18345.88,18677.21
12.02.2019 07:00:00 +01:00,22692.15,20226.22
12.02.2019 08:00:00 +01:00,23865.00,20035.02
12.02.2019 09:00:00 +01:00,24268.34,19502.51
12.02.2019 10:00:00 +01:00,24092.91,18672.86
12.02.2019 11:00:00 +01:00,23581.06,18789.86
12.02.2019 12:00:00 +01:00,22804.85,18296.53
12.02.2019 13:00:00 +01:00,22038.60,19381.14
12.02.2019 14:00:00 +01:00,22759.17,19509.20
12.02.2019 15:00:00 +01:00,22896.30,19421.12
12.02.2019 16:00:00 +01:00,23342.38,19887.73
12.02.2019 17:00:00 +01:00,23801.64,19231.72
12.02.2019 18:00:00 +01:00,23419.71,18934.60
12.02.2019 19:00:00 +01:00,22084.19,19266.79
12.02.2019 20:00:00 +01:00,18810.33,17704.49
12.02.2019 21:00:00 +01:00,16581.86,18477.53
12.02.2019 22:00:00 +01:00,15700.47,16912.57
12.02.2019 23:00:00 +01:00,13631.05,16639.76
13.02.2019 00:00:00 +01:00,13103.40,15697.88
13.02.2019 01:00:00 +01:00,12546.16,15876.94
13.02.2019 02:00:00 +01:00,12297.26,14675.86
13.02.2019 03:00:00 +01:00,12214.93,13124.94
13.02.2019 04:00:00 +01:00,12224.55,15630.89
13.02.2019 05:00:00 +01:00,12828.44,15971.50
13.02.2019 06:00:00 +01:00,15556.38,17204.95
13.02.2019 07:00:00 +01:00,18699.80,18779.21
13.02.2019 08:00:00 +01:00,19215.05,18847.21
13.02.2019 09:00:00 +01:00,18277.26,18543.65
13.02.2019 10:00:00 +01:00,17546.51,18184.37
13.02.2019 11:00:00 +01:00,16786.56,17887.54
13.02.2019 12:00:00 +01:00,15978.63,16574.11
13.02.2019 13:00:00 +01:00,15943.49,16692.00
13.02.2019 14:00:00 +01:00,16715.43,17262.92
13.02.2019 15:00:00 +01:00,17526.55,17625.36
13.02.2019 16:00:00 +01:00,19206.71,17932.79
13.02.2019 17:00:00 +01:00,21072.23,17614.45
13.02.2019 18:00:00 +01:00,21124.00,18309.10
13.02.2019 19:00:00 +01:00,20000.28,17954.65
13.02.2019 20:00:00 +01:00,18662.76,17939.02
13.02.2019 21:00:00 +01:00,17344.11,17657.14
13.02.2019 22:00:00 +01:00,16398.51,16709.36
13.02.2019 23:00:00 +01:00,14291.21,15493.82
14.02.2019 00:00:00 +01:00,13872.07,14238.14
14.02.2019 01:00:00 +01:00,13495.11,14222.70
14.02.2019 02:00:00 +01:00,13541.48,15130.72
14.02.2019 03:00:00 +01:00,13373.00,14625.51
14.02.2019 04:00:00 +01:00,13882.96,15506.41
14.02.2019 05:00:00 +01:00,15985.08,15957.35
14.02.2019 06:00:00 +01:00,18901.99,17132.91
14.02.2019 07:00:00 +01:00,20967.01,18593.21
14.02.2019 08:00:00 +01:00,21372.86,17839.25
14.02.2019 09:00:00 +01:00,21417.38,17932.19
14.02.2019 10:00:00 +01:00,21306.81,17436.43
14.02.2019 11:00:00 +01:00,19830.90,17824.84
14.02.2019 12:00:00 +01:00,17579.11,17905.86
14.02.2019 13:00:00 +01:00,17165.58,17735.45
14.02.2019 14:00:00 +01:00,18229.25,17704.75
14.02.2019 15:00:00 +01:00,19278.79,17789.17
14.02.2019 16:00:00 +01:00,20134.46,15620.10
14.02.2019 17:00:00 +01:00,20728.84,18304.81
14.02.2019 18:00:00 +01:00,20523.12,18283.07
14.02.2019 19:00:00 +01:00,19666.88,17803.23
14.02.2019 20:00:00 +01:00,18118.97,17545.86
14.02.2019 21:00:00 +01:00,17109.64,17214.27
14.02.2019 22:00:00 +01:00,16003.29,16883.39
14.02.2019 23:00:00 +01:00,14583.95,16166.96
15.02.2019 00:00:00 +01:00,14304.97,15581.07
15.02.2019 01:00:00 +01:00,13247.78,15209.64
15.02.2019 02:00:00 +01:00,12774.52,15021.79
15.02.2019 03:00:00 +01:00,12695.45,15023.51
15.02.2019 04:00:00 +01:00,13042.03,15157.50
15.02.2019 05:00:00 +01:00,15699.62,15555.75
15.02.2019 06:00:00 +01:00,17818.40,15333.44
15.02.2019 07:00:00 +01:00,19427.39,17545.96
15.02.2019 08:00:00 +01:00,20065.04,18512.00
15.02.2019 09:00:00 +01:00,20180.97,18410.49
15.02.2019 10:00:00 +01:00,19921.57,16976.65
15.02.2019 11:00:00 +01:00,18460.64,17854.51
15.02.2019 12:00:00 +01:00,16908.61,17649.26
15.02.2019 13:00:00 +01:00,16050.33,17150.52
15.02.2019 14:00:00 +01:00,16250.52,17339.55
15.02.2019 15:00:00 +01:00,17595.72,17266.94
15.02.2019 16:00:00 +01:00,18875.46,17087.70
15.02.2019 17:00:00 +01:00,19608.88,17387.02
15.02.2019 18:00:00 +01:00,19552.37,17840.51
15.02.2019 19:00:00 +01:00,18365.54,17721.65
15.02.2019 20:00:00 +01:00,16365.38,17363.40
15.02.2019 21:00:00 +01:00,14792.87,16889.18
15.02.2019 22:00:00 +01:00,14202.74,16149.54
15.02.2019 23:00:00 +01:00,12710.18,14927.51
16.02.2019 00:00:00 +01:00,12387.43,14826.62
16.02.2019 01:00:00 +01:00,11825.23,11045.81
16.02.2019 02:00:00 +01:00,11623.23,14473.47
16.02.2019 03:00:00 +01:00,11488.58,12171.83
16.02.2019 04:00:00 +01:00,11369.60,14886.05
16.02.2019 05:00:00 +01:00,11375.16,14780.12
16.02.2019 06:00:00 +01:00,11794.22,12512.55
16.02.2019 07:00:00 +01:00,12759.59,15703.80
16.02.2019 08:00:00 +01:00,13451.56,15187.41
16.02.2019 09:00:00 +01:00,13812.73,16627.25
16.02.2019 10:00:00 +01:00,14042.78,16702.62
16.02.2019 11:00:00 +01:00,13829.06,13211.37
16.02.2019 12:00:00 +01:00,13467.73,15621.14
16.02.2019 13:00:00 +01:00,13184.46,16770.23
16.02.2019 14:00:00 +01:00,13389.59,16836.60
16.02.2019 15:00:00 +01:00,13632.44,16565.41
16.02.2019 16:00:00 +01:00,14898.76,16978.13
16.02.2019 17:00:00 +01:00,16712.11,17413.11
16.02.2019 18:00:00 +01:00,17375.23,17687.12
16.02.2019 19:00:00 +01:00,16375.05,17533.57
16.02.2019 20:00:00 +01:00,15249.81,17125.60
16.02.2019 21:00:00 +01:00,14626.32,16775.64
16.02.2019 22:00:00 +01:00,13923.20,16412.80
16.02.2019 23:00:00 +01:00,13799.51,15683.65
17.02.2019 00:00:00 +01:00,12359.56,15637.20
17.02.2019 01:00:00 +01:00,12131.94,15146.50
17.02.2019 02:00:00 +01:00,11964.17,14971.12
17.02.2019 03:00:00 +01:00,11790.21,14704.79
17.02.2019 04:00:00 +01:00,11628.09,14719.37
17.02.2019 05:00:00 +01:00,11775.12,14797.99
17.02.2019 06:00:00 +01:00,12009.97,14199.38
17.02.2019 07:00:00 +01:00,12596.99,12626.38
17.02.2019 08:00:00 +01:00,13232.52,14790.05
17.02.2019 09:00:00 +01:00,14336.66,16435.52
17.02.2019 10:00:00 +01:00,15020.17,16719.03
17.02.2019 11:00:00 +01:00,15327.05,17050.58
17.02.2019 12:00:00 +01:00,15294.59,16982.53
17.02.2019 13:00:00 +01:00,15351.61,16911.61
17.02.2019 14:00:00 +01:00,15389.15,16891.33
17.02.2019 15:00:00 +01:00,15406.73,16947.94
17.02.2019 16:00:00 +01:00,16767.55,17124.64
17.02.2019 17:00:00 +01:00,19148.43,17392.01
17.02.2019 18:00:00 +01:00,20596.50,17547.62
17.02.2019 19:00:00 +01:00,20105.66,17417.69
17.02.2019 20:00:00 +01:00,18166.32,17283.89
17.02.2019 21:00:00 +01:00,15639.84,17006.56
17.02.2019 22:00:00 +01:00,14895.38,15971.87
17.02.2019 23:00:00 +01:00,13496.29,15495.94
18.02.2019 00:00:00 +01:00,12483.34,12654.12
18.02.2019 01:00:00 +01:00,11975.49,13305.95
18.02.2019 02:00:00 +01:00,11838.96,12451.24
18.02.2019 03:00:00 +01:00,11899.36,14725.01
18.02.2019 04:00:00 +01:00,12456.42,14313.41
18.02.2019 05:00:00 +01:00,15360.72,15464.34
18.02.2019 06:00:00 +01:00,18699.29,16594.53
18.02.2019 07:00:00 +01:00,20268.64,17254.50
18.02.2019 08:00:00 +01:00,20291.82,18218.13
18.02.2019 09:00:00 +01:00,20194.41,16656.51
18.02.2019 10:00:00 +01:00,20241.54,17790.91
18.02.2019 11:00:00 +01:00,18851.37,18044.02
18.02.2019 12:00:00 +01:00,17402.01,17881.94
18.02.2019 13:00:00 +01:00,17108.18,17675.87
18.02.2019 14:00:00 +01:00,18461.66,17489.16
18.02.2019 15:00:00 +01:00,19288.47,17800.85
18.02.2019 16:00:00 +01:00,19920.54,17927.69
18.02.2019 17:00:00 +01:00,20386.26,16262.37
18.02.2019 18:00:00 +01:00,20232.64,16283.47
18.02.2019 19:00:00 +01:00,18910.05,17886.61
18.02.2019 20:00:00 +01:00,17579.96,17697.16
18.02.2019 21:00:00 +01:00,16133.94,17294.75
18.02.2019 22:00:00 +01:00,14482.14,16355.98
18.02.2019 23:00:00 +01:00,13046.05,15960.99
19.02.2019 00:00:00 +01:00,12583.78,15449.78
19.02.2019 01:00:00 +01:00,12508.75,14416.81
19.02.2019 02:00:00 +01:00,12468.82,14757.17
19.02.2019 03:00:00 +01:00,12037.74,14515.84
19.02.2019 04:00:00 +01:00,11999.60,14092.07
19.02.2019 05:00:00 +01:00,12896.97,15544.52
19.02.2019 06:00:00 +01:00,16282.42,16669.71
19.02.2019 07:00:00 +01:00,18658.69,17880.00
19.02.2019 08:00:00 +01:00,18559.07,17734.76
19.02.2019 09:00:00 +01:00,17323.61,17701.31
19.02.2019 10:00:00 +01:00,16469.73,16268.63
19.02.2019 11:00:00 +01:00,16253.83,17341.74
19.02.2019 12:00:00 +01:00,16309.47,16689.55
19.02.2019 13:00:00 +01:00,16442.58,10312.63
19.02.2019 14:00:00 +01:00,16883.08,17354.86
19.02.2019 15:00:00 +01:00,16655.26,16718.78
19.02.2019 16:00:00 +01:00,17235.37,17700.36
19.02.2019 17:00:00 +01:00,18719.10,17913.43
19.02.2019 18:00:00 +01:00,18608.75,18088.02
19.02.2019 19:00:00 +01:00,17391.57,17974.25
19.02.2019 20:00:00 +01:00,16168.49,17881.37
19.02.2019 21:00:00 +01:00,14887.31,14884.88
19.02.2019 22:00:00 +01:00,14256.59,16722.00
19.02.2019 23:00:00 +01:00,13299.33,16376.52
20.02.2019 00:00:00 +01:00,12789.78,14731.26
20.02.2019 01:00:00 +01:00,12598.16,15239.30
20.02.2019 02:00:00 +01:00,12504.59,14900.06
20.02.2019 03:00:00 +01:00,12478.48,15456.95
20.02.2019 04:00:00 +01:00,12566.80,15618.77
20.02.2019 05:00:00 +01:00,13492.97,16102.38
20.02.2019 06:00:00 +01:00,16643.64,17438.66
20.02.2019 07:00:00 +01:00,19022.86,18771.92
20.02.2019 08:00:00 +01:00,20382.58,18740.07
20.02.2019 09:00:00 +01:00,20085.40,18024.43
20.02.2019 10:00:00 +01:00,19775.21,18320.98
20.02.2019 11:00:00 +01:00,18604.48,17656.94
20.02.2019 12:00:00 +01:00,17633.20,17787.52
20.02.2019 13:00:00 +01:00,17967.31,17875.01
20.02.2019 14:00:00 +01:00,18707.71,17367.58
20.02.2019 15:00:00 +01:00,19422.77,18029.89
20.02.2019 16:00:00 +01:00,20782.80,18247.25
20.02.2019 17:00:00 +01:00,22150.99,18500.78
20.02.2019 18:00:00 +01:00,22652.66,18320.84
20.02.2019 19:00:00 +01:00,21161.37,18200.13
20.02.2019 20:00:00 +01:00,19941.77,18270.50
20.02.2019 21:00:00 +01:00,18314.42,18035.26
20.02.2019 22:00:00 +01:00,16882.20,17528.76
20.02.2019 23:00:00 +01:00,15292.58,16878.57
21.02.2019 00:00:00 +01:00,14092.02,16256.07
21.02.2019 01:00:00 +01:00,13308.23,15137.37
21.02.2019 02:00:00 +01:00,13191.97,15218.97
21.02.2019 03:00:00 +01:00,13451.36,15719.35
21.02.2019 04:00:00 +01:00,14128.42,15839.59
21.02.2019 05:00:00 +01:00,15814.43,15631.66
21.02.2019 06:00:00 +01:00,18981.15,17250.15
21.02.2019 07:00:00 +01:00,21410.30,18522.48
21.02.2019 08:00:00 +01:00,22259.82,18936.81
21.02.2019 09:00:00 +01:00,21517.03,18991.57
21.02.2019 10:00:00 +01:00,20505.59,17715.46
21.02.2019 11:00:00 +01:00,20132.49,18804.91
21.02.2019 12:00:00 +01:00,19515.67,18377.24
21.02.2019 13:00:00 +01:00,19039.47,18442.03
21.02.2019 14:00:00 +01:00,19165.04,18406.24
21.02.2019 15:00:00 +01:00,19931.05,18453.65
21.02.2019 16:00:00 +01:00,21026.24,18504.63
21.02.2019 17:00:00 +01:00,22888.44,18695.20
21.02.2019 18:00:00 +01:00,22761.83,18843.44
21.02.2019 19:00:00 +01:00,22447.80,18027.17
21.02.2019 20:00:00 +01:00,21203.52,17066.98
21.02.2019 21:00:00 +01:00,19969.95,17292.18
21.02.2019 22:00:00 +01:00,18780.17,17358.09
21.02.2019 23:00:00 +01:00,16421.96,16719.54
22.02.2019 00:00:00 +01:00,14631.15,15647.13
22.02.2019 01:00:00 +01:00,13879.02,15895.13
22.02.2019 02:00:00 +01:00,13659.68,14951.43
22.02.2019 03:00:00 +01:00,13634.91,15737.58
22.02.2019 04:00:00 +01:00,14629.83,15853.74
22.02.2019 05:00:00 +01:00,17005.24,16229.64
22.02.2019 06:00:00 +01:00,20675.43,17419.53
22.02.2019 07:00:00 +01:00,21694.23,17742.69
22.02.2019 08:00:00 +01:00,22348.28,19071.66
22.02.2019 09:00:00 +01:00,22069.33,18519.32
22.02.2019 10:00:00 +01:00,21251.70,19122.06
22.02.2019 11:00:00 +01:00,20512.74,18910.88
22.02.2019 12:00:00 +01:00,19046.70,18660.64
22.02.2019 13:00:00 +01:00,18648.00,18505.42
22.02.2019 14:00:00 +01:00,19175.99,15369.56
22.02.2019 15:00:00 +01:00,18956.29,17542.35
22.02.2019 16:00:00 +01:00,19675.14,17124.18
22.02.2019 17:00:00 +01:00,20723.77,17814.87
22.02.2019 18:00:00 +01:00,20964.78,17881.77
22.02.2019 19:00:00 +01:00,19537.76,17674.74
22.02.2019 20:00:00 +01:00,17378.80,17314.16
22.02.2019 21:00:00 +01:00,15712.99,16754.09
22.02.2019 22:00:00 +01:00,15166.08,16299.77
22.02.2019 23:00:00 +01:00,14124.94,15778.04
23.02.2019 00:00:00 +01:00,13394.73,15357.95
23.02.2019 01:00:00 +01:00,12861.77,14744.17
23.02.2019 02:00:00 +01:00,12505.73,14511.25
23.02.2019 03:00:00 +01:00,12532.52,14733.57
23.02.2019 04:00:00 +01:00,12357.25,14790.83
23.02.2019 05:00:00 +01:00,12290.94,14368.50
23.02.2019 06:00:00 +01:00,12727.29,14621.98
23.02.2019 07:00:00 +01:00,13745.80,15063.17
23.02.2019 08:00:00 +01:00,15158.80,16054.01
23.02.2019 09:00:00 +01:00,15275.53,16607.17
23.02.2019 10:00:00 +01:00,14967.99,16953.91
23.02.2019 11:00:00 +01:00,14582.78,16895.76
23.02.2019 12:00:00 +01:00,14285.99,16203.23
23.02.2019 13:00:00 +01:00,13840.70,16228.98
23.02.2019 14:00:00 +01:00,13708.68,15811.33
23.02.2019 15:00:00 +01:00,13893.03,16411.90
23.02.2019 16:00:00 +01:00,15182.57,16569.37
23.02.2019 17:00:00 +01:00,16705.60,16873.27
23.02.2019 18:00:00 +01:00,17114.84,17109.79
23.02.2019 19:00:00 +01:00,16040.66,16948.33
23.02.2019 20:00:00 +01:00,14965.13,15777.75
23.02.2019 21:00:00 +01:00,14043.68,16124.94
23.02.2019 22:00:00 +01:00,13841.97,15794.48
23.02.2019 23:00:00 +01:00,13359.79,14905.72
24.02.2019 00:00:00 +01:00,12756.53,14605.77
24.02.2019 01:00:00 +01:00,12562.40,13572.73
24.02.2019 02:00:00 +01:00,12368.25,14722.04
24.02.2019 03:00:00 +01:00,12047.74,14596.28
24.02.2019 04:00:00 +01:00,12346.63,14586.27
24.02.2019 05:00:00 +01:00,12412.53,14701.25
24.02.2019 06:00:00 +01:00,12055.05,14154.03
24.02.2019 07:00:00 +01:00,12367.39,14847.73
24.02.2019 08:00:00 +01:00,13036.09,14910.15
24.02.2019 09:00:00 +01:00,13801.79,15954.08
24.02.2019 10:00:00 +01:00,14131.74,16241.34
24.02.2019 11:00:00 +01:00,14065.84,15940.15
24.02.2019 12:00:00 +01:00,14045.62,15414.88
24.02.2019 13:00:00 +01:00,13698.78,15567.73
24.02.2019 14:00:00 +01:00,13452.46,14672.18
24.02.2019 15:00:00 +01:00,13522.85,15700.29
24.02.2019 16:00:00 +01:00,14122.13,15834.37
24.02.2019 17:00:00 +01:00,15511.51,16155.14
24.02.2019 18:00:00 +01:00,16709.60,14198.62
24.02.2019 19:00:00 +01:00,16455.21,16817.18
24.02.2019 20:00:00 +01:00,16040.72,16721.26
24.02.2019 21:00:00 +01:00,15554.11,16495.17
24.02.2019 22:00:00 +01:00,15034.25,16072.61
24.02.2019 23:00:00 +01:00,14217.79,15524.39
25.02.2019 00:00:00 +01:00,13209.54,15024.08
25.02.2019 01:00:00 +01:00,12960.71,14845.22
25.02.2019 02:00:00 +01:00,12878.12,14712.52
25.02.2019 03:00:00 +01:00,12748.62,14704.06
25.02.2019 04:00:00 +01:00,12682.55,14928.68
25.02.2019 05:00:00 +01:00,14042.20,15372.90
25.02.2019 06:00:00 +01:00,17414.74,16684.88
25.02.2019 07:00:00 +01:00,19535.72,18034.47
25.02.2019 08:00:00 +01:00,20000.92,18346.71
25.02.2019 09:00:00 +01:00,20003.86,18318.29
25.02.2019 10:00:00 +01:00,19678.51,17733.97
25.02.2019 11:00:00 +01:00,17374.75,17745.70
25.02.2019 12:00:00 +01:00,15818.60,17698.46
25.02.2019 13:00:00 +01:00,15553.22,17759.03
25.02.2019 14:00:00 +01:00,16086.72,17478.97
25.02.2019 15:00:00 +01:00,17141.07,17753.65
25.02.2019 16:00:00 +01:00,18402.98,17803.99
25.02.2019 17:00:00 +01:00,19601.39,17164.32
25.02.2019 18:00:00 +01:00,19627.40,17624.73
25.02.2019 19:00:00 +01:00,18368.71,17876.44
25.02.2019 20:00:00 +01:00,17156.15,17590.95
25.02.2019 21:00:00 +01:00,16231.39,17183.25
25.02.2019 22:00:00 +01:00,14886.84,16493.17
25.02.2019 23:00:00 +01:00,13782.48,15197.25
26.02.2019 00:00:00 +01:00,12997.72,15139.95
26.02.2019 01:00:00 +01:00,12686.74,14385.30
26.02.2019 02:00:00 +01:00,12442.65,14558.77
26.02.2019 03:00:00 +01:00,12121.25,14850.56
26.02.2019 04:00:00 +01:00,12200.31,14918.34
26.02.2019 05:00:00 +01:00,13668.44,15338.88
26.02.2019 06:00:00 +01:00,17560.11,16367.98
26.02.2019 07:00:00 +01:00,19407.91,17841.11
26.02.2019 08:00:00 +01:00,20331.19,17978.27
26.02.2019 09:00:00 +01:00,20392.97,17189.07
26.02.2019 10:00:00 +01:00,20424.94,16630.34
26.02.2019 11:00:00 +01:00,18578.12,17185.98
26.02.2019 12:00:00 +01:00,17312.72,16964.37
26.02.2019 13:00:00 +01:00,17083.21,16701.95
26.02.2019 14:00:00 +01:00,17402.35,16730.37
26.02.2019 15:00:00 +01:00,18151.29,16718.31
26.02.2019 16:00:00 +01:00,19247.95,16796.04
26.02.2019 17:00:00 +01:00,19758.34,16772.97
26.02.2019 18:00:00 +01:00,19737.08,17037.23
26.02.2019 19:00:00 +01:00,18887.72,15906.38
26.02.2019 20:00:00 +01:00,17495.51,15786.61
26.02.2019 21:00:00 +01:00,16397.68,16428.95
26.02.2019 22:00:00 +01:00,14979.61,16382.93
26.02.2019 23:00:00 +01:00,14301.75,15712.77
27.02.2019 00:00:00 +01:00,13540.08,15218.40
27.02.2019 01:00:00 +01:00,12871.02,14945.86
27.02.2019 02:00:00 +01:00,12673.31,14860.23
27.02.2019 03:00:00 +01:00,12413.13,14382.03
27.02.2019 04:00:00 +01:00,12769.45,14694.02
27.02.2019 05:00:00 +01:00,14599.41,15484.35
27.02.2019 06:00:00 +01:00,17117.88,16783.40
27.02.2019 07:00:00 +01:00,18924.23,18033.67
27.02.2019 08:00:00 +01:00,19372.28,18300.18
27.02.2019 09:00:00 +01:00,18990.11,18136.15
27.02.2019 10:00:00 +01:00,17987.08,17815.12
27.02.2019 11:00:00 +01:00,16277.44,17225.78
27.02.2019 12:00:00 +01:00,15553.20,17432.44
27.02.2019 13:00:00 +01:00,15605.14,16511.05
27.02.2019 14:00:00 +01:00,15246.84,16519.82
27.02.2019 15:00:00 +01:00,15608.50,17130.40
27.02.2019 16:00:00 +01:00,17144.88,17581.70
27.02.2019 17:00:00 +01:00,18384.35,17630.28
27.02.2019 18:00:00 +01:00,18708.15,17854.78
27.02.2019 19:00:00 +01:00,17273.21,17583.01
27.02.2019 20:00:00 +01:00,16087.67,17734.53
27.02.2019 21:00:00 +01:00,15205.77,16906.66
27.02.2019 22:00:00 +01:00,13842.10,11825.48
27.02.2019 23:00:00 +01:00,12711.37,15101.83
28.02.2019 00:00:00 +01:00,12432.56,15426.55
28.02.2019 01:00:00 +01:00,11904.29,15143.72
28.02.2019 02:00:00 +01:00,11691.45,13803.65
28.02.2019 03:00:00 +01:00,11629.74,15095.41
28.02.2019 04:00:00 +01:00,11797.81,11071.93
28.02.2019 05:00:00 +01:00,12515.37,15647.67
28.02.2019 06:00:00 +01:00,15463.05,17176.21
28.02.2019 07:00:00 +01:00,18353.74,18518.21
28.02.2019 08:00:00 +01:00,19315.45,18782.63
28.02.2019 09:00:00 +01:00,17421.44,18423.49
28.02.2019 10:00:00 +01:00,16433.69,17976.29
28.02.2019 11:00:00 +01:00,15048.49,17499.27
28.02.2019 12:00:00 +01:00,14418.49,17031.96
28.02.2019 13:00:00 +01:00,14371.22,15397.55
28.02.2019 14:00:00 +01:00,15065.53,17006.36
28.02.2019 15:00:00 +01:00,15484.93,16949.88
28.02.2019 16:00:00 +01:00,16840.00,17078.00
28.02.2019 17:00:00 +01:00,20187.65,17327.64
28.02.2019 18:00:00 +01:00,21776.21,17775.59
28.02.2019 19:00:00 +01:00,21587.41,17875.52
28.02.2019 20:00:00 +01:00,20434.64,16941.32
28.02.2019 21:00:00 +01:00,18872.23,17630.44
28.02.2019 22:00:00 +01:00,17552.54,16809.72
28.02.2019 23:00:00 +01:00,15057.75,16193.05
01.03.2019 00:00:00 +01:00,13290.51,15879.68
01.03.2019 01:00:00 +01:00,12307.50,15579.46
01.03.2019 02:00:00 +01:00,11958.13,15444.33
01.03.2019 03:00:00 +01:00,12383.00,14979.41
01.03.2019 04:00:00 +01:00,13919.23,15661.57
01.03.2019 05:00:00 +01:00,16149.16,16100.06
01.03.2019 06:00:00 +01:00,20347.72,17077.29
01.03.2019 07:00:00 +01:00,22666.78,18703.76
01.03.2019 08:00:00 +01:00,23229.04,18789.92
01.03.2019 09:00:00 +01:00,23124.17,16914.04
01.03.2019 10:00:00 +01:00,22792.19,17358.03
01.03.2019 11:00:00 +01:00,22307.40,17126.53
01.03.2019 12:00:00 +01:00,21662.45,17388.20
01.03.2019 13:00:00 +01:00,21326.09,16291.15
01.03.2019 14:00:00 +01:00,20734.19,16145.37
01.03.2019 15:00:00 +01:00,20703.85,16534.60
01.03.2019 16:00:00 +01:00,21004.33,17182.53
01.03.2019 17:00:00 +01:00,21840.19,17439.87
01.03.2019 18:00:00 +01:00,22502.90,17072.58
01.03.2019 19:00:00 +01:00,22428.07,13537.70
01.03.2019 20:00:00 +01:00,20909.51,17803.65
01.03.2019 21:00:00 +01:00,19829.50,17089.10
01.03.2019 22:00:00 +01:00,19174.84,16733.23
01.03.2019 23:00:00 +01:00,17427.10,16334.81
02.03.2019 00:00:00 +01:00,16184.63,15991.26
02.03.2019 01:00:00 +01:00,14723.89,15766.86
02.03.2019 02:00:00 +01:00,13392.08,15363.31
02.03.2019 03:00:00 +01:00,12626.70,15660.89
02.03.2019 04:00:00 +01:00,12770.82,14179.56
02.03.2019 05:00:00 +01:00,12754.71,15099.10
02.03.2019 06:00:00 +01:00,13460.37,16270.72
02.03.2019 07:00:00 +01:00,14747.10,16609.72
02.03.2019 08:00:00 +01:00,16870.55,16861.31
02.03.2019 09:00:00 +01:00,17478.77,17686.99
02.03.2019 10:00:00 +01:00,17654.38,17919.63
02.03.2019 11:00:00 +01:00,16945.27,17738.87
02.03.2019 12:00:00 +01:00,15726.64,17433.53
02.03.2019 13:00:00 +01:00,14063.43,13354.51
02.03.2019 14:00:00 +01:00,13175.91,16367.65
02.03.2019 15:00:00 +01:00,13387.16,13811.23
02.03.2019 16:00:00 +01:00,14432.22,16320.15
02.03.2019 17:00:00 +01:00,16717.81,17470.51
02.03.2019 18:00:00 +01:00,17825.85,17150.42
02.03.2019 19:00:00 +01:00,16220.74,15806.71
02.03.2019 20:00:00 +01:00,13933.23,15201.50
02.03.2019 21:00:00 +01:00,12845.94,15129.46
02.03.2019 22:00:00 +01:00,12491.75,16435.48
02.03.2019 23:00:00 +01:00,12002.85,14703.42
03.03.2019 00:00:00 +01:00,11601.79,15668.25
03.03.2019 01:00:00 +01:00,11618.91,11293.83
03.03.2019 02:00:00 +01:00,11269.58,11685.80
03.03.2019 03:00:00 +01:00,11256.30,14177.41
03.03.2019 04:00:00 +01:00,11726.78,14968.02
03.03.2019 05:00:00 +01:00,11631.48,15094.27
03.03.2019 06:00:00 +01:00,11482.51,8029.38
03.03.2019 07:00:00 +01:00,12363.34,13096.88
03.03.2019 08:00:00 +01:00,13099.34,15618.45
03.03.2019 09:00:00 +01:00,13860.95,11362.10
03.03.2019 10:00:00 +01:00,14096.85,9581.53
03.03.2019 11:00:00 +01:00,14101.45,10419.25
03.03.2019 12:00:00 +01:00,14190.88,16232.23
03.03.2019 13:00:00 +01:00,13940.29,16350.07
03.03.2019 14:00:00 +01:00,13193.74,15122.67
03.03.2019 15:00:00 +01:00,12918.24,15720.71
03.03.2019 16:00:00 +01:00,12898.50,15896.08
03.03.2019 17:00:00 +01:00,13799.54,13784.14
03.03.2019 18:00:00 +01:00,15183.36,17234.08
03.03.2019 19:00:00 +01:00,15459.67,17296.74
03.03.2019 20:00:00 +01:00,14746.22,16879.30
03.03.2019 21:00:00 +01:00,13747.70,16650.35
03.03.2019 22:00:00 +01:00,13213.26,16491.90
03.03.2019 23:00:00 +01:00,12747.70,14627.50
04.03.2019 00:00:00 +01:00,12731.85,14337.62
04.03.2019 01:00:00 +01:00,12713.45,14127.99
04.03.2019 02:00:00 +01:00,12095.10,15015.92
04.03.2019 03:00:00 +01:00,12237.71,14511.27
04.03.2019 04:00:00 +01:00,12554.23,14222.88
04.03.2019 05:00:00 +01:00,14032.74,15002.98
04.03.2019 06:00:00 +01:00,16369.68,16905.82
04.03.2019 07:00:00 +01:00,18192.77,18519.02
04.03.2019 08:00:00 +01:00,19495.03,18881.94
04.03.2019 09:00:00 +01:00,20253.76,18126.30
04.03.2019 10:00:00 +01:00,20118.98,17273.41
04.03.2019 11:00:00 +01:00,19441.35,17802.13
04.03.2019 12:00:00 +01:00,17952.78,13458.98
04.03.2019 13:00:00 +01:00,17880.26,17992.23
04.03.2019 14:00:00 +01:00,18231.06,17825.93
04.03.2019 15:00:00 +01:00,18385.05,18242.48
04.03.2019 16:00:00 +01:00,17801.21,18301.28
04.03.2019 17:00:00 +01:00,18495.97,17054.10
04.03.2019 18:00:00 +01:00,19162.12,18447.22
04.03.2019 19:00:00 +01:00,18836.91,18425.04
04.03.2019 20:00:00 +01:00,17150.22,17944.66
04.03.2019 21:00:00 +01:00,15927.84,17345.54
04.03.2019 22:00:00 +01:00,14654.84,11550.83
04.03.2019 23:00:00 +01:00,13672.86,14958.68
05.03.2019 00:00:00 +01:00,12876.98,15321.20
05.03.2019 01:00:00 +01:00,12407.08,15567.67
05.03.2019 02:00:00 +01:00,12213.79,15454.99
05.03.2019 03:00:00 +01:00,12176.62,13921.45
05.03.2019 04:00:00 +01:00,12592.80,14625.97
05.03.2019 05:00:00 +01:00,13223.31,8260.48
05.03.2019 06:00:00 +01:00,15148.18,17972.83
05.03.2019 07:00:00 +01:00,18594.27,19062.40
05.03.2019 08:00:00 +01:00,19712.13,19675.48
05.03.2019 09:00:00 +01:00,19860.97,18541.39
05.03.2019 10:00:00 +01:00,20108.01,18329.93
05.03.2019 11:00:00 +01:00,19648.20,18137.10
05.03.2019 12:00:00 +01:00,18888.87,18381.13
05.03.2019 13:00:00 +01:00,18478.88,18308.50
05.03.2019 14:00:00 +01:00,18765.20,17655.89
05.03.2019 15:00:00 +01:00,19475.90,18347.10
05.03.2019 16:00:00 +01:00,21015.65,18527.43
05.03.2019 17:00:00 +01:00,22769.44,19263.28
05.03.2019 18:00:00 +01:00,23778.83,19461.57
05.03.2019 19:00:00 +01:00,23676.86,19481.75
05.03.2019 20:00:00 +01:00,23097.38,13164.39
05.03.2019 21:00:00 +01:00,21647.00,10707.55
05.03.2019 22:00:00 +01:00,18984.60,18263.49
05.03.2019 23:00:00 +01:00,16424.15,17599.39
06.03.2019 00:00:00 +01:00,15334.02,17059.50
06.03.2019 01:00:00 +01:00,14716.25,16724.87
06.03.2019 02:00:00 +01:00,14329.68,16605.42
06.03.2019 03:00:00 +01:00,14424.33,16601.27
06.03.2019 04:00:00 +01:00,15809.84,16671.39
06.03.2019 05:00:00 +01:00,17768.35,17097.80
06.03.2019 06:00:00 +01:00,19672.67,18496.42
06.03.2019 07:00:00 +01:00,21914.73,19451.68
06.03.2019 08:00:00 +01:00,22941.99,20051.72
06.03.2019 09:00:00 +01:00,23279.54,19503.00
06.03.2019 10:00:00 +01:00,22991.47,9516.22
06.03.2019 11:00:00 +01:00,22259.87,19347.98
06.03.2019 12:00:00 +01:00,20962.71,17881.76
06.03.2019 13:00:00 +01:00,20247.50,18716.21
06.03.2019 14:00:00 +01:00,20046.71,19001.45
06.03.2019 15:00:00 +01:00,19801.86,19071.21
06.03.2019 16:00:00 +01:00,19718.08,19195.41
06.03.2019 17:00:00 +01:00,20086.00,16620.10
06.03.2019 18:00:00 +01:00,20373.19,2882.88
06.03.2019 19:00:00 +01:00,19210.03,17970.59
06.03.2019 20:00:00 +01:00,17765.92,17774.55
06.03.2019 21:00:00 +01:00,15845.32,17706.18
06.03.2019 22:00:00 +01:00,14760.45,15018.27
06.03.2019 23:00:00 +01:00,13969.46,11475.45
07.03.2019 00:00:00 +01:00,13001.37,15285.00
07.03.2019 01:00:00 +01:00,12506.29,16031.63
07.03.2019 02:00:00 +01:00,12376.52,15591.63
07.03.2019 03:00:00 +01:00,12193.74,15832.25
07.03.2019 04:00:00 +01:00,12389.25,15379.16
07.03.2019 05:00:00 +01:00,14129.89,12505.59
07.03.2019 06:00:00 +01:00,17101.53,17916.25
07.03.2019 07:00:00 +01:00,20284.30,19112.73
07.03.2019 08:00:00 +01:00,21760.89,19367.33
07.03.2019 09:00:00 +01:00,21490.11,18657.90
07.03.2019 10:00:00 +01:00,20992.32,18100.60
07.03.2019 11:00:00 +01:00,20161.63,18554.62
07.03.2019 12:00:00 +01:00,19611.67,2808.72
07.03.2019 13:00:00 +01:00,18707.64,8393.42
07.03.2019 14:00:00 +01:00,17413.37,15522.44
07.03.2019 15:00:00 +01:00,16698.71,18412.39
07.03.2019 16:00:00 +01:00,16313.88,11308.47
07.03.2019 17:00:00 +01:00,17097.88,14154.58
07.03.2019 18:00:00 +01:00,17459.98,19043.34
07.03.2019 19:00:00 +01:00,16977.83,17675.99
07.03.2019 20:00:00 +01:00,14710.38,16748.20
07.03.2019 21:00:00 +01:00,13827.92,12461.78
07.03.2019 22:00:00 +01:00,13212.63,14744.40
07.03.2019 23:00:00 +01:00,12691.27,16446.29
08.03.2019 00:00:00 +01:00,12378.34,14424.53
08.03.2019 01:00:00 +01:00,12164.74,15202.18
08.03.2019 02:00:00 +01:00,12068.76,13509.43
08.03.2019 03:00:00 +01:00,12041.60,15724.46
08.03.2019 04:00:00 +01:00,12012.22,14222.01
08.03.2019 05:00:00 +01:00,12466.58,14140.63
08.03.2019 06:00:00 +01:00,13991.08,17974.98
08.03.2019 07:00:00 +01:00,15632.38,19285.96
08.03.2019 08:00:00 +01:00,16474.78,18705.98
08.03.2019 09:00:00 +01:00,16295.76,17900.31
08.03.2019 10:00:00 +01:00,15970.45,10295.55
08.03.2019 11:00:00 +01:00,15442.64,13674.03
08.03.2019 12:00:00 +01:00,14666.58,18507.92
08.03.2019 13:00:00 +01:00,14110.37,17372.61
08.03.2019 14:00:00 +01:00,13661.00,15637.20
08.03.2019 15:00:00 +01:00,13424.86,10502.36
08.03.2019 16:00:00 +01:00,13761.55,12574.35
08.03.2019 17:00:00 +01:00,14811.74,17155.87
08.03.2019 18:00:00 +01:00,16151.94,15503.17
08.03.2019 19:00:00 +01:00,16350.23,18402.36
08.03.2019 20:00:00 +01:00,15749.74,12602.88
08.03.2019 21:00:00 +01:00,14494.01,7769.62
08.03.2019 22:00:00 +01:00,13375.13,17197.91
08.03.2019 23:00:00 +01:00,13106.32,15888.46
09.03.2019 00:00:00 +01:00,12840.78,14857.94
09.03.2019 01:00:00 +01:00,12540.63,15904.85
09.03.2019 02:00:00 +01:00,12280.12,15772.70
09.03.2019 03:00:00 +01:00,12149.01,15770.73
09.03.2019 04:00:00 +01:00,12218.30,16013.57
09.03.2019 05:00:00 +01:00,12341.26,10499.42
09.03.2019 06:00:00 +01:00,12585.89,14074.34
09.03.2019 07:00:00 +01:00,12972.12,13308.76
09.03.2019 08:00:00 +01:00,13864.41,16169.79
09.03.2019 09:00:00 +01:00,14889.04,16017.32
09.03.2019 10:00:00 +01:00,15480.76,18381.52
09.03.2019 11:00:00 +01:00,14654.59,5796.63
09.03.2019 12:00:00 +01:00,14042.53,17460.33
09.03.2019 13:00:00 +01:00,14032.59,14057.74
09.03.2019 14:00:00 +01:00,14169.32,13638.05
09.03.2019 15:00:00 +01:00,14136.27,16927.84
09.03.2019 16:00:00 +01:00,14304.73,17934.89
09.03.2019 17:00:00 +01:00,14798.71,16635.03
09.03.2019 18:00:00 +01:00,15499.20,18599.22
09.03.2019 19:00:00 +01:00,15420.96,16140.87
09.03.2019 20:00:00 +01:00,14859.36,18270.96
09.03.2019 21:00:00 +01:00,15238.75,17914.52
09.03.2019 22:00:00 +01:00,14963.45,17569.90
09.03.2019 23:00:00 +01:00,14412.78,17144.33
10.03.2019 00:00:00 +01:00,13950.87,15428.09
10.03.2019 01:00:00 +01:00,14042.03,14688.06
10.03.2019 02:00:00 +01:00,14056.51,13759.26
10.03.2019 03:00:00 +01:00,13901.44,11300.52
10.03.2019 04:00:00 +01:00,13882.86,14167.66
10.03.2019 05:00:00 +01:00,13574.15,15691.26
10.03.2019 06:00:00 +01:00,13257.41,16782.51
10.03.2019 07:00:00 +01:00,13151.02,15546.84
10.03.2019 08:00:00 +01:00,13498.96,17671.23
10.03.2019 09:00:00 +01:00,14112.06,14493.08
10.03.2019 10:00:00 +01:00,13598.74,17193.12
10.03.2019 11:00:00 +01:00,13447.66,16333.87
10.03.2019 12:00:00 +01:00,13206.41,13259.38
10.03.2019 13:00:00 +01:00,12808.72,14854.17
10.03.2019 14:00:00 +01:00,12896.75,16780.19
10.03.2019 15:00:00 +01:00,12960.16,15122.41
10.03.2019 16:00:00 +01:00,12995.82,14610.23
10.03.2019 17:00:00 +01:00,13854.21,16816.72
10.03.2019 18:00:00 +01:00,15179.23,17423.95
10.03.2019 19:00:00 +01:00,15129.61,9292.00
10.03.2019 20:00:00 +01:00,13782.37,16680.53
10.03.2019 21:00:00 +01:00,13492.68,17686.36
10.03.2019 22:00:00 +01:00,13300.80,11810.24
10.03.2019 23:00:00 +01:00,12823.10,17136.43
11.03.2019 00:00:00 +01:00,12626.93,14034.82
11.03.2019 01:00:00 +01:00,12116.53,16178.29
11.03.2019 02:00:00 +01:00,12195.25,16750.77
11.03.2019 03:00:00 +01:00,12096.67,15680.64
11.03.2019 04:00:00 +01:00,12346.72,16996.32
11.03.2019 05:00:00 +01:00,14434.05,16639.73
11.03.2019 06:00:00 +01:00,17957.32,18438.27
11.03.2019 07:00:00 +01:00,21300.35,18984.98
11.03.2019 08:00:00 +01:00,22095.63,18577.91
11.03.2019 09:00:00 +01:00,21524.51,19097.31
11.03.2019 10:00:00 +01:00,20976.47,18989.90
11.03.2019 11:00:00 +01:00,19463.48,18295.44
11.03.2019 12:00:00 +01:00,18433.53,18134.23
11.03.2019 13:00:00 +01:00,17522.99,17875.61
11.03.2019 14:00:00 +01:00,16517.44,3959.91
11.03.2019 15:00:00 +01:00,16202.20,16446.29
11.03.2019 16:00:00 +01:00,16561.85,16725.04
11.03.2019 17:00:00 +01:00,18767.94,16725.04
11.03.2019 18:00:00 +01:00,21416.50,16725.04
11.03.2019 19:00:00 +01:00,21573.01,16725.04
11.03.2019 20:00:00 +01:00,20414.35,16725.04
11.03.2019 21:00:00 +01:00,19262.01,16725.04
11.03.2019 22:00:00 +01:00,18366.20,16725.04
11.03.2019 23:00:00 +01:00,15130.78,16725.04
12.03.2019 00:00:00 +01:00,13067.34,16725.04
12.03.2019 01:00:00 +01:00,12439.50,16725.04
12.03.2019 02:00:00 +01:00,12529.17,16725.04
12.03.2019 03:00:00 +01:00,12615.67,16725.04
12.03.2019 04:00:00 +01:00,13726.82,16725.04
12.03.2019 05:00:00 +01:00,16043.84,16725.04
12.03.2019 06:00:00 +01:00,19887.29,16725.04
12.03.2019 07:00:00 +01:00,23396.29,16725.04
12.03.2019 08:00:00 +01:00,23748.44,16725.04
12.03.2019 09:00:00 +01:00,22360.70,16725.04
12.03.2019 10:00:00 +01:00,21452.00,16725.04
12.03.2019 11:00:00 +01:00,19892.83,16725.04
12.03.2019 12:00:00 +01:00,19067.56,16725.04
12.03.2019 13:00:00 +01:00,18665.12,16725.04
12.03.2019 14:00:00 +01:00,16957.38,16725.04
12.03.2019 15:00:00 +01:00,14847.24,16725.04
12.03.2019 16:00:00 +01:00,14847.24,16725.04
12.03.2019 17:00:00 +01:00,14847.24,16725.04
12.03.2019 18:00:00 +01:00,14847.24,16725.04
12.03.2019 19:00:00 +01:00,14847.24,16725.04
12.03.2019 20:00:00 +01:00,14847.24,16725.04
12.03.2019 21:00:00 +01:00,14847.24,16725.04
12.03.2019 22:00:00 +01:00,14847.24,16725.04
12.03.2019 23:00:00 +01:00,14847.24,16725.04
13.03.2019 00:00:00 +01:00,14847.24,16725.04
13.03.2019 01:00:00 +01:00,14847.24,16725.04
13.03.2019 02:00:00 +01:00,14847.24,16725.04
13.03.2019 03:00:00 +01:00,14847.24,16725.04
13.03.2019 04:00:00 +01:00,14847.24,16725.04
13.03.2019 05:00:00 +01:00,14847.24,16725.04
13.03.2019 06:00:00 +01:00,14847.24,16725.04
13.03.2019 07:00:00 +01:00,14847.24,16725.04
13.03.2019 08:00:00 +01:00,14847.24,16725.04
13.03.2019 09:00:00 +01:00,14847.24,16725.04
13.03.2019 10:00:00 +01:00,14847.24,16725.04
13.03.2019 11:00:00 +01:00,14847.24,16725.04
13.03.2019 12:00:00 +01:00,14847.24,16725.04
13.03.2019 13:00:00 +01:00,14847.24,16725.04
13.03.2019 14:00:00 +01:00,14847.00,16196.20
13.03.2019 15:00:00 +01:00,15156.92,18312.66
13.03.2019 16:00:00 +01:00,15090.45,18324.74
13.03.2019 17:00:00 +01:00,15087.19,18324.74
13.03.2019 18:00:00 +01:00,15081.39,18324.74
13.03.2019 19:00:00 +01:00,15090.57,18324.74
13.03.2019 20:00:00 +01:00,15112.76,18324.74
13.03.2019 21:00:00 +01:00,15117.07,18324.74
13.03.2019 22:00:00 +01:00,15064.09,18324.74
13.03.2019 23:00:00 +01:00,15041.26,18324.74
14.03.2019 00:00:00 +01:00,14966.05,18324.74
14.03.2019 01:00:00 +01:00,15007.53,18324.74
14.03.2019 02:00:00 +01:00,15024.12,18324.74
14.03.2019 03:00:00 +01:00,14965.94,18324.74
14.03.2019 04:00:00 +01:00,14971.30,18324.74
14.03.2019 05:00:00 +01:00,14972.23,18324.74
14.03.2019 06:00:00 +01:00,14910.89,18324.74
14.03.2019 07:00:00 +01:00,14891.98,18324.74
14.03.2019 08:00:00 +01:00,14847.07,18324.74
14.03.2019 09:00:00 +01:00,15513.34,18172.77
14.03.2019 10:00:00 +01:00,19138.71,16414.80
14.03.2019 11:00:00 +01:00,18225.72,13328.98
14.03.2019 12:00:00 +01:00,17715.07,15368.18
14.03.2019 13:00:00 +01:00,17195.53,11757.56
14.03.2019 14:00:00 +01:00,17132.62,15319.89
14.03.2019 15:00:00 +01:00,17411.57,16869.07
14.03.2019 16:00:00 +01:00,17665.53,18149.63
14.03.2019 17:00:00 +01:00,18776.37,18436.63
14.03.2019 18:00:00 +01:00,19788.96,18604.83
14.03.2019 19:00:00 +01:00,19252.23,18471.44
14.03.2019 20:00:00 +01:00,17524.78,16724.18
14.03.2019 21:00:00 +01:00,15949.83,15815.04
14.03.2019 22:00:00 +01:00,14682.36,16186.27
14.03.2019 23:00:00 +01:00,12865.64,16644.92
15.03.2019 00:00:00 +01:00,12208.22,12240.88
15.03.2019 01:00:00 +01:00,12005.90,13588.14
15.03.2019 02:00:00 +01:00,11925.52,13703.61
15.03.2019 03:00:00 +01:00,12195.27,13481.79
15.03.2019 04:00:00 +01:00,12866.73,14076.72
15.03.2019 05:00:00 +01:00,14248.42,15074.57
15.03.2019 06:00:00 +01:00,16653.75,17434.29
15.03.2019 07:00:00 +01:00,19625.78,19023.46
15.03.2019 08:00:00 +01:00,20317.26,17783.36
15.03.2019 09:00:00 +01:00,19797.75,17703.98
15.03.2019 10:00:00 +01:00,19429.42,18416.08
15.03.2019 11:00:00 +01:00,18992.89,18734.26
15.03.2019 12:00:00 +01:00,18638.87,18556.71
15.03.2019 13:00:00 +01:00,18057.78,18418.24
15.03.2019 14:00:00 +01:00,17351.57,17136.96
15.03.2019 15:00:00 +01:00,16980.67,17052.86
15.03.2019 16:00:00 +01:00,17125.42,14226.71
15.03.2019 17:00:00 +01:00,17707.04,16032.44
15.03.2019 18:00:00 +01:00,18228.40,17406.34
15.03.2019 19:00:00 +01:00,17062.39,16286.00
15.03.2019 20:00:00 +01:00,15286.08,15320.11
15.03.2019 21:00:00 +01:00,14133.55,17522.02
15.03.2019 22:00:00 +01:00,12991.84,16987.54
15.03.2019 23:00:00 +01:00,12569.15,16455.30
16.03.2019 00:00:00 +01:00,12456.96,12831.20
16.03.2019 01:00:00 +01:00,12269.73,15268.52
16.03.2019 02:00:00 +01:00,12013.56,15104.18
16.03.2019 03:00:00 +01:00,11606.73,13730.41
16.03.2019 04:00:00 +01:00,11666.56,15037.19
16.03.2019 05:00:00 +01:00,11856.91,13070.69
16.03.2019 06:00:00 +01:00,12164.61,11728.30
16.03.2019 07:00:00 +01:00,12672.43,13913.86
16.03.2019 08:00:00 +01:00,13243.73,14989.53
16.03.2019 09:00:00 +01:00,13779.79,17423.78
16.03.2019 10:00:00 +01:00,13992.63,13143.64
16.03.2019 11:00:00 +01:00,13716.50,16933.65
16.03.2019 12:00:00 +01:00,13380.90,17035.76
16.03.2019 13:00:00 +01:00,13264.75,16030.54
16.03.2019 14:00:00 +01:00,13036.33,16418.70
16.03.2019 15:00:00 +01:00,13040.13,16120.32
16.03.2019 16:00:00 +01:00,13579.03,14056.44
16.03.2019 17:00:00 +01:00,14596.20,16861.72
16.03.2019 18:00:00 +01:00,15679.11,15210.01
16.03.2019 19:00:00 +01:00,14933.68,16819.55
16.03.2019 20:00:00 +01:00,13769.18,14478.74
16.03.2019 21:00:00 +01:00,12985.60,15263.26
16.03.2019 22:00:00 +01:00,12604.74,14074.55
16.03.2019 23:00:00 +01:00,11854.26,8954.78
17.03.2019 00:00:00 +01:00,11671.34,14106.95
17.03.2019 01:00:00 +01:00,11307.27,11297.02
17.03.2019 02:00:00 +01:00,11267.13,15685.64
17.03.2019 03:00:00 +01:00,11239.37,14354.72
17.03.2019 04:00:00 +01:00,11448.98,14632.88
17.03.2019 05:00:00 +01:00,11451.70,12354.23
17.03.2019 06:00:00 +01:00,11569.38,15413.07
17.03.2019 07:00:00 +01:00,11763.98,15508.47
17.03.2019 08:00:00 +01:00,12481.06,13101.78
17.03.2019 09:00:00 +01:00,12988.75,13188.33
17.03.2019 10:00:00 +01:00,13068.73,17057.35
17.03.2019 11:00:00 +01:00,12869.13,15684.32
17.03.2019 12:00:00 +01:00,12652.93,11358.51
17.03.2019 13:00:00 +01:00,12699.77,16436.58
17.03.2019 14:00:00 +01:00,12576.42,16643.86
17.03.2019 15:00:00 +01:00,12459.15,16048.33
17.03.2019 16:00:00 +01:00,12688.93,15244.04
17.03.2019 17:00:00 +01:00,13383.12,15930.59
17.03.2019 18:00:00 +01:00,13913.57,17383.29
17.03.2019 19:00:00 +01:00,14712.24,17633.86
17.03.2019 20:00:00 +01:00,14422.73,17527.85
17.03.2019 21:00:00 +01:00,13854.63,17313.10
17.03.2019 22:00:00 +01:00,13166.75,16879.70
17.03.2019 23:00:00 +01:00,12647.96,11134.76
18.03.2019 00:00:00 +01:00,11941.71,14098.75
18.03.2019 01:00:00 +01:00,11623.32,15424.07
18.03.2019 02:00:00 +01:00,11693.45,15057.20
18.03.2019 03:00:00 +01:00,11665.72,15604.20
18.03.2019 04:00:00 +01:00,11885.96,11816.67
18.03.2019 05:00:00 +01:00,13378.28,16038.99
18.03.2019 06:00:00 +01:00,16225.40,16722.71
18.03.2019 07:00:00 +01:00,20334.49,17929.47
18.03.2019 08:00:00 +01:00,19245.86,16484.45
18.03.2019 09:00:00 +01:00,17401.28,18702.33
18.03.2019 10:00:00 +01:00,16975.58,17303.90
18.03.2019 11:00:00 +01:00,16092.25,16733.05
18.03.2019 12:00:00 +01:00,16077.79,17405.91
18.03.2019 13:00:00 +01:00,15962.27,16535.98
18.03.2019 14:00:00 +01:00,15578.12,16127.86
18.03.2019 15:00:00 +01:00,15736.04,15608.46
18.03.2019 16:00:00 +01:00,15891.72,11921.17
18.03.2019 17:00:00 +01:00,17745.06,16511.40
18.03.2019 18:00:00 +01:00,19908.36,17677.58
18.03.2019 19:00:00 +01:00,20272.03,18123.50
18.03.2019 20:00:00 +01:00,18901.88,18032.86
18.03.2019 21:00:00 +01:00,16780.44,17852.23
18.03.2019 22:00:00 +01:00,14636.18,16126.24
18.03.2019 23:00:00 +01:00,13286.13,15244.72
19.03.2019 00:00:00 +01:00,12367.00,14791.71
19.03.2019 01:00:00 +01:00,12038.40,14293.55
19.03.2019 02:00:00 +01:00,12043.61,15818.19
19.03.2019 03:00:00 +01:00,12174.57,14535.44
19.03.2019 04:00:00 +01:00,12842.66,15023.32
19.03.2019 05:00:00 +01:00,14844.21,16358.40
19.03.2019 06:00:00 +01:00,19458.87,17913.68
19.03.2019 07:00:00 +01:00,21253.01,17942.43
19.03.2019 08:00:00 +01:00,21283.21,16942.26
19.03.2019 09:00:00 +01:00,20865.93,18579.46
19.03.2019 10:00:00 +01:00,20130.98,18042.85
19.03.2019 11:00:00 +01:00,19174.92,16067.60
19.03.2019 12:00:00 +01:00,18648.96,16986.93
19.03.2019 13:00:00 +01:00,18337.27,16240.84
19.03.2019 14:00:00 +01:00,17541.35,16454.41
19.03.2019 15:00:00 +01:00,17797.03,16943.43
19.03.2019 16:00:00 +01:00,19560.68,16287.30
19.03.2019 17:00:00 +01:00,21705.09,16983.79
19.03.2019 18:00:00 +01:00,22566.53,17503.58
19.03.2019 19:00:00 +01:00,22753.74,16892.39
19.03.2019 20:00:00 +01:00,22034.13,16856.14
19.03.2019 21:00:00 +01:00,20231.41,17391.73
19.03.2019 22:00:00 +01:00,17831.08,16247.93
19.03.2019 23:00:00 +01:00,14499.46,16085.41
20.03.2019 00:00:00 +01:00,12815.03,15357.56
20.03.2019 01:00:00 +01:00,11591.04,13678.24
20.03.2019 02:00:00 +01:00,10967.42,13552.25
20.03.2019 03:00:00 +01:00,10946.61,9483.54
20.03.2019 04:00:00 +01:00,11701.01,13819.62
20.03.2019 05:00:00 +01:00,13206.35,14390.22
20.03.2019 06:00:00 +01:00,16502.71,15192.35
20.03.2019 07:00:00 +01:00,19323.89,17741.57
20.03.2019 08:00:00 +01:00,19414.71,17815.04
20.03.2019 09:00:00 +01:00,17597.58,17322.25
20.03.2019 10:00:00 +01:00,16634.45,12881.09
20.03.2019 11:00:00 +01:00,15986.37,13975.18
20.03.2019 12:00:00 +01:00,15133.12,16326.63
20.03.2019 13:00:00 +01:00,14733.16,15722.55
20.03.2019 14:00:00 +01:00,14517.61,16147.14
20.03.2019 15:00:00 +01:00,14908.00,16356.12
20.03.2019 16:00:00 +01:00,16509.57,16404.48
20.03.2019 17:00:00 +01:00,19089.91,15231.73
20.03.2019 18:00:00 +01:00,20925.50,15959.67
20.03.2019 19:00:00 +01:00,20434.04,13847.31
20.03.2019 20:00:00 +01:00,18935.80,10966.44
20.03.2019 21:00:00 +01:00,17367.18,16064.93
20.03.2019 22:00:00 +01:00,15156.38,16096.91
20.03.2019 23:00:00 +01:00,12922.65,14910.24
21.03.2019 00:00:00 +01:00,11121.00,13377.88
21.03.2019 01:00:00 +01:00,10552.42,14016.15
21.03.2019 02:00:00 +01:00,10579.50,12953.68
21.03.2019 03:00:00 +01:00,10481.24,12934.87
21.03.2019 04:00:00 +01:00,10672.00,14217.03
21.03.2019 05:00:00 +01:00,12129.40,13819.40
21.03.2019 06:00:00 +01:00,15391.82,15905.55
21.03.2019 07:00:00 +01:00,18247.73,17090.60
21.03.2019 08:00:00 +01:00,18388.40,17315.29
21.03.2019 09:00:00 +01:00,15998.91,17091.16
21.03.2019 10:00:00 +01:00,14007.60,15240.94
21.03.2019 11:00:00 +01:00,13207.15,14667.00
21.03.2019 12:00:00 +01:00,12745.73,14363.53
21.03.2019 13:00:00 +01:00,12415.51,16078.37
21.03.2019 14:00:00 +01:00,12514.47,16044.45
21.03.2019 15:00:00 +01:00,12680.67,11705.52
21.03.2019 16:00:00 +01:00,13398.56,7215.71
21.03.2019 17:00:00 +01:00,16125.52,15986.86
21.03.2019 18:00:00 +01:00,17512.13,15930.34
21.03.2019 19:00:00 +01:00,17610.29,16102.66
21.03.2019 20:00:00 +01:00,16601.89,15586.42
21.03.2019 21:00:00 +01:00,15922.26,15358.73
21.03.2019 22:00:00 +01:00,14968.21,15463.08
21.03.2019 23:00:00 +01:00,13493.58,15456.70
22.03.2019 00:00:00 +01:00,11958.45,14338.01
22.03.2019 01:00:00 +01:00,11407.50,14973.85
22.03.2019 02:00:00 +01:00,11416.47,14858.37
22.03.2019 03:00:00 +01:00,11674.72,14422.06
22.03.2019 04:00:00 +01:00,12733.88,15155.97
22.03.2019 05:00:00 +01:00,15448.19,15544.00
22.03.2019 06:00:00 +01:00,19596.80,14977.29
22.03.2019 07:00:00 +01:00,22008.23,17034.58
22.03.2019 08:00:00 +01:00,21989.42,13022.06
22.03.2019 09:00:00 +01:00,21247.58,16723.26
22.03.2019 10:00:00 +01:00,19428.81,16483.87
22.03.2019 11:00:00 +01:00,17398.77,17088.42
22.03.2019 12:00:00 +01:00,15964.11,16145.65
22.03.2019 13:00:00 +01:00,15042.92,14870.93
22.03.2019 14:00:00 +01:00,14620.13,16322.56
22.03.2019 15:00:00 +01:00,14586.51,16625.11
22.03.2019 16:00:00 +01:00,15275.52,17185.98
22.03.2019 17:00:00 +01:00,17390.68,17182.68
22.03.2019 18:00:00 +01:00,18380.06,14968.05
22.03.2019 19:00:00 +01:00,16769.12,16723.21
22.03.2019 20:00:00 +01:00,15362.96,16890.95
22.03.2019 21:00:00 +01:00,14040.77,16339.02
22.03.2019 22:00:00 +01:00,13121.97,15800.30
22.03.2019 23:00:00 +01:00,11842.77,13892.99
23.03.2019 00:00:00 +01:00,11098.62,14254.46
23.03.2019 01:00:00 +01:00,10837.34,13752.27
23.03.2019 02:00:00 +01:00,10677.62,13818.49
23.03.2019 03:00:00 +01:00,10723.47,14200.90
23.03.2019 04:00:00 +01:00,10733.35,13904.86
23.03.2019 05:00:00 +01:00,10862.92,12995.97
23.03.2019 06:00:00 +01:00,11144.20,13915.69
23.03.2019 07:00:00 +01:00,12345.45,14820.79
23.03.2019 08:00:00 +01:00,13039.19,15562.47
23.03.2019 09:00:00 +01:00,13189.39,15989.70
23.03.2019 10:00:00 +01:00,12906.02,15609.94
23.03.2019 11:00:00 +01:00,12585.64,14963.95
23.03.2019 12:00:00 +01:00,12241.49,15115.56
23.03.2019 13:00:00 +01:00,12170.87,15791.37
23.03.2019 14:00:00 +01:00,12079.82,14673.33
23.03.2019 15:00:00 +01:00,11776.19,14801.49
23.03.2019 16:00:00 +01:00,12044.33,14656.23
23.03.2019 17:00:00 +01:00,12591.33,14379.41
23.03.2019 18:00:00 +01:00,14120.07,16028.88
23.03.2019 19:00:00 +01:00,15015.94,16662.24
23.03.2019 20:00:00 +01:00,14448.80,16426.97
23.03.2019 21:00:00 +01:00,13246.51,16084.26
23.03.2019 22:00:00 +01:00,12880.25,14675.29
23.03.2019 23:00:00 +01:00,12356.51,15308.41
24.03.2019 00:00:00 +01:00,11728.09,15043.23
24.03.2019 01:00:00 +01:00,10846.42,12851.88
24.03.2019 02:00:00 +01:00,10439.33,13919.31
24.03.2019 03:00:00 +01:00,10511.15,13674.63
24.03.2019 04:00:00 +01:00,10488.39,13222.94
24.03.2019 05:00:00 +01:00,10595.07,14351.81
24.03.2019 06:00:00 +01:00,10588.67,14463.73
24.03.2019 07:00:00 +01:00,10989.22,14403.76
24.03.2019 08:00:00 +01:00,11397.84,15545.13
24.03.2019 09:00:00 +01:00,11531.25,15910.73
24.03.2019 10:00:00 +01:00,11544.18,15819.34
24.03.2019 11:00:00 +01:00,11443.79,15918.24
24.03.2019 12:00:00 +01:00,11362.50,14047.54
24.03.2019 13:00:00 +01:00,11234.73,15670.74
24.03.2019 14:00:00 +01:00,11444.55,15157.55
24.03.2019 15:00:00 +01:00,11829.31,15206.29
24.03.2019 16:00:00 +01:00,12150.20,15811.52
24.03.2019 17:00:00 +01:00,12120.92,15777.45
24.03.2019 18:00:00 +01:00,13654.07,14117.97
24.03.2019 19:00:00 +01:00,15100.15,16330.61
24.03.2019 20:00:00 +01:00,13633.74,16356.37
24.03.2019 21:00:00 +01:00,12665.21,16452.09
24.03.2019 22:00:00 +01:00,12504.69,15498.43
24.03.2019 23:00:00 +01:00,11925.63,15837.24
25.03.2019 00:00:00 +01:00,11204.56,14937.99
25.03.2019 01:00:00 +01:00,10831.73,13910.36
25.03.2019 02:00:00 +01:00,10996.62,14901.75
25.03.2019 03:00:00 +01:00,11106.17,14686.26
25.03.2019 04:00:00 +01:00,11170.20,14021.50
25.03.2019 05:00:00 +01:00,12424.02,11584.04
25.03.2019 06:00:00 +01:00,14871.04,15258.93
25.03.2019 07:00:00 +01:00,17746.68,17895.17
25.03.2019 08:00:00 +01:00,18258.16,18372.18
25.03.2019 09:00:00 +01:00,17472.00,18077.85
25.03.2019 10:00:00 +01:00,16422.17,17351.61
25.03.2019 11:00:00 +01:00,15831.54,17293.58
25.03.2019 12:00:00 +01:00,15219.00,17067.83
25.03.2019 13:00:00 +01:00,14761.63,16824.49
25.03.2019 14:00:00 +01:00,14460.51,16678.06
25.03.2019 15:00:00 +01:00,14473.52,16576.95
25.03.2019 16:00:00 +01:00,15046.54,16686.24
25.03.2019 17:00:00 +01:00,16561.77,16786.25
25.03.2019 18:00:00 +01:00,18539.84,16953.85
25.03.2019 19:00:00 +01:00,19343.95,17461.71
25.03.2019 20:00:00 +01:00,18177.07,17476.73
25.03.2019 21:00:00 +01:00,15972.12,17150.77
25.03.2019 22:00:00 +01:00,15136.51,16645.17
25.03.2019 23:00:00 +01:00,13264.17,16021.57
26.03.2019 00:00:00 +01:00,12611.33,15384.44
26.03.2019 01:00:00 +01:00,12311.49,15081.86
26.03.2019 02:00:00 +01:00,12111.58,14946.95
26.03.2019 03:00:00 +01:00,11996.06,15064.21
26.03.2019 04:00:00 +01:00,12131.69,15261.99
26.03.2019 05:00:00 +01:00,12806.72,15692.84
26.03.2019 06:00:00 +01:00,14971.35,16877.99
26.03.2019 07:00:00 +01:00,18037.86,18164.24
26.03.2019 08:00:00 +01:00,18067.11,18340.52
26.03.2019 09:00:00 +01:00,16801.57,17981.59
26.03.2019 10:00:00 +01:00,16906.01,17273.31
26.03.2019 11:00:00 +01:00,16377.53,16886.44
26.03.2019 12:00:00 +01:00,15908.76,16475.17
26.03.2019 13:00:00 +01:00,15698.46,17195.30
26.03.2019 14:00:00 +01:00,15718.07,17091.01
26.03.2019 15:00:00 +01:00,15863.46,17111.51
26.03.2019 16:00:00 +01:00,16311.69,10873.30
26.03.2019 17:00:00 +01:00,17833.55,17215.53
26.03.2019 18:00:00 +01:00,19170.07,17224.33
26.03.2019 19:00:00 +01:00,19833.54,17485.53
26.03.2019 20:00:00 +01:00,19363.91,17368.80
26.03.2019 21:00:00 +01:00,18644.25,16980.71
26.03.2019 22:00:00 +01:00,16425.07,16420.41
26.03.2019 23:00:00 +01:00,13601.23,15670.01
27.03.2019 00:00:00 +01:00,12125.06,15130.56
27.03.2019 01:00:00 +01:00,11574.45,14821.29
27.03.2019 02:00:00 +01:00,11295.70,14761.69
27.03.2019 03:00:00 +01:00,11597.94,14798.65
27.03.2019 04:00:00 +01:00,11899.39,14976.00
27.03.2019 05:00:00 +01:00,13213.18,15381.08
27.03.2019 06:00:00 +01:00,16288.89,16462.29
27.03.2019 07:00:00 +01:00,18980.02,17434.84
27.03.2019 08:00:00 +01:00,19350.28,17706.69
27.03.2019 09:00:00 +01:00,19011.90,17377.97
27.03.2019 10:00:00 +01:00,18124.14,16100.91
27.03.2019 11:00:00 +01:00,16407.82,16416.81
27.03.2019 12:00:00 +01:00,15402.76,16116.27
27.03.2019 13:00:00 +01:00,14878.32,16014.87
27.03.2019 14:00:00 +01:00,14540.56,15949.21
27.03.2019 15:00:00 +01:00,14643.08,15918.74
27.03.2019 16:00:00 +01:00,15359.27,15957.91
27.03.2019 17:00:00 +01:00,17439.07,16054.07
27.03.2019 18:00:00 +01:00,18770.16,15915.54
27.03.2019 19:00:00 +01:00,19243.35,16615.42
27.03.2019 20:00:00 +01:00,18078.20,16376.85
27.03.2019 21:00:00 +01:00,16220.81,16125.89
27.03.2019 22:00:00 +01:00,15062.79,15670.12
27.03.2019 23:00:00 +01:00,12687.62,14955.48
28.03.2019 00:00:00 +01:00,12233.89,14491.63
28.03.2019 01:00:00 +01:00,11788.43,14246.32
28.03.2019 02:00:00 +01:00,11534.92,14118.93
28.03.2019 03:00:00 +01:00,11435.84,14088.32
28.03.2019 04:00:00 +01:00,11514.92,14192.27
28.03.2019 05:00:00 +01:00,13187.85,14650.45
28.03.2019 06:00:00 +01:00,15807.15,15736.95
28.03.2019 07:00:00 +01:00,18224.67,16921.35
28.03.2019 08:00:00 +01:00,18487.97,17035.97
28.03.2019 09:00:00 +01:00,18059.37,16893.82
28.03.2019 10:00:00 +01:00,17685.91,16144.15
28.03.2019 11:00:00 +01:00,17165.87,16081.24
28.03.2019 12:00:00 +01:00,16552.31,16024.14
28.03.2019 13:00:00 +01:00,15953.20,15879.34
28.03.2019 14:00:00 +01:00,15817.08,15897.35
28.03.2019 15:00:00 +01:00,15179.30,15741.09
28.03.2019 16:00:00 +01:00,15496.51,15770.38
28.03.2019 17:00:00 +01:00,15702.43,15787.67
28.03.2019 18:00:00 +01:00,15776.71,15896.42
28.03.2019 19:00:00 +01:00,15939.77,16171.93
28.03.2019 20:00:00 +01:00,15884.92,16171.87
28.03.2019 21:00:00 +01:00,15636.65,15906.26
28.03.2019 22:00:00 +01:00,14367.45,15151.07
28.03.2019 23:00:00 +01:00,13076.32,14755.02
29.03.2019 00:00:00 +01:00,11879.17,14249.61
29.03.2019 01:00:00 +01:00,10585.59,13936.85
29.03.2019 02:00:00 +01:00,10163.60,13828.89
29.03.2019 03:00:00 +01:00,10381.58,13834.22
29.03.2019 04:00:00 +01:00,10914.45,13950.03
29.03.2019 05:00:00 +01:00,12191.49,14323.42
29.03.2019 06:00:00 +01:00,14522.44,15337.57
29.03.2019 07:00:00 +01:00,16043.54,16595.57
29.03.2019 08:00:00 +01:00,15969.69,16894.15
29.03.2019 09:00:00 +01:00,15326.82,16795.25
29.03.2019 10:00:00 +01:00,14010.83,16597.74
29.03.2019 11:00:00 +01:00,13149.63,16298.89
29.03.2019 12:00:00 +01:00,13053.26,15559.26
29.03.2019 13:00:00 +01:00,12886.31,15869.01
29.03.2019 14:00:00 +01:00,12778.92,15670.72
29.03.2019 15:00:00 +01:00,12945.68,15588.70
29.03.2019 16:00:00 +01:00,13482.45,15472.85
29.03.2019 17:00:00 +01:00,14173.91,15417.33
29.03.2019 18:00:00 +01:00,14478.79,15550.17
29.03.2019 19:00:00 +01:00,14283.27,15810.11
29.03.2019 20:00:00 +01:00,13737.66,15658.23
29.03.2019 21:00:00 +01:00,13580.18,15194.19
29.03.2019 22:00:00 +01:00,13214.77,14856.30
29.03.2019 23:00:00 +01:00,12200.89,14485.24
30.03.2019 00:00:00 +01:00,11691.90,14093.66
30.03.2019 01:00:00 +01:00,11200.89,13886.44
30.03.2019 02:00:00 +01:00,10950.95,13753.36
30.03.2019 03:00:00 +01:00,10983.05,13724.48
30.03.2019 04:00:00 +01:00,11023.21,13788.12
30.03.2019 05:00:00 +01:00,10998.34,13912.25
30.03.2019 06:00:00 +01:00,11164.69,13833.57
30.03.2019 07:00:00 +01:00,11572.54,14445.99
30.03.2019 08:00:00 +01:00,11948.58,14919.49
30.03.2019 09:00:00 +01:00,11968.00,15378.68
30.03.2019 10:00:00 +01:00,11945.85,15610.67
30.03.2019 11:00:00 +01:00,11822.90,15550.26
30.03.2019 12:00:00 +01:00,11897.90,15475.78
30.03.2019 13:00:00 +01:00,11947.74,15402.72
30.03.2019 14:00:00 +01:00,11860.74,15380.77
30.03.2019 15:00:00 +01:00,12010.69,15405.14
30.03.2019 16:00:00 +01:00,12406.06,15397.09
30.03.2019 17:00:00 +01:00,13548.68,15545.37
30.03.2019 18:00:00 +01:00,14666.96,15849.86
30.03.2019 19:00:00 +01:00,14804.65,16129.26
30.03.2019 20:00:00 +01:00,14520.27,16029.46
30.03.2019 21:00:00 +01:00,14252.32,15700.02
30.03.2019 22:00:00 +01:00,13682.05,15394.62
30.03.2019 23:00:00 +01:00,12645.58,15156.65
31.03.2019 00:00:00 +01:00,12662.21,14831.43
31.03.2019 01:00:00 +01:00,12036.84,14661.72
31.03.2019 03:00:00 +02:00,12397.94,14567.22
31.03.2019 04:00:00 +02:00,12004.13,14571.34
31.03.2019 05:00:00 +02:00,11781.60,14662.33
31.03.2019 06:00:00 +02:00,11459.70,14845.21
31.03.2019 07:00:00 +02:00,11209.64,14988.92
31.03.2019 08:00:00 +02:00,11310.19,15268.07
31.03.2019 09:00:00 +02:00,11560.01,15579.56
31.03.2019 10:00:00 +02:00,11556.13,15794.41
31.03.2019 11:00:00 +02:00,11515.01,15765.49
31.03.2019 12:00:00 +02:00,11809.16,15630.02
31.03.2019 13:00:00 +02:00,11301.47,15471.59
31.03.2019 14:00:00 +02:00,11197.55,15476.88
31.03.2019 15:00:00 +02:00,11413.40,15474.91
31.03.2019 16:00:00 +02:00,11372.94,15404.49
31.03.2019 17:00:00 +02:00,11592.78,15447.72
31.03.2019 18:00:00 +02:00,11824.78,15520.15
31.03.2019 19:00:00 +02:00,14162.61,15790.03
31.03.2019 20:00:00 +02:00,15542.09,16251.46
31.03.2019 21:00:00 +02:00,14488.94,14170.57
31.03.2019 22:00:00 +02:00,14073.50,16083.65
31.03.2019 23:00:00 +02:00,12832.23,15653.79
01.04.2019 00:00:00 +02:00,11421.52,15003.05
01.04.2019 01:00:00 +02:00,11344.09,14984.46
01.04.2019 02:00:00 +02:00,11528.86,14973.52
01.04.2019 03:00:00 +02:00,11537.75,14982.15
01.04.2019 04:00:00 +02:00,11618.78,14852.39
01.04.2019 05:00:00 +02:00,13832.97,15422.00
01.04.2019 06:00:00 +02:00,18901.84,16706.92
01.04.2019 07:00:00 +02:00,21717.83,18287.95
01.04.2019 08:00:00 +02:00,21965.79,18621.44
01.04.2019 09:00:00 +02:00,20972.69,18279.33
01.04.2019 10:00:00 +02:00,18919.81,17745.72
01.04.2019 11:00:00 +02:00,16835.04,17398.39
01.04.2019 12:00:00 +02:00,14986.86,16854.81
01.04.2019 13:00:00 +02:00,14560.43,16424.43
01.04.2019 14:00:00 +02:00,13791.47,16615.31
01.04.2019 15:00:00 +02:00,13499.55,16505.38
01.04.2019 16:00:00 +02:00,13951.34,16453.92
01.04.2019 17:00:00 +02:00,14895.86,16354.95
01.04.2019 18:00:00 +02:00,17231.20,16354.13
01.04.2019 19:00:00 +02:00,18422.40,16593.60
01.04.2019 20:00:00 +02:00,18124.40,16966.20
01.04.2019 21:00:00 +02:00,15841.56,16947.37
01.04.2019 22:00:00 +02:00,13466.43,16458.63
01.04.2019 23:00:00 +02:00,12217.61,15741.27
02.04.2019 00:00:00 +02:00,11507.17,15165.40
02.04.2019 01:00:00 +02:00,11132.71,14888.29
02.04.2019 02:00:00 +02:00,10728.99,14161.54
02.04.2019 03:00:00 +02:00,10838.05,14567.80
02.04.2019 04:00:00 +02:00,11026.65,14719.08
02.04.2019 05:00:00 +02:00,11521.08,15145.98
02.04.2019 06:00:00 +02:00,15104.24,16326.53
02.04.2019 07:00:00 +02:00,18334.06,17525.11
02.04.2019 08:00:00 +02:00,18922.89,17789.04
02.04.2019 09:00:00 +02:00,17340.18,15850.57
02.04.2019 10:00:00 +02:00,15282.40,16507.86
02.04.2019 11:00:00 +02:00,14575.55,16553.41
02.04.2019 12:00:00 +02:00,14062.25,16786.31
02.04.2019 13:00:00 +02:00,13673.04,16248.80
02.04.2019 14:00:00 +02:00,12949.25,16415.55
02.04.2019 15:00:00 +02:00,12503.52,16005.89
02.04.2019 16:00:00 +02:00,12542.24,16210.77
02.04.2019 17:00:00 +02:00,12814.50,16091.55
02.04.2019 18:00:00 +02:00,14176.90,15954.73
02.04.2019 19:00:00 +02:00,15052.10,16016.22
02.04.2019 20:00:00 +02:00,14910.40,16361.75
02.04.2019 21:00:00 +02:00,14026.18,16369.22
02.04.2019 22:00:00 +02:00,12977.42,15631.49
02.04.2019 23:00:00 +02:00,12311.66,15252.48
03.04.2019 00:00:00 +02:00,11924.49,14651.91
03.04.2019 01:00:00 +02:00,11564.04,14379.58
03.04.2019 02:00:00 +02:00,11269.46,14233.14
03.04.2019 03:00:00 +02:00,11438.46,14184.08
03.04.2019 04:00:00 +02:00,11749.12,14370.74
03.04.2019 05:00:00 +02:00,13224.82,14823.12
03.04.2019 06:00:00 +02:00,17919.47,16021.24
03.04.2019 07:00:00 +02:00,20340.10,17241.39
03.04.2019 08:00:00 +02:00,21121.66,17561.11
03.04.2019 09:00:00 +02:00,20786.23,17361.62
03.04.2019 10:00:00 +02:00,20670.81,17112.70
03.04.2019 11:00:00 +02:00,20212.18,16783.93
03.04.2019 12:00:00 +02:00,19395.70,16615.31
03.04.2019 13:00:00 +02:00,18758.14,16521.33
03.04.2019 14:00:00 +02:00,18030.53,16622.12
03.04.2019 15:00:00 +02:00,17541.40,16542.26
03.04.2019 16:00:00 +02:00,17847.27,16498.83
03.04.2019 17:00:00 +02:00,18545.57,16403.62
03.04.2019 18:00:00 +02:00,18556.07,16382.20
03.04.2019 19:00:00 +02:00,18608.26,16324.09
03.04.2019 20:00:00 +02:00,18018.06,16551.10
03.04.2019 21:00:00 +02:00,16562.50,16394.31
03.04.2019 22:00:00 +02:00,14253.27,15002.77
03.04.2019 23:00:00 +02:00,12488.27,15227.12
04.04.2019 00:00:00 +02:00,11821.29,12887.32
04.04.2019 01:00:00 +02:00,11765.69,10475.53
04.04.2019 02:00:00 +02:00,11661.48,8456.12
04.04.2019 03:00:00 +02:00,11553.91,10812.32
04.04.2019 04:00:00 +02:00,11794.74,11376.20
04.04.2019 05:00:00 +02:00,13516.35,14163.82
04.04.2019 06:00:00 +02:00,17401.36,15821.81
04.04.2019 07:00:00 +02:00,19983.48,17082.46
04.04.2019 08:00:00 +02:00,20173.60,17260.27
04.04.2019 09:00:00 +02:00,19838.71,16850.56
04.04.2019 10:00:00 +02:00,19986.50,16146.98
04.04.2019 11:00:00 +02:00,19831.30,16021.03
04.04.2019 12:00:00 +02:00,19269.50,15725.14
04.04.2019 13:00:00 +02:00,18412.78,15474.40
04.04.2019 14:00:00 +02:00,16977.40,15438.90
04.04.2019 15:00:00 +02:00,16154.36,15265.10
04.04.2019 16:00:00 +02:00,16646.35,15230.08
04.04.2019 17:00:00 +02:00,17617.19,15082.53
04.04.2019 18:00:00 +02:00,18259.49,14957.66
04.04.2019 19:00:00 +02:00,18396.70,15163.68
04.04.2019 20:00:00 +02:00,17517.18,15511.52
04.04.2019 21:00:00 +02:00,16413.46,15513.69
04.04.2019 22:00:00 +02:00,14782.59,15108.20
04.04.2019 23:00:00 +02:00,13004.14,14495.27
05.04.2019 00:00:00 +02:00,11704.89,13898.55
05.04.2019 01:00:00 +02:00,11201.08,12698.99
05.04.2019 02:00:00 +02:00,11235.52,13482.99
05.04.2019 03:00:00 +02:00,11208.92,13281.16
05.04.2019 04:00:00 +02:00,12338.83,13644.77
05.04.2019 05:00:00 +02:00,14752.27,14021.12
05.04.2019 06:00:00 +02:00,17809.31,15115.84
05.04.2019 07:00:00 +02:00,20175.57,16433.25
05.04.2019 08:00:00 +02:00,20997.05,16735.31
05.04.2019 09:00:00 +02:00,20442.05,16477.59
05.04.2019 10:00:00 +02:00,19743.96,16127.79
05.04.2019 11:00:00 +02:00,18699.28,15714.09
05.04.2019 12:00:00 +02:00,17666.80,15419.48
05.04.2019 13:00:00 +02:00,16978.44,15181.39
05.04.2019 14:00:00 +02:00,16258.03,15096.68
05.04.2019 15:00:00 +02:00,15426.41,14978.28
05.04.2019 16:00:00 +02:00,15950.47,14850.87
05.04.2019 17:00:00 +02:00,17021.13,14796.36
05.04.2019 18:00:00 +02:00,17277.34,14923.09
05.04.2019 19:00:00 +02:00,17273.52,14987.56
05.04.2019 20:00:00 +02:00,16828.07,15157.14
05.04.2019 21:00:00 +02:00,16891.76,15069.99
05.04.2019 22:00:00 +02:00,15604.21,14655.21
05.04.2019 23:00:00 +02:00,14394.81,14233.62
06.04.2019 00:00:00 +02:00,13922.91,13958.69
06.04.2019 01:00:00 +02:00,13142.63,13567.81
06.04.2019 02:00:00 +02:00,12024.32,13515.63
06.04.2019 03:00:00 +02:00,11662.47,13309.11
06.04.2019 04:00:00 +02:00,11606.53,13582.99
06.04.2019 05:00:00 +02:00,11969.56,13761.71
06.04.2019 06:00:00 +02:00,13346.76,14122.25
06.04.2019 07:00:00 +02:00,14525.75,14428.67
06.04.2019 08:00:00 +02:00,15928.12,14902.10
06.04.2019 09:00:00 +02:00,16559.78,15378.81
06.04.2019 10:00:00 +02:00,15994.25,15488.24
06.04.2019 11:00:00 +02:00,14278.06,15286.06
06.04.2019 12:00:00 +02:00,12615.54,15063.83
06.04.2019 13:00:00 +02:00,12267.31,14702.68
06.04.2019 14:00:00 +02:00,11991.99,14527.25
06.04.2019 15:00:00 +02:00,11931.61,14347.85
06.04.2019 16:00:00 +02:00,12010.52,14335.45
06.04.2019 17:00:00 +02:00,12951.10,14368.46
06.04.2019 18:00:00 +02:00,14297.09,14452.54
06.04.2019 19:00:00 +02:00,15102.10,14240.25
06.04.2019 20:00:00 +02:00,15472.11,14649.89
06.04.2019 21:00:00 +02:00,14497.92,14704.98
06.04.2019 22:00:00 +02:00,13149.41,14380.35
06.04.2019 23:00:00 +02:00,12461.98,14116.96
07.04.2019 00:00:00 +02:00,11895.63,13864.50
07.04.2019 01:00:00 +02:00,11283.47,13673.87
07.04.2019 02:00:00 +02:00,10983.99,11748.95
07.04.2019 03:00:00 +02:00,11002.43,9250.62
07.04.2019 04:00:00 +02:00,11143.97,13399.08
07.04.2019 05:00:00 +02:00,11122.80,13765.19
07.04.2019 06:00:00 +02:00,11175.79,13946.50
07.04.2019 07:00:00 +02:00,12415.61,14174.64
07.04.2019 08:00:00 +02:00,13616.27,14495.74
07.04.2019 09:00:00 +02:00,13777.51,14776.14
07.04.2019 10:00:00 +02:00,12783.02,14919.94
07.04.2019 11:00:00 +02:00,12459.88,14840.73
07.04.2019 12:00:00 +02:00,12101.62,14410.13
07.04.2019 13:00:00 +02:00,11799.45,14588.54
07.04.2019 14:00:00 +02:00,11449.07,14528.64
07.04.2019 15:00:00 +02:00,11194.62,14447.35
07.04.2019 16:00:00 +02:00,11309.33,14445.59
07.04.2019 17:00:00 +02:00,11879.06,14269.94
07.04.2019 18:00:00 +02:00,13806.32,14555.63
07.04.2019 19:00:00 +02:00,15294.36,14783.13
07.04.2019 20:00:00 +02:00,15522.78,15162.63
07.04.2019 21:00:00 +02:00,15312.14,15385.82
07.04.2019 22:00:00 +02:00,14383.39,15132.80
07.04.2019 23:00:00 +02:00,13725.66,14699.79
08.04.2019 00:00:00 +02:00,11915.49,14215.88
08.04.2019 01:00:00 +02:00,11220.13,14003.17
08.04.2019 02:00:00 +02:00,10791.24,13983.81
08.04.2019 03:00:00 +02:00,10692.87,13822.21
08.04.2019 04:00:00 +02:00,10825.64,14252.69
08.04.2019 05:00:00 +02:00,13261.45,14666.64
08.04.2019 06:00:00 +02:00,16785.00,15852.24
08.04.2019 07:00:00 +02:00,19109.03,17193.49
08.04.2019 08:00:00 +02:00,19837.67,17356.89
08.04.2019 09:00:00 +02:00,19010.84,16159.81
08.04.2019 10:00:00 +02:00,18555.36,16548.46
08.04.2019 11:00:00 +02:00,17654.05,16323.47
08.04.2019 12:00:00 +02:00,16772.34,16088.54
08.04.2019 13:00:00 +02:00,15708.88,15899.12
08.04.2019 14:00:00 +02:00,14131.35,15789.66
08.04.2019 15:00:00 +02:00,13662.81,15612.50
08.04.2019 16:00:00 +02:00,14721.77,15503.24
08.04.2019 17:00:00 +02:00,16068.02,15372.95
08.04.2019 18:00:00 +02:00,17019.52,15294.27
08.04.2019 19:00:00 +02:00,17469.48,15408.13
08.04.2019 20:00:00 +02:00,17125.44,15857.68
08.04.2019 21:00:00 +02:00,16084.36,16084.69
08.04.2019 22:00:00 +02:00,13978.18,15735.64
08.04.2019 23:00:00 +02:00,11831.46,15114.02
09.04.2019 00:00:00 +02:00,11503.01,14577.80
09.04.2019 01:00:00 +02:00,11246.60,14368.36
09.04.2019 02:00:00 +02:00,11124.79,14326.05
09.04.2019 03:00:00 +02:00,11076.09,14334.21
09.04.2019 04:00:00 +02:00,11166.93,14537.94
09.04.2019 05:00:00 +02:00,12466.97,15128.27
09.04.2019 06:00:00 +02:00,17066.34,16290.49
09.04.2019 07:00:00 +02:00,20391.91,17631.15
09.04.2019 08:00:00 +02:00,20814.93,17729.20
09.04.2019 09:00:00 +02:00,19968.75,17309.48
09.04.2019 10:00:00 +02:00,19352.50,16975.83
09.04.2019 11:00:00 +02:00,17779.52,16613.97
09.04.2019 12:00:00 +02:00,16312.71,16347.15
09.04.2019 13:00:00 +02:00,15357.29,15900.94
09.04.2019 14:00:00 +02:00,13983.66,15354.60
09.04.2019 15:00:00 +02:00,13871.93,15882.47
09.04.2019 16:00:00 +02:00,14655.94,16080.62
09.04.2019 17:00:00 +02:00,15533.29,15926.24
09.04.2019 18:00:00 +02:00,17261.04,15843.78
09.04.2019 19:00:00 +02:00,18585.95,15946.19
09.04.2019 20:00:00 +02:00,18066.92,16296.83
09.04.2019 21:00:00 +02:00,16266.29,16444.41
09.04.2019 22:00:00 +02:00,14570.78,16085.53
09.04.2019 23:00:00 +02:00,12561.81,15505.59
10.04.2019 00:00:00 +02:00,12213.63,14962.89
10.04.2019 01:00:00 +02:00,11782.74,14649.28
10.04.2019 02:00:00 +02:00,11585.49,14529.67
10.04.2019 03:00:00 +02:00,11686.25,14564.50
10.04.2019 04:00:00 +02:00,11943.94,14773.37
10.04.2019 05:00:00 +02:00,13971.64,15238.66
10.04.2019 06:00:00 +02:00,17903.99,16481.11
10.04.2019 07:00:00 +02:00,21355.93,17811.85
10.04.2019 08:00:00 +02:00,21941.99,17992.71
10.04.2019 09:00:00 +02:00,20915.20,17287.62
10.04.2019 10:00:00 +02:00,19447.01,17153.40
10.04.2019 11:00:00 +02:00,18525.17,16761.09
10.04.2019 12:00:00 +02:00,17679.61,16482.78
10.04.2019 13:00:00 +02:00,17464.27,8092.68
10.04.2019 14:00:00 +02:00,16404.63,13481.43
10.04.2019 15:00:00 +02:00,16327.02,16024.36
10.04.2019 16:00:00 +02:00,17462.45,15995.97
10.04.2019 17:00:00 +02:00,18183.78,15912.84
10.04.2019 18:00:00 +02:00,19407.37,15842.15
10.04.2019 19:00:00 +02:00,20024.13,15937.75
10.04.2019 20:00:00 +02:00,19888.59,16270.66
10.04.2019 21:00:00 +02:00,18032.02,16553.83
10.04.2019 22:00:00 +02:00,16563.41,16164.58
10.04.2019 23:00:00 +02:00,15145.03,15558.74
11.04.2019 00:00:00 +02:00,13507.60,15013.55
11.04.2019 01:00:00 +02:00,13062.30,14776.28
11.04.2019 02:00:00 +02:00,12971.10,14690.54
11.04.2019 03:00:00 +02:00,13083.86,14760.52
11.04.2019 04:00:00 +02:00,13571.45,14929.89
11.04.2019 05:00:00 +02:00,15094.49,11784.68
11.04.2019 06:00:00 +02:00,19740.31,12654.22
11.04.2019 07:00:00 +02:00,21721.75,17858.41
11.04.2019 08:00:00 +02:00,21872.68,14112.72
11.04.2019 09:00:00 +02:00,20916.52,17672.44
11.04.2019 10:00:00 +02:00,20238.58,16003.20
11.04.2019 11:00:00 +02:00,19094.26,16746.32
11.04.2019 12:00:00 +02:00,19089.36,16288.12
11.04.2019 13:00:00 +02:00,19025.59,16424.63
11.04.2019 14:00:00 +02:00,17556.61,16420.76
11.04.2019 15:00:00 +02:00,17102.92,12992.73
11.04.2019 16:00:00 +02:00,17818.49,16135.89
11.04.2019 17:00:00 +02:00,18199.14,15992.67
11.04.2019 18:00:00 +02:00,19842.71,15841.69
11.04.2019 19:00:00 +02:00,20673.73,15935.11
11.04.2019 20:00:00 +02:00,20922.34,16261.49
11.04.2019 21:00:00 +02:00,20267.95,16532.55
11.04.2019 22:00:00 +02:00,18841.48,16263.32
11.04.2019 23:00:00 +02:00,16770.67,15713.52
12.04.2019 00:00:00 +02:00,15043.19,15258.39
12.04.2019 01:00:00 +02:00,14486.97,15066.38
12.04.2019 02:00:00 +02:00,14313.29,15009.97
12.04.2019 03:00:00 +02:00,14564.89,15046.44
12.04.2019 04:00:00 +02:00,15378.85,15207.76
12.04.2019 05:00:00 +02:00,17159.75,15721.58
12.04.2019 06:00:00 +02:00,20338.15,16896.77
12.04.2019 07:00:00 +02:00,22184.29,18115.61
12.04.2019 08:00:00 +02:00,21923.65,18186.09
12.04.2019 09:00:00 +02:00,21204.05,17677.38
12.04.2019 10:00:00 +02:00,20922.04,17169.66
12.04.2019 11:00:00 +02:00,19163.06,16720.00
12.04.2019 12:00:00 +02:00,18541.60,16304.68
12.04.2019 13:00:00 +02:00,17319.12,15800.01
12.04.2019 14:00:00 +02:00,15679.28,14853.41
12.04.2019 15:00:00 +02:00,15297.48,15514.77
12.04.2019 16:00:00 +02:00,15814.27,15322.69
12.04.2019 17:00:00 +02:00,16674.27,15286.69
12.04.2019 18:00:00 +02:00,17977.07,15257.91
12.04.2019 19:00:00 +02:00,18833.29,15314.43
12.04.2019 20:00:00 +02:00,19152.65,15506.91
12.04.2019 21:00:00 +02:00,18665.18,15691.64
12.04.2019 22:00:00 +02:00,18038.44,15456.99
12.04.2019 23:00:00 +02:00,16326.15,15142.95
13.04.2019 00:00:00 +02:00,14769.52,14722.81
13.04.2019 01:00:00 +02:00,13388.85,14576.07
13.04.2019 02:00:00 +02:00,12729.75,14480.06
13.04.2019 03:00:00 +02:00,12254.68,14483.18
13.04.2019 04:00:00 +02:00,12445.46,4374.60
13.04.2019 05:00:00 +02:00,12579.33,1721.24
13.04.2019 06:00:00 +02:00,13470.30,2746.65
13.04.2019 07:00:00 +02:00,15103.87,11219.75
13.04.2019 08:00:00 +02:00,16885.71,2865.61
13.04.2019 09:00:00 +02:00,16516.02,2625.72
13.04.2019 10:00:00 +02:00,14385.79,13945.43
13.04.2019 11:00:00 +02:00,12969.54,15504.23
13.04.2019 12:00:00 +02:00,12515.88,15157.77
13.04.2019 13:00:00 +02:00,12010.15,14815.16
13.04.2019 14:00:00 +02:00,11702.37,14572.30
13.04.2019 15:00:00 +02:00,11395.96,14352.14
13.04.2019 16:00:00 +02:00,11545.29,14241.39
13.04.2019 17:00:00 +02:00,12333.73,14292.47
13.04.2019 18:00:00 +02:00,13647.89,14402.63
13.04.2019 19:00:00 +02:00,14919.03,14408.46
13.04.2019 20:00:00 +02:00,15415.07,14535.78
13.04.2019 21:00:00 +02:00,14196.64,14782.49
13.04.2019 22:00:00 +02:00,12850.51,14580.52
13.04.2019 23:00:00 +02:00,11624.18,14397.45
14.04.2019 00:00:00 +02:00,10706.52,14169.53
14.04.2019 01:00:00 +02:00,10481.95,14035.22
14.04.2019 02:00:00 +02:00,10636.09,14036.60
14.04.2019 03:00:00 +02:00,10750.36,14107.17
14.04.2019 04:00:00 +02:00,10785.07,14210.50
14.04.2019 05:00:00 +02:00,10907.05,14376.22
14.04.2019 06:00:00 +02:00,10936.64,14517.29
14.04.2019 07:00:00 +02:00,11262.64,14678.01
14.04.2019 08:00:00 +02:00,12103.53,14773.53
14.04.2019 09:00:00 +02:00,12578.40,14914.44
14.04.2019 10:00:00 +02:00,12181.87,14900.87
14.04.2019 11:00:00 +02:00,11940.91,14691.69
14.04.2019 12:00:00 +02:00,11802.79,14468.27
14.04.2019 13:00:00 +02:00,11462.66,12101.20
14.04.2019 14:00:00 +02:00,11204.43,14128.55
14.04.2019 15:00:00 +02:00,11327.10,14001.91
14.04.2019 16:00:00 +02:00,11223.98,14017.07
14.04.2019 17:00:00 +02:00,11344.43,13885.64
14.04.2019 18:00:00 +02:00,12484.28,13974.61
14.04.2019 19:00:00 +02:00,14719.59,14087.32
14.04.2019 20:00:00 +02:00,15817.95,14435.18
14.04.2019 21:00:00 +02:00,15079.24,14723.91
14.04.2019 22:00:00 +02:00,14140.90,14589.05
14.04.2019 23:00:00 +02:00,12663.20,14319.98
15.04.2019 00:00:00 +02:00,12343.28,14109.34
15.04.2019 01:00:00 +02:00,11561.30,13934.31
15.04.2019 02:00:00 +02:00,11357.30,13947.56
15.04.2019 03:00:00 +02:00,11603.64,14054.88
15.04.2019 04:00:00 +02:00,12412.73,13989.38
15.04.2019 05:00:00 +02:00,15307.55,14687.68
15.04.2019 06:00:00 +02:00,19685.66,15559.24
15.04.2019 07:00:00 +02:00,21703.94,16446.92
15.04.2019 08:00:00 +02:00,21755.88,16654.42
15.04.2019 09:00:00 +02:00,20203.60,16484.22
15.04.2019 10:00:00 +02:00,17752.56,16109.15
15.04.2019 11:00:00 +02:00,16009.94,15692.99
15.04.2019 12:00:00 +02:00,15361.98,15295.13
15.04.2019 13:00:00 +02:00,14911.46,15020.55
15.04.2019 14:00:00 +02:00,14147.05,14916.51
15.04.2019 15:00:00 +02:00,13757.30,14700.15
15.04.2019 16:00:00 +02:00,14036.51,14475.92
15.04.2019 17:00:00 +02:00,14601.15,14316.80
15.04.2019 18:00:00 +02:00,16887.03,14257.17
15.04.2019 19:00:00 +02:00,18581.00,14354.56
15.04.2019 20:00:00 +02:00,18604.47,14478.60
15.04.2019 21:00:00 +02:00,16884.77,14765.42
15.04.2019 22:00:00 +02:00,14051.15,14546.59
15.04.2019 23:00:00 +02:00,12506.31,14163.78
16.04.2019 00:00:00 +02:00,11699.73,13838.05
16.04.2019 01:00:00 +02:00,11352.25,13562.85
16.04.2019 02:00:00 +02:00,11317.48,13512.57
16.04.2019 03:00:00 +02:00,11811.82,13673.45
16.04.2019 04:00:00 +02:00,12509.59,13847.15
16.04.2019 05:00:00 +02:00,14088.89,14248.33
16.04.2019 06:00:00 +02:00,17984.86,15047.15
16.04.2019 07:00:00 +02:00,20774.48,15801.23
16.04.2019 08:00:00 +02:00,20736.21,15985.00
16.04.2019 09:00:00 +02:00,18808.34,15864.74
16.04.2019 10:00:00 +02:00,16544.25,15679.67
16.04.2019 11:00:00 +02:00,15638.10,15305.63
16.04.2019 12:00:00 +02:00,15090.07,14621.42
16.04.2019 13:00:00 +02:00,14934.44,14937.24
16.04.2019 14:00:00 +02:00,14225.62,14916.64
16.04.2019 15:00:00 +02:00,13870.63,14768.18
16.04.2019 16:00:00 +02:00,13800.39,14608.76
16.04.2019 17:00:00 +02:00,15688.47,14499.23
16.04.2019 18:00:00 +02:00,17515.98,14506.04
16.04.2019 19:00:00 +02:00,18250.33,14567.15
16.04.2019 20:00:00 +02:00,18505.01,14649.35
16.04.2019 21:00:00 +02:00,17553.03,14572.50
16.04.2019 22:00:00 +02:00,14329.25,14543.35
16.04.2019 23:00:00 +02:00,11311.82,14154.87
17.04.2019 00:00:00 +02:00,11676.15,13771.94
17.04.2019 01:00:00 +02:00,11388.61,13565.61
17.04.2019 02:00:00 +02:00,11381.06,13452.30
17.04.2019 03:00:00 +02:00,11598.87,13518.07
17.04.2019 04:00:00 +02:00,12335.50,13437.39
17.04.2019 05:00:00 +02:00,13889.62,14006.71
17.04.2019 06:00:00 +02:00,17649.25,14732.77
17.04.2019 07:00:00 +02:00,19674.63,15447.70
17.04.2019 08:00:00 +02:00,20344.60,15549.28
17.04.2019 09:00:00 +02:00,19569.51,15496.32
17.04.2019 10:00:00 +02:00,18470.79,15218.85
17.04.2019 11:00:00 +02:00,16882.73,14884.37
17.04.2019 12:00:00 +02:00,15629.24,14547.13
17.04.2019 13:00:00 +02:00,14475.55,14269.14
17.04.2019 14:00:00 +02:00,13687.10,14012.20
17.04.2019 15:00:00 +02:00,13365.75,13750.77
17.04.2019 16:00:00 +02:00,13562.21,13569.04
17.04.2019 17:00:00 +02:00,13897.91,3806.11
17.04.2019 18:00:00 +02:00,15303.58,7098.26
17.04.2019 19:00:00 +02:00,16456.10,13128.57
17.04.2019 20:00:00 +02:00,17012.53,13404.60
17.04.2019 21:00:00 +02:00,15379.33,13598.01
17.04.2019 22:00:00 +02:00,13150.34,11205.13
17.04.2019 23:00:00 +02:00,11378.65,13127.03
18.04.2019 00:00:00 +02:00,10668.31,12854.25
18.04.2019 01:00:00 +02:00,10182.17,12460.34
18.04.2019 02:00:00 +02:00,10179.49,9631.76
18.04.2019 03:00:00 +02:00,10516.10,10696.70
18.04.2019 04:00:00 +02:00,11185.89,10804.19
18.04.2019 05:00:00 +02:00,12799.03,11360.87
18.04.2019 06:00:00 +02:00,15372.00,13074.20
18.04.2019 07:00:00 +02:00,17197.96,13348.29
18.04.2019 08:00:00 +02:00,17748.60,13406.85
18.04.2019 09:00:00 +02:00,17030.84,13564.66
18.04.2019 10:00:00 +02:00,15115.15,13487.95
18.04.2019 11:00:00 +02:00,13301.16,13284.42
18.04.2019 12:00:00 +02:00,12449.57,12612.67
18.04.2019 13:00:00 +02:00,11840.47,12778.39
18.04.2019 14:00:00 +02:00,11376.81,12658.78
18.04.2019 15:00:00 +02:00,11229.95,12502.92
18.04.2019 16:00:00 +02:00,11269.45,12466.36
18.04.2019 17:00:00 +02:00,11923.99,12432.98
18.04.2019 18:00:00 +02:00,13396.07,12467.67
18.04.2019 19:00:00 +02:00,15107.35,12509.03
18.04.2019 20:00:00 +02:00,15328.38,12620.77
18.04.2019 21:00:00 +02:00,13915.83,12848.46
18.04.2019 22:00:00 +02:00,12351.57,12714.08
18.04.2019 23:00:00 +02:00,10393.73,12487.28
19.04.2019 00:00:00 +02:00,8962.01,12243.40
19.04.2019 01:00:00 +02:00,8832.99,12075.50
19.04.2019 02:00:00 +02:00,8685.17,12007.24
19.04.2019 03:00:00 +02:00,8680.19,12035.87
19.04.2019 04:00:00 +02:00,8772.35,12129.88
19.04.2019 05:00:00 +02:00,8922.80,12147.73
19.04.2019 06:00:00 +02:00,9682.17,12625.07
19.04.2019 07:00:00 +02:00,10605.94,12817.84
19.04.2019 08:00:00 +02:00,11347.95,12921.67
19.04.2019 09:00:00 +02:00,11508.80,13119.07
19.04.2019 10:00:00 +02:00,11070.21,13118.79
19.04.2019 11:00:00 +02:00,10828.36,12777.82
19.04.2019 12:00:00 +02:00,10723.90,12795.50
19.04.2019 13:00:00 +02:00,10422.21,12598.83
19.04.2019 14:00:00 +02:00,10091.81,12438.94
19.04.2019 15:00:00 +02:00,9973.44,12346.55
19.04.2019 16:00:00 +02:00,10415.54,12273.11
19.04.2019 17:00:00 +02:00,10582.56,12230.83
19.04.2019 18:00:00 +02:00,10785.48,12248.42
19.04.2019 19:00:00 +02:00,11290.96,12283.66
19.04.2019 20:00:00 +02:00,10883.74,12344.60
19.04.2019 21:00:00 +02:00,11763.75,12521.88
19.04.2019 22:00:00 +02:00,11357.32,12463.30
19.04.2019 23:00:00 +02:00,9648.18,12262.38
20.04.2019 00:00:00 +02:00,9599.63,11975.14
20.04.2019 01:00:00 +02:00,9096.14,11821.36
20.04.2019 02:00:00 +02:00,8971.39,11789.79
20.04.2019 03:00:00 +02:00,9027.49,11813.67
20.04.2019 04:00:00 +02:00,9337.31,11893.10
20.04.2019 05:00:00 +02:00,9054.03,12003.40
20.04.2019 06:00:00 +02:00,9293.99,12059.80
20.04.2019 07:00:00 +02:00,9704.15,12250.49
20.04.2019 08:00:00 +02:00,10324.78,12464.82
20.04.2019 09:00:00 +02:00,10601.55,12704.35
20.04.2019 10:00:00 +02:00,10637.59,12813.69
20.04.2019 11:00:00 +02:00,10229.25,12628.05
20.04.2019 12:00:00 +02:00,9938.99,12446.33
20.04.2019 13:00:00 +02:00,9758.79,12235.87
20.04.2019 14:00:00 +02:00,9601.15,12132.80
20.04.2019 15:00:00 +02:00,9464.57,12061.91
20.04.2019 16:00:00 +02:00,9667.30,12012.31
20.04.2019 17:00:00 +02:00,10329.14,12053.43
20.04.2019 18:00:00 +02:00,11515.45,12163.11
20.04.2019 19:00:00 +02:00,12143.14,12194.81
20.04.2019 20:00:00 +02:00,11904.12,12210.87
20.04.2019 21:00:00 +02:00,11276.26,12330.80
20.04.2019 22:00:00 +02:00,10391.53,12212.21
20.04.2019 23:00:00 +02:00,9591.12,11939.78
21.04.2019 00:00:00 +02:00,8593.16,11566.90
21.04.2019 01:00:00 +02:00,8211.56,11158.71
21.04.2019 02:00:00 +02:00,8038.57,11463.70
21.04.2019 03:00:00 +02:00,7965.73,11454.13
21.04.2019 04:00:00 +02:00,7993.51,11515.70
21.04.2019 05:00:00 +02:00,8168.61,11423.46
21.04.2019 06:00:00 +02:00,8037.64,11629.52
21.04.2019 07:00:00 +02:00,8422.71,11792.53
21.04.2019 08:00:00 +02:00,9232.87,12129.32
21.04.2019 09:00:00 +02:00,10061.95,12419.53
21.04.2019 10:00:00 +02:00,9838.60,12349.21
21.04.2019 11:00:00 +02:00,9489.74,12333.09
21.04.2019 12:00:00 +02:00,9222.24,12199.40
21.04.2019 13:00:00 +02:00,9201.82,12344.81
21.04.2019 14:00:00 +02:00,9172.75,12076.88
21.04.2019 15:00:00 +02:00,8824.80,12234.91
21.04.2019 16:00:00 +02:00,8762.65,12219.64
21.04.2019 17:00:00 +02:00,9308.34,12295.44
21.04.2019 18:00:00 +02:00,10366.85,12337.26
21.04.2019 19:00:00 +02:00,11685.05,12365.01
21.04.2019 20:00:00 +02:00,11978.25,12431.22
21.04.2019 21:00:00 +02:00,11282.43,12604.56
21.04.2019 22:00:00 +02:00,9735.84,12464.58
21.04.2019 23:00:00 +02:00,8554.58,12194.28
22.04.2019 00:00:00 +02:00,7973.03,11912.13
22.04.2019 01:00:00 +02:00,7638.15,11673.20
22.04.2019 02:00:00 +02:00,7615.57,11581.66
22.04.2019 03:00:00 +02:00,7616.96,11554.01
22.04.2019 04:00:00 +02:00,7761.25,11642.73
22.04.2019 05:00:00 +02:00,7862.47,11575.20
22.04.2019 06:00:00 +02:00,8339.05,11947.67
22.04.2019 07:00:00 +02:00,9277.42,12031.55
22.04.2019 08:00:00 +02:00,10031.74,12519.03
22.04.2019 09:00:00 +02:00,10207.63,12800.54
22.04.2019 10:00:00 +02:00,10281.87,13024.86
22.04.2019 11:00:00 +02:00,10207.61,12939.68
22.04.2019 12:00:00 +02:00,9988.48,12796.10
22.04.2019 13:00:00 +02:00,9919.17,12625.70
22.04.2019 14:00:00 +02:00,8912.07,12507.80
22.04.2019 15:00:00 +02:00,8908.44,12481.52
22.04.2019 16:00:00 +02:00,9379.48,12385.56
22.04.2019 17:00:00 +02:00,9807.99,12337.66
22.04.2019 18:00:00 +02:00,9952.03,12391.30
22.04.2019 19:00:00 +02:00,9999.81,12504.83
22.04.2019 20:00:00 +02:00,9831.08,12658.80
22.04.2019 21:00:00 +02:00,9758.85,12848.75
22.04.2019 22:00:00 +02:00,9307.67,12830.03
22.04.2019 23:00:00 +02:00,9355.91,12353.38
23.04.2019 00:00:00 +02:00,8793.92,11585.08
23.04.2019 01:00:00 +02:00,8276.79,3730.62
23.04.2019 02:00:00 +02:00,8047.82,9985.10
23.04.2019 03:00:00 +02:00,8001.81,11718.76
23.04.2019 04:00:00 +02:00,8193.87,11841.91
23.04.2019 05:00:00 +02:00,8638.31,12202.49
23.04.2019 06:00:00 +02:00,10434.31,13170.62
23.04.2019 07:00:00 +02:00,12904.61,14261.25
23.04.2019 08:00:00 +02:00,13733.50,14427.84
23.04.2019 09:00:00 +02:00,13268.90,14238.33
23.04.2019 10:00:00 +02:00,12437.33,14024.18
23.04.2019 11:00:00 +02:00,11953.80,13743.08
23.04.2019 12:00:00 +02:00,11499.98,13731.40
23.04.2019 13:00:00 +02:00,11394.07,13636.23
23.04.2019 14:00:00 +02:00,11010.20,13574.63
23.04.2019 15:00:00 +02:00,10770.43,13451.21
23.04.2019 16:00:00 +02:00,10957.22,13393.63
23.04.2019 17:00:00 +02:00,11117.82,13252.59
23.04.2019 18:00:00 +02:00,11545.06,13106.81
23.04.2019 19:00:00 +02:00,11807.45,13150.14
23.04.2019 20:00:00 +02:00,11510.24,13017.92
23.04.2019 21:00:00 +02:00,11500.95,13325.35
23.04.2019 22:00:00 +02:00,11275.47,13176.15
23.04.2019 23:00:00 +02:00,10081.83,12576.72
24.04.2019 00:00:00 +02:00,9597.14,12036.13
24.04.2019 01:00:00 +02:00,9357.17,11696.35
24.04.2019 02:00:00 +02:00,9129.52,11597.08
24.04.2019 03:00:00 +02:00,8979.48,11623.15
24.04.2019 04:00:00 +02:00,9029.06,11540.00
24.04.2019 05:00:00 +02:00,9200.82,11772.43
24.04.2019 06:00:00 +02:00,10860.17,12910.41
24.04.2019 07:00:00 +02:00,13713.70,13865.73
24.04.2019 08:00:00 +02:00,14407.46,14290.18
24.04.2019 09:00:00 +02:00,13220.01,14175.71
24.04.2019 10:00:00 +02:00,12431.44,13779.52
24.04.2019 11:00:00 +02:00,11763.72,10656.12
24.04.2019 12:00:00 +02:00,11034.68,13075.21
24.04.2019 13:00:00 +02:00,10777.79,13189.51
24.04.2019 14:00:00 +02:00,10520.92,13634.49
24.04.2019 15:00:00 +02:00,10702.47,13557.10
24.04.2019 16:00:00 +02:00,10929.27,13387.54
24.04.2019 17:00:00 +02:00,11888.74,13612.33
24.04.2019 18:00:00 +02:00,13125.76,13504.38
24.04.2019 19:00:00 +02:00,13497.32,13475.26
24.04.2019 20:00:00 +02:00,13213.71,13468.81
24.04.2019 21:00:00 +02:00,12626.89,13489.51
24.04.2019 22:00:00 +02:00,10994.69,13128.59
24.04.2019 23:00:00 +02:00,10131.67,12536.26
25.04.2019 00:00:00 +02:00,9524.63,11961.01
25.04.2019 01:00:00 +02:00,9052.43,3337.47
25.04.2019 02:00:00 +02:00,8762.11,6516.75
25.04.2019 03:00:00 +02:00,8751.96,11519.12
25.04.2019 04:00:00 +02:00,8990.04,11620.97
25.04.2019 05:00:00 +02:00,10540.06,11836.50
25.04.2019 06:00:00 +02:00,14565.45,12637.84
25.04.2019 07:00:00 +02:00,17201.16,13771.37
25.04.2019 08:00:00 +02:00,17753.11,7036.70
25.04.2019 09:00:00 +02:00,16977.06,5366.00
25.04.2019 10:00:00 +02:00,15191.13,4398.97
25.04.2019 11:00:00 +02:00,14411.05,3173.34
25.04.2019 12:00:00 +02:00,13995.74,5505.83
25.04.2019 13:00:00 +02:00,13725.19,1603.52
25.04.2019 14:00:00 +02:00,13250.42,4338.92
25.04.2019 15:00:00 +02:00,13574.60,13669.85
25.04.2019 16:00:00 +02:00,13436.59,13710.67
25.04.2019 17:00:00 +02:00,15179.11,13595.81
25.04.2019 18:00:00 +02:00,15991.97,13473.34
25.04.2019 19:00:00 +02:00,16026.36,13446.50
25.04.2019 20:00:00 +02:00,15085.94,13419.13
25.04.2019 21:00:00 +02:00,14967.43,13443.81
25.04.2019 22:00:00 +02:00,13836.41,13167.75
25.04.2019 23:00:00 +02:00,11322.92,12549.31
26.04.2019 00:00:00 +02:00,10311.56,11976.82
26.04.2019 01:00:00 +02:00,10005.00,11671.70
26.04.2019 02:00:00 +02:00,9920.63,11540.35
26.04.2019 03:00:00 +02:00,9987.39,11484.06
26.04.2019 04:00:00 +02:00,10765.07,11548.52
26.04.2019 05:00:00 +02:00,11905.39,11793.94
26.04.2019 06:00:00 +02:00,15622.28,12620.82
26.04.2019 07:00:00 +02:00,17379.58,13811.28
26.04.2019 08:00:00 +02:00,17946.36,14134.22
26.04.2019 09:00:00 +02:00,17635.12,14116.97
26.04.2019 10:00:00 +02:00,17511.16,13958.17
26.04.2019 11:00:00 +02:00,17290.71,13789.06
26.04.2019 12:00:00 +02:00,16253.00,13635.22
26.04.2019 13:00:00 +02:00,15130.48,13575.99
26.04.2019 14:00:00 +02:00,14094.05,13455.10
26.04.2019 15:00:00 +02:00,14001.22,13248.77
26.04.2019 16:00:00 +02:00,14269.36,13185.50
26.04.2019 17:00:00 +02:00,15431.63,12466.52
26.04.2019 18:00:00 +02:00,15585.52,12610.93
26.04.2019 19:00:00 +02:00,15731.46,11022.70
26.04.2019 20:00:00 +02:00,14972.07,12230.16
26.04.2019 21:00:00 +02:00,14668.86,11534.20
26.04.2019 22:00:00 +02:00,13443.23,12365.96
26.04.2019 23:00:00 +02:00,11286.88,11989.31
27.04.2019 00:00:00 +02:00,10104.40,7072.11
27.04.2019 01:00:00 +02:00,9166.71,11514.84
27.04.2019 02:00:00 +02:00,8822.92,11256.26
27.04.2019 03:00:00 +02:00,8717.60,10854.04
27.04.2019 04:00:00 +02:00,8577.17,10686.69
27.04.2019 05:00:00 +02:00,8255.41,11246.15
27.04.2019 06:00:00 +02:00,8254.81,10810.77
27.04.2019 07:00:00 +02:00,9975.82,11572.88
27.04.2019 08:00:00 +02:00,11183.59,12305.76
27.04.2019 09:00:00 +02:00,11864.34,12882.45
27.04.2019 10:00:00 +02:00,11532.86,13135.24
27.04.2019 11:00:00 +02:00,11027.31,12949.20
27.04.2019 12:00:00 +02:00,10645.40,12870.90
27.04.2019 13:00:00 +02:00,10623.02,9289.65
27.04.2019 14:00:00 +02:00,10466.62,12414.91
27.04.2019 15:00:00 +02:00,10475.91,12146.66
27.04.2019 16:00:00 +02:00,10371.55,6591.54
27.04.2019 17:00:00 +02:00,11433.31,12845.27
27.04.2019 18:00:00 +02:00,12346.37,12657.29
27.04.2019 19:00:00 +02:00,13165.49,10046.39
27.04.2019 20:00:00 +02:00,12869.15,12192.04
27.04.2019 21:00:00 +02:00,12076.65,12512.37
27.04.2019 22:00:00 +02:00,10942.42,11699.53
27.04.2019 23:00:00 +02:00,10424.56,11863.47
28.04.2019 00:00:00 +02:00,10129.39,11733.51
28.04.2019 01:00:00 +02:00,9913.30,11449.11
28.04.2019 02:00:00 +02:00,9369.78,11279.03
28.04.2019 03:00:00 +02:00,9046.48,11147.24
28.04.2019 04:00:00 +02:00,9143.82,11222.11
28.04.2019 05:00:00 +02:00,8898.42,10989.29
28.04.2019 06:00:00 +02:00,8924.31,10805.54
28.04.2019 07:00:00 +02:00,9542.66,11407.41
28.04.2019 08:00:00 +02:00,10507.98,11657.15
28.04.2019 09:00:00 +02:00,11760.63,12354.17
28.04.2019 10:00:00 +02:00,11914.96,12689.37
28.04.2019 11:00:00 +02:00,11946.31,12707.82
28.04.2019 12:00:00 +02:00,11555.20,12588.19
28.04.2019 13:00:00 +02:00,10758.40,12513.78
28.04.2019 14:00:00 +02:00,10409.30,12193.94
28.04.2019 15:00:00 +02:00,10484.48,11301.88
28.04.2019 16:00:00 +02:00,10892.58,12371.72
28.04.2019 17:00:00 +02:00,11588.79,12406.83
28.04.2019 18:00:00 +02:00,13321.45,11984.73
28.04.2019 19:00:00 +02:00,14304.03,9130.79
28.04.2019 20:00:00 +02:00,14447.67,9804.71
28.04.2019 21:00:00 +02:00,14630.73,12654.89
28.04.2019 22:00:00 +02:00,14164.69,12585.19
28.04.2019 23:00:00 +02:00,13472.95,9752.73
29.04.2019 00:00:00 +02:00,10875.30,10324.36
29.04.2019 01:00:00 +02:00,10387.21,7908.08
29.04.2019 02:00:00 +02:00,10124.27,10668.29
29.04.2019 03:00:00 +02:00,9835.32,9433.61
29.04.2019 04:00:00 +02:00,9342.06,9542.55
29.04.2019 05:00:00 +02:00,9973.53,10698.63
29.04.2019 06:00:00 +02:00,12660.36,11187.82
29.04.2019 07:00:00 +02:00,15390.87,12739.44
29.04.2019 08:00:00 +02:00,15969.20,13198.79
29.04.2019 09:00:00 +02:00,15645.73,13067.33
29.04.2019 10:00:00 +02:00,14912.25,13126.19
29.04.2019 11:00:00 +02:00,14538.28,12918.77
29.04.2019 12:00:00 +02:00,14318.15,12629.96
29.04.2019 13:00:00 +02:00,13969.27,12776.85
29.04.2019 14:00:00 +02:00,12934.11,12744.90
29.04.2019 15:00:00 +02:00,12549.84,12614.88
29.04.2019 16:00:00 +02:00,12701.42,12657.31
29.04.2019 17:00:00 +02:00,13849.79,12277.62
29.04.2019 18:00:00 +02:00,13961.22,12408.81
29.04.2019 19:00:00 +02:00,13725.57,12347.97
29.04.2019 20:00:00 +02:00,12886.34,12364.49
29.04.2019 21:00:00 +02:00,12729.39,12478.18
29.04.2019 22:00:00 +02:00,12100.43,12274.67
29.04.2019 23:00:00 +02:00,10793.27,11716.64
30.04.2019 00:00:00 +02:00,9571.73,11054.48
30.04.2019 01:00:00 +02:00,9241.16,10744.62
30.04.2019 02:00:00 +02:00,8947.49,10569.81
30.04.2019 03:00:00 +02:00,8911.02,10436.79
30.04.2019 04:00:00 +02:00,9032.85,10438.14
30.04.2019 05:00:00 +02:00,9235.81,10616.81
30.04.2019 06:00:00 +02:00,12373.27,11476.93
30.04.2019 07:00:00 +02:00,14130.54,12603.17
30.04.2019 08:00:00 +02:00,14951.98,12055.37
30.04.2019 09:00:00 +02:00,15265.78,12891.98
30.04.2019 10:00:00 +02:00,15290.76,12614.59
30.04.2019 11:00:00 +02:00,14853.34,12762.05
30.04.2019 12:00:00 +02:00,14142.16,12749.09
30.04.2019 13:00:00 +02:00,13510.42,12573.07
30.04.2019 14:00:00 +02:00,12604.05,11671.51
30.04.2019 15:00:00 +02:00,12549.23,13061.47
30.04.2019 16:00:00 +02:00,12719.01,13279.57
30.04.2019 17:00:00 +02:00,14016.07,13159.87
30.04.2019 18:00:00 +02:00,14378.49,12125.90
30.04.2019 19:00:00 +02:00,13860.23,12885.84
30.04.2019 20:00:00 +02:00,12739.91,12590.53
30.04.2019 21:00:00 +02:00,12694.52,9987.60
30.04.2019 22:00:00 +02:00,12129.52,11229.31
30.04.2019 23:00:00 +02:00,11571.61,11691.78
01.05.2019 00:00:00 +02:00,9974.36,11608.62
01.05.2019 01:00:00 +02:00,9491.89,11299.48
01.05.2019 02:00:00 +02:00,9227.39,11158.96
01.05.2019 03:00:00 +02:00,8770.21,10756.44
01.05.2019 04:00:00 +02:00,8861.63,11112.30
01.05.2019 05:00:00 +02:00,8531.93,10555.08
01.05.2019 06:00:00 +02:00,8764.34,10170.84
01.05.2019 07:00:00 +02:00,9248.55,11487.40
01.05.2019 08:00:00 +02:00,10567.85,10725.92
01.05.2019 09:00:00 +02:00,11087.69,12360.65
01.05.2019 10:00:00 +02:00,11610.19,11394.31
01.05.2019 11:00:00 +02:00,11590.98,11705.43
01.05.2019 12:00:00 +02:00,11625.06,12584.38
01.05.2019 13:00:00 +02:00,11148.97,12987.84
01.05.2019 14:00:00 +02:00,10900.51,12070.17
01.05.2019 15:00:00 +02:00,10825.40,12715.07
01.05.2019 16:00:00 +02:00,10800.20,10971.81
01.05.2019 17:00:00 +02:00,10943.39,12096.48
01.05.2019 18:00:00 +02:00,11135.15,12602.36
01.05.2019 19:00:00 +02:00,11318.13,13063.36
01.05.2019 20:00:00 +02:00,11461.18,12422.86
01.05.2019 21:00:00 +02:00,11381.42,13108.09
01.05.2019 22:00:00 +02:00,10993.71,12998.25
01.05.2019 23:00:00 +02:00,10746.75,11736.56
02.05.2019 00:00:00 +02:00,10053.04,12122.65
02.05.2019 01:00:00 +02:00,9760.46,11852.52
02.05.2019 02:00:00 +02:00,9661.30,11777.37
02.05.2019 03:00:00 +02:00,9440.01,11762.48
02.05.2019 04:00:00 +02:00,9564.98,11892.32
02.05.2019 05:00:00 +02:00,9743.79,7763.12
02.05.2019 06:00:00 +02:00,11601.58,12548.72
02.05.2019 07:00:00 +02:00,13057.45,14232.58
02.05.2019 08:00:00 +02:00,13618.67,14783.24
02.05.2019 09:00:00 +02:00,13358.97,14618.66
02.05.2019 10:00:00 +02:00,13079.52,14004.05
02.05.2019 11:00:00 +02:00,12640.11,14342.86
02.05.2019 12:00:00 +02:00,12603.97,11638.95
02.05.2019 13:00:00 +02:00,12531.18,13510.91
02.05.2019 14:00:00 +02:00,12409.78,13094.14
02.05.2019 15:00:00 +02:00,12248.84,14084.64
02.05.2019 16:00:00 +02:00,12680.09,14336.46
02.05.2019 17:00:00 +02:00,12772.97,14320.37
02.05.2019 18:00:00 +02:00,13211.45,12310.97
02.05.2019 19:00:00 +02:00,13263.36,13715.87
02.05.2019 20:00:00 +02:00,13672.15,14022.05
02.05.2019 21:00:00 +02:00,13723.95,14134.47
02.05.2019 22:00:00 +02:00,13402.51,14357.95
02.05.2019 23:00:00 +02:00,12576.52,13882.39
03.05.2019 00:00:00 +02:00,11143.69,13309.43
03.05.2019 01:00:00 +02:00,10689.75,12599.99
03.05.2019 02:00:00 +02:00,10473.34,11427.72
03.05.2019 03:00:00 +02:00,10255.60,12334.74
03.05.2019 04:00:00 +02:00,10683.44,10745.11
03.05.2019 05:00:00 +02:00,11430.74,13453.81
03.05.2019 06:00:00 +02:00,13968.69,14533.52
03.05.2019 07:00:00 +02:00,16175.90,15619.67
03.05.2019 08:00:00 +02:00,16840.69,15579.13
03.05.2019 09:00:00 +02:00,15962.30,15613.76
03.05.2019 10:00:00 +02:00,15379.16,15133.44
03.05.2019 11:00:00 +02:00,14716.32,15179.19
03.05.2019 12:00:00 +02:00,14370.53,14327.34
03.05.2019 13:00:00 +02:00,13207.27,14182.08
03.05.2019 14:00:00 +02:00,12554.69,14383.66
03.05.2019 15:00:00 +02:00,11832.51,12743.71
03.05.2019 16:00:00 +02:00,11642.44,13696.88
03.05.2019 17:00:00 +02:00,12704.03,14143.71
03.05.2019 18:00:00 +02:00,13667.66,13876.81
03.05.2019 19:00:00 +02:00,14270.01,14324.03
03.05.2019 20:00:00 +02:00,14379.39,14561.09
03.05.2019 21:00:00 +02:00,14822.59,14495.39
03.05.2019 22:00:00 +02:00,14266.55,14423.06
03.05.2019 23:00:00 +02:00,13465.10,14078.92
04.05.2019 00:00:00 +02:00,11888.51,13550.51
04.05.2019 01:00:00 +02:00,11065.61,13114.00
04.05.2019 02:00:00 +02:00,10430.83,11901.96
04.05.2019 03:00:00 +02:00,9711.25,12730.16
04.05.2019 04:00:00 +02:00,9783.96,12072.32
04.05.2019 05:00:00 +02:00,9685.49,13091.12
04.05.2019 06:00:00 +02:00,10546.57,12834.54
04.05.2019 07:00:00 +02:00,12215.57,11784.32
04.05.2019 08:00:00 +02:00,13990.19,13767.90
04.05.2019 09:00:00 +02:00,14805.89,14193.43
04.05.2019 10:00:00 +02:00,13702.81,14372.41
04.05.2019 11:00:00 +02:00,12943.60,13968.01
04.05.2019 12:00:00 +02:00,12258.13,13316.04
04.05.2019 13:00:00 +02:00,11709.29,14116.00
04.05.2019 14:00:00 +02:00,11624.72,13921.65
04.05.2019 15:00:00 +02:00,11515.76,13312.42
04.05.2019 16:00:00 +02:00,11625.79,13096.05
04.05.2019 17:00:00 +02:00,12311.92,12998.45
04.05.2019 18:00:00 +02:00,12981.06,13519.42
04.05.2019 19:00:00 +02:00,14100.63,13946.15
04.05.2019 20:00:00 +02:00,14887.44,13416.86
04.05.2019 21:00:00 +02:00,15337.13,9212.29
04.05.2019 22:00:00 +02:00,15497.39,11284.86
04.05.2019 23:00:00 +02:00,14148.85,13630.77
05.05.2019 00:00:00 +02:00,12403.43,12673.30
05.05.2019 01:00:00 +02:00,11730.05,13114.80
05.05.2019 02:00:00 +02:00,10836.17,12988.59
05.05.2019 03:00:00 +02:00,10485.92,12743.98
05.05.2019 04:00:00 +02:00,10321.44,10985.61
05.05.2019 05:00:00 +02:00,10335.34,12704.29
05.05.2019 06:00:00 +02:00,10149.17,13048.73
05.05.2019 07:00:00 +02:00,10677.30,12951.39
05.05.2019 08:00:00 +02:00,11461.85,13418.69
05.05.2019 09:00:00 +02:00,11789.50,12865.78
05.05.2019 10:00:00 +02:00,12080.60,13316.68
05.05.2019 11:00:00 +02:00,11960.75,13808.70
05.05.2019 12:00:00 +02:00,11822.12,13721.95
05.05.2019 13:00:00 +02:00,11567.66,13613.90
05.05.2019 14:00:00 +02:00,11378.36,13556.99
05.05.2019 15:00:00 +02:00,11345.98,13746.10
05.05.2019 16:00:00 +02:00,11426.69,13324.32
05.05.2019 17:00:00 +02:00,11743.23,13841.08
05.05.2019 18:00:00 +02:00,11596.21,13222.16
05.05.2019 19:00:00 +02:00,12306.03,13320.40
05.05.2019 20:00:00 +02:00,13014.90,13182.75
05.05.2019 21:00:00 +02:00,13147.55,13956.70
05.05.2019 22:00:00 +02:00,13100.00,13157.79
05.05.2019 23:00:00 +02:00,12065.86,12309.60
06.05.2019 00:00:00 +02:00,11004.93,13284.04
06.05.2019 01:00:00 +02:00,10459.74,12813.48
06.05.2019 02:00:00 +02:00,10366.31,12330.11
06.05.2019 03:00:00 +02:00,10382.49,11524.60
06.05.2019 04:00:00 +02:00,10328.54,11603.95
06.05.2019 05:00:00 +02:00,12036.80,12344.06
06.05.2019 06:00:00 +02:00,15436.65,14514.06
06.05.2019 07:00:00 +02:00,17931.71,15536.74
06.05.2019 08:00:00 +02:00,18192.64,16051.67
06.05.2019 09:00:00 +02:00,17368.92,15971.01
06.05.2019 10:00:00 +02:00,17078.10,15714.42
06.05.2019 11:00:00 +02:00,16613.70,14328.33
06.05.2019 12:00:00 +02:00,16243.36,14827.23
06.05.2019 13:00:00 +02:00,15720.82,14235.05
06.05.2019 14:00:00 +02:00,15099.33,14957.48
06.05.2019 15:00:00 +02:00,14293.79,13338.56
06.05.2019 16:00:00 +02:00,14459.05,15066.28
06.05.2019 17:00:00 +02:00,15472.40,14707.37
06.05.2019 18:00:00 +02:00,15893.64,11824.27
06.05.2019 19:00:00 +02:00,15931.34,13283.05
06.05.2019 20:00:00 +02:00,15720.04,14765.01
06.05.2019 21:00:00 +02:00,15822.71,15087.14
06.05.2019 22:00:00 +02:00,14677.44,14860.94
06.05.2019 23:00:00 +02:00,12903.27,14287.60
07.05.2019 00:00:00 +02:00,11801.59,13775.12
07.05.2019 01:00:00 +02:00,10888.15,13477.89
07.05.2019 02:00:00 +02:00,10721.23,12932.71
07.05.2019 03:00:00 +02:00,10763.60,13378.97
07.05.2019 04:00:00 +02:00,11057.22,12802.92
07.05.2019 05:00:00 +02:00,13052.07,13225.68
07.05.2019 06:00:00 +02:00,16891.69,12778.65
07.05.2019 07:00:00 +02:00,18899.69,15218.03
07.05.2019 08:00:00 +02:00,18538.39,16152.75
07.05.2019 09:00:00 +02:00,18045.32,15872.00
07.05.2019 10:00:00 +02:00,17460.66,15533.84
07.05.2019 11:00:00 +02:00,17070.36,15006.05
07.05.2019 12:00:00 +02:00,16841.50,15163.50
07.05.2019 13:00:00 +02:00,16551.47,14756.52
07.05.2019 14:00:00 +02:00,16104.32,14889.21
07.05.2019 15:00:00 +02:00,15235.00,14817.87
07.05.2019 16:00:00 +02:00,15185.82,14756.18
07.05.2019 17:00:00 +02:00,16227.38,14660.16
07.05.2019 18:00:00 +02:00,17322.98,13583.68
07.05.2019 19:00:00 +02:00,17796.42,14031.48
07.05.2019 20:00:00 +02:00,17717.68,14154.28
07.05.2019 21:00:00 +02:00,17669.23,6862.98
07.05.2019 22:00:00 +02:00,16734.12,10703.32
07.05.2019 23:00:00 +02:00,15164.67,12189.64
08.05.2019 00:00:00 +02:00,13748.35,12271.32
08.05.2019 01:00:00 +02:00,12201.60,12044.10
08.05.2019 02:00:00 +02:00,11197.82,11482.34
08.05.2019 03:00:00 +02:00,11049.64,9768.93
08.05.2019 04:00:00 +02:00,11253.01,12095.90
08.05.2019 05:00:00 +02:00,12712.64,13450.51
08.05.2019 06:00:00 +02:00,16680.85,13710.47
08.05.2019 07:00:00 +02:00,19283.47,14171.67
08.05.2019 08:00:00 +02:00,19247.55,13191.35
08.05.2019 09:00:00 +02:00,18055.96,14446.48
08.05.2019 10:00:00 +02:00,16523.55,14627.35
08.05.2019 11:00:00 +02:00,15941.74,14232.20
08.05.2019 12:00:00 +02:00,14690.23,14367.62
08.05.2019 13:00:00 +02:00,14058.09,11256.79
08.05.2019 14:00:00 +02:00,13492.05,4427.97
08.05.2019 15:00:00 +02:00,12132.29,14572.88
08.05.2019 16:00:00 +02:00,11896.49,14209.16
08.05.2019 17:00:00 +02:00,12256.44,13175.13
08.05.2019 18:00:00 +02:00,12713.75,13543.08
08.05.2019 19:00:00 +02:00,13420.33,13682.20
08.05.2019 20:00:00 +02:00,13556.25,13146.41
08.05.2019 21:00:00 +02:00,13359.77,13980.22
08.05.2019 22:00:00 +02:00,13069.48,12967.38
08.05.2019 23:00:00 +02:00,11719.10,12077.03
09.05.2019 00:00:00 +02:00,10932.05,11845.66
09.05.2019 01:00:00 +02:00,10623.43,8885.97
09.05.2019 02:00:00 +02:00,10636.21,11378.20
09.05.2019 03:00:00 +02:00,10470.33,11640.43
09.05.2019 04:00:00 +02:00,10509.37,10619.33
09.05.2019 05:00:00 +02:00,11431.44,12361.96
09.05.2019 06:00:00 +02:00,14315.59,14323.53
09.05.2019 07:00:00 +02:00,17068.02,14107.91
09.05.2019 08:00:00 +02:00,17697.35,13167.51
09.05.2019 09:00:00 +02:00,17462.90,13367.29
09.05.2019 10:00:00 +02:00,16960.13,12127.26
09.05.2019 11:00:00 +02:00,16755.42,13328.59
09.05.2019 12:00:00 +02:00,16639.49,14342.50
09.05.2019 13:00:00 +02:00,16243.92,13014.46
09.05.2019 14:00:00 +02:00,16262.74,14577.33
09.05.2019 15:00:00 +02:00,15978.22,13808.13
09.05.2019 16:00:00 +02:00,15968.89,8720.04
09.05.2019 17:00:00 +02:00,16028.90,14866.20
09.05.2019 18:00:00 +02:00,15866.55,13202.09
09.05.2019 19:00:00 +02:00,16125.18,12322.44
09.05.2019 20:00:00 +02:00,16125.88,12758.83
09.05.2019 21:00:00 +02:00,15977.36,12641.43
09.05.2019 22:00:00 +02:00,15008.57,12826.52
09.05.2019 23:00:00 +02:00,13580.39,10570.26
10.05.2019 00:00:00 +02:00,11430.51,11336.90
10.05.2019 01:00:00 +02:00,10138.01,12027.89
10.05.2019 02:00:00 +02:00,9280.52,10851.30
10.05.2019 03:00:00 +02:00,8749.50,11398.87
10.05.2019 04:00:00 +02:00,9439.32,11555.56
10.05.2019 05:00:00 +02:00,10698.92,11886.74
10.05.2019 06:00:00 +02:00,13930.05,12053.04
10.05.2019 07:00:00 +02:00,16840.47,12154.94
10.05.2019 08:00:00 +02:00,17696.50,12024.79
10.05.2019 09:00:00 +02:00,17313.31,13539.38
10.05.2019 10:00:00 +02:00,16703.04,12724.40
10.05.2019 11:00:00 +02:00,16016.57,14533.94
10.05.2019 12:00:00 +02:00,15333.62,14588.32
10.05.2019 13:00:00 +02:00,14884.54,14805.68
10.05.2019 14:00:00 +02:00,13922.09,14282.68
10.05.2019 15:00:00 +02:00,13239.08,14142.36
10.05.2019 16:00:00 +02:00,13492.83,13814.05
10.05.2019 17:00:00 +02:00,14787.94,14418.65
10.05.2019 18:00:00 +02:00,15557.86,13999.06
10.05.2019 19:00:00 +02:00,15481.13,12902.10
10.05.2019 20:00:00 +02:00,15292.48,12745.27
10.05.2019 21:00:00 +02:00,15349.23,10747.42
10.05.2019 22:00:00 +02:00,15161.70,11555.04
10.05.2019 23:00:00 +02:00,14119.17,11216.63
11.05.2019 00:00:00 +02:00,12959.31,12162.92
11.05.2019 01:00:00 +02:00,11093.23,11812.35
11.05.2019 02:00:00 +02:00,9819.52,11024.05
11.05.2019 03:00:00 +02:00,9754.32,9352.99
11.05.2019 04:00:00 +02:00,9536.41,10769.66
11.05.2019 05:00:00 +02:00,9467.97,11328.16
11.05.2019 06:00:00 +02:00,9682.65,10692.95
11.05.2019 07:00:00 +02:00,10524.24,9558.04
11.05.2019 08:00:00 +02:00,11801.64,11663.81
11.05.2019 09:00:00 +02:00,12646.91,11412.72
11.05.2019 10:00:00 +02:00,12666.87,11167.69
11.05.2019 11:00:00 +02:00,12023.80,11798.62
11.05.2019 12:00:00 +02:00,11269.72,11841.46
11.05.2019 13:00:00 +02:00,10649.43,12862.00
11.05.2019 14:00:00 +02:00,10323.70,12455.89
11.05.2019 15:00:00 +02:00,10135.72,12317.79
11.05.2019 16:00:00 +02:00,10362.08,11391.19
11.05.2019 17:00:00 +02:00,10508.40,13031.05
11.05.2019 18:00:00 +02:00,10648.40,10222.06
11.05.2019 19:00:00 +02:00,10463.59,12723.12
11.05.2019 20:00:00 +02:00,10283.09,13064.82
11.05.2019 21:00:00 +02:00,10806.78,12076.17
11.05.2019 22:00:00 +02:00,11062.27,11359.01
11.05.2019 23:00:00 +02:00,11033.24,10778.33
12.05.2019 00:00:00 +02:00,10361.29,12486.25
12.05.2019 01:00:00 +02:00,10036.27,12266.12
12.05.2019 02:00:00 +02:00,9610.34,12190.51
12.05.2019 03:00:00 +02:00,9040.98,12149.72
12.05.2019 04:00:00 +02:00,8964.73,12277.22
12.05.2019 05:00:00 +02:00,9015.09,10995.72
12.05.2019 06:00:00 +02:00,9348.86,10300.58
12.05.2019 07:00:00 +02:00,9633.96,11323.34
12.05.2019 08:00:00 +02:00,9846.33,12454.90
12.05.2019 09:00:00 +02:00,10261.56,13014.21
12.05.2019 10:00:00 +02:00,10403.24,11211.42
12.05.2019 11:00:00 +02:00,10206.98,10291.78
12.05.2019 12:00:00 +02:00,10092.47,10398.70
12.05.2019 13:00:00 +02:00,10234.39,11773.00
12.05.2019 14:00:00 +02:00,10251.58,12598.96
12.05.2019 15:00:00 +02:00,10133.38,11695.14
12.05.2019 16:00:00 +02:00,10165.72,13339.57
12.05.2019 17:00:00 +02:00,10161.64,12485.42
12.05.2019 18:00:00 +02:00,10654.62,10949.01
12.05.2019 19:00:00 +02:00,10525.92,10330.63
12.05.2019 20:00:00 +02:00,11089.36,11346.42
12.05.2019 21:00:00 +02:00,11628.26,8197.24
12.05.2019 22:00:00 +02:00,12014.47,9814.99
12.05.2019 23:00:00 +02:00,11131.54,10463.96
13.05.2019 00:00:00 +02:00,10567.72,12459.77
13.05.2019 01:00:00 +02:00,10172.69,11410.62
13.05.2019 02:00:00 +02:00,9819.25,9419.24
13.05.2019 03:00:00 +02:00,9680.81,12238.75
13.05.2019 04:00:00 +02:00,9595.98,12521.34
13.05.2019 05:00:00 +02:00,10650.49,11304.82
13.05.2019 06:00:00 +02:00,13529.93,13161.32
13.05.2019 07:00:00 +02:00,16142.01,13447.07
13.05.2019 08:00:00 +02:00,16985.30,14118.08
13.05.2019 09:00:00 +02:00,15696.63,14906.12
13.05.2019 10:00:00 +02:00,14309.86,14905.77
13.05.2019 11:00:00 +02:00,13491.71,14389.68
13.05.2019 12:00:00 +02:00,12967.04,14376.60
13.05.2019 13:00:00 +02:00,12603.64,13467.57
13.05.2019 14:00:00 +02:00,12629.97,13441.45
13.05.2019 15:00:00 +02:00,12579.94,13655.06
13.05.2019 16:00:00 +02:00,12545.77,14064.76
13.05.2019 17:00:00 +02:00,12979.16,12704.03
13.05.2019 18:00:00 +02:00,13535.50,13980.78
13.05.2019 19:00:00 +02:00,14485.12,12484.36
13.05.2019 20:00:00 +02:00,15456.38,13567.62
13.05.2019 21:00:00 +02:00,15667.82,11672.61
13.05.2019 22:00:00 +02:00,15337.62,13162.63
13.05.2019 23:00:00 +02:00,13338.77,12033.99
14.05.2019 00:00:00 +02:00,11826.65,12165.42
14.05.2019 01:00:00 +02:00,10676.71,11837.47
14.05.2019 02:00:00 +02:00,10382.73,11111.87
14.05.2019 03:00:00 +02:00,10423.84,11912.83
14.05.2019 04:00:00 +02:00,10867.50,12032.96
14.05.2019 05:00:00 +02:00,12298.80,12220.46
14.05.2019 06:00:00 +02:00,15705.65,13007.05
14.05.2019 07:00:00 +02:00,17850.59,12434.09
14.05.2019 08:00:00 +02:00,18021.98,14891.27
14.05.2019 09:00:00 +02:00,17132.04,13647.63
14.05.2019 10:00:00 +02:00,16103.79,14314.37
14.05.2019 11:00:00 +02:00,15427.74,13117.44
14.05.2019 12:00:00 +02:00,15043.16,14133.06
14.05.2019 13:00:00 +02:00,14561.53,13227.28
14.05.2019 14:00:00 +02:00,13930.20,13903.26
14.05.2019 15:00:00 +02:00,13302.05,13923.59
14.05.2019 16:00:00 +02:00,13130.57,13824.53
14.05.2019 17:00:00 +02:00,13860.48,13701.45
14.05.2019 18:00:00 +02:00,14887.05,13323.27
14.05.2019 19:00:00 +02:00,16001.11,12679.80
14.05.2019 20:00:00 +02:00,16298.59,10680.16
14.05.2019 21:00:00 +02:00,16000.36,13183.36
14.05.2019 22:00:00 +02:00,15058.78,12392.25
14.05.2019 23:00:00 +02:00,12619.53,11024.05
15.05.2019 00:00:00 +02:00,11163.33,11717.15
15.05.2019 01:00:00 +02:00,10436.07,12100.76
15.05.2019 02:00:00 +02:00,10110.22,11961.03
15.05.2019 03:00:00 +02:00,10156.88,11752.30
15.05.2019 04:00:00 +02:00,10317.50,11985.09
15.05.2019 05:00:00 +02:00,11696.40,11589.96
15.05.2019 06:00:00 +02:00,15327.43,11890.35
15.05.2019 07:00:00 +02:00,17713.36,11733.54
15.05.2019 08:00:00 +02:00,18029.56,14285.66
15.05.2019 09:00:00 +02:00,17426.92,14338.38
15.05.2019 10:00:00 +02:00,16729.91,11782.37
15.05.2019 11:00:00 +02:00,15489.91,13892.96
15.05.2019 12:00:00 +02:00,15063.66,11653.99
15.05.2019 13:00:00 +02:00,14939.18,13383.88
15.05.2019 14:00:00 +02:00,14669.98,13335.93
15.05.2019 15:00:00 +02:00,14126.55,13451.67
15.05.2019 16:00:00 +02:00,13798.03,13421.86
15.05.2019 17:00:00 +02:00,14337.77,13278.92
15.05.2019 18:00:00 +02:00,15321.23,12713.97
15.05.2019 19:00:00 +02:00,16029.90,12445.29
15.05.2019 20:00:00 +02:00,15721.48,12273.62
15.05.2019 21:00:00 +02:00,14650.10,12197.88
15.05.2019 22:00:00 +02:00,13101.58,12929.17
15.05.2019 23:00:00 +02:00,10892.97,12494.92
16.05.2019 00:00:00 +02:00,9950.45,10897.76
16.05.2019 01:00:00 +02:00,9604.22,11389.86
16.05.2019 02:00:00 +02:00,9567.28,11087.91
16.05.2019 03:00:00 +02:00,9447.44,10089.12
16.05.2019 04:00:00 +02:00,9624.46,9721.57
16.05.2019 05:00:00 +02:00,10548.46,10402.47
16.05.2019 06:00:00 +02:00,13583.19,12522.26
16.05.2019 07:00:00 +02:00,16236.40,13169.05
16.05.2019 08:00:00 +02:00,17317.83,13451.75
16.05.2019 09:00:00 +02:00,16940.91,12390.64
16.05.2019 10:00:00 +02:00,16224.95,8412.04
16.05.2019 11:00:00 +02:00,15381.76,12489.79
16.05.2019 12:00:00 +02:00,14247.31,11932.91
16.05.2019 13:00:00 +02:00,13348.21,13184.60
16.05.2019 14:00:00 +02:00,12523.30,12060.53
16.05.2019 15:00:00 +02:00,12140.91,12786.42
16.05.2019 16:00:00 +02:00,12243.77,12864.40
16.05.2019 17:00:00 +02:00,12790.25,12711.49
16.05.2019 18:00:00 +02:00,13083.48,11923.61
16.05.2019 19:00:00 +02:00,13486.69,11970.91
16.05.2019 20:00:00 +02:00,13268.98,12391.20
16.05.2019 21:00:00 +02:00,12683.88,11319.95
16.05.2019 22:00:00 +02:00,11683.33,12170.22
16.05.2019 23:00:00 +02:00,9858.08,10218.94
17.05.2019 00:00:00 +02:00,9158.53,9418.63
17.05.2019 01:00:00 +02:00,8519.34,9428.07
17.05.2019 02:00:00 +02:00,8414.60,10281.90
17.05.2019 03:00:00 +02:00,8343.38,9880.79
17.05.2019 04:00:00 +02:00,8419.99,10008.05
17.05.2019 05:00:00 +02:00,9072.34,10565.10
17.05.2019 06:00:00 +02:00,11753.66,10879.85
17.05.2019 07:00:00 +02:00,13460.97,11193.77
17.05.2019 08:00:00 +02:00,13949.87,12155.59
17.05.2019 09:00:00 +02:00,13855.01,12031.25
17.05.2019 10:00:00 +02:00,13501.62,9554.81
17.05.2019 11:00:00 +02:00,12760.96,10278.64
17.05.2019 12:00:00 +02:00,12330.00,9668.44
17.05.2019 13:00:00 +02:00,12069.60,9699.19
17.05.2019 14:00:00 +02:00,11227.35,9908.19
17.05.2019 15:00:00 +02:00,10695.38,10788.71
17.05.2019 16:00:00 +02:00,11082.64,9408.93
17.05.2019 17:00:00 +02:00,11968.70,9179.76
17.05.2019 18:00:00 +02:00,12595.67,9012.83
17.05.2019 19:00:00 +02:00,12985.90,10134.13
17.05.2019 20:00:00 +02:00,13241.43,9233.52
17.05.2019 21:00:00 +02:00,13329.63,8521.84
17.05.2019 22:00:00 +02:00,12922.78,10815.16
17.05.2019 23:00:00 +02:00,12388.86,10142.14
18.05.2019 00:00:00 +02:00,11073.05,9656.45
18.05.2019 01:00:00 +02:00,9966.15,10243.34
18.05.2019 02:00:00 +02:00,9145.17,9814.98
18.05.2019 03:00:00 +02:00,8870.26,7539.29
18.05.2019 04:00:00 +02:00,8979.34,6978.24
18.05.2019 05:00:00 +02:00,8852.97,9386.19
18.05.2019 06:00:00 +02:00,9049.54,8500.56
18.05.2019 07:00:00 +02:00,9995.32,10707.30
18.05.2019 08:00:00 +02:00,11238.04,11015.50
18.05.2019 09:00:00 +02:00,11787.43,12036.06
18.05.2019 10:00:00 +02:00,11808.40,11000.69
18.05.2019 11:00:00 +02:00,11316.45,11861.29
18.05.2019 12:00:00 +02:00,11185.65,12278.00
18.05.2019 13:00:00 +02:00,10658.61,11550.15
18.05.2019 14:00:00 +02:00,10446.73,12067.79
18.05.2019 15:00:00 +02:00,10181.33,10753.81
18.05.2019 16:00:00 +02:00,10216.99,11739.95
18.05.2019 17:00:00 +02:00,11157.46,11960.60
18.05.2019 18:00:00 +02:00,12747.58,12181.39
18.05.2019 19:00:00 +02:00,13472.30,11939.69
18.05.2019 20:00:00 +02:00,13664.39,10589.36
18.05.2019 21:00:00 +02:00,13805.78,8876.83
18.05.2019 22:00:00 +02:00,13455.03,10721.48
18.05.2019 23:00:00 +02:00,12666.25,10495.07
19.05.2019 00:00:00 +02:00,11355.21,7873.91
19.05.2019 01:00:00 +02:00,9860.54,10579.36
19.05.2019 02:00:00 +02:00,9174.06,10334.87
19.05.2019 03:00:00 +02:00,8599.53,10621.40
19.05.2019 04:00:00 +02:00,8427.24,10007.20
19.05.2019 05:00:00 +02:00,8449.88,10097.89
19.05.2019 06:00:00 +02:00,8690.91,10560.54
19.05.2019 07:00:00 +02:00,9474.37,10748.38
19.05.2019 08:00:00 +02:00,10231.76,11062.67
19.05.2019 09:00:00 +02:00,10974.94,11364.89
19.05.2019 10:00:00 +02:00,11216.69,11902.94
19.05.2019 11:00:00 +02:00,11676.27,11992.11
19.05.2019 12:00:00 +02:00,11761.96,11978.32
19.05.2019 13:00:00 +02:00,11321.51,11857.45
19.05.2019 14:00:00 +02:00,11135.44,11893.63
19.05.2019 15:00:00 +02:00,11210.47,11852.12
19.05.2019 16:00:00 +02:00,11396.35,11831.52
19.05.2019 17:00:00 +02:00,11671.45,11852.18
19.05.2019 18:00:00 +02:00,12323.56,10925.02
19.05.2019 19:00:00 +02:00,13925.86,9538.44
19.05.2019 20:00:00 +02:00,14198.95,10400.42
19.05.2019 21:00:00 +02:00,13951.79,11576.46
19.05.2019 22:00:00 +02:00,13983.21,11550.87
19.05.2019 23:00:00 +02:00,12485.61,9672.54
20.05.2019 00:00:00 +02:00,10722.78,10233.34
20.05.2019 01:00:00 +02:00,9679.18,10331.01
20.05.2019 02:00:00 +02:00,9515.25,10337.03
20.05.2019 03:00:00 +02:00,9564.76,10374.31
20.05.2019 04:00:00 +02:00,9853.65,9631.79
20.05.2019 05:00:00 +02:00,11254.74,8880.17
20.05.2019 06:00:00 +02:00,15372.37,11720.35
20.05.2019 07:00:00 +02:00,16852.00,9845.88
20.05.2019 08:00:00 +02:00,17756.39,13185.26
20.05.2019 09:00:00 +02:00,17884.15,12230.03
20.05.2019 10:00:00 +02:00,17794.02,11121.32
20.05.2019 11:00:00 +02:00,17547.26,12413.40
20.05.2019 12:00:00 +02:00,17665.88,12867.90
20.05.2019 13:00:00 +02:00,17614.11,11431.18
20.05.2019 14:00:00 +02:00,17503.16,2152.82
20.05.2019 15:00:00 +02:00,17241.38,10832.58
20.05.2019 16:00:00 +02:00,17206.91,13041.75
20.05.2019 17:00:00 +02:00,17580.50,11880.38
20.05.2019 18:00:00 +02:00,17295.45,12851.31
20.05.2019 19:00:00 +02:00,17234.18,12726.79
20.05.2019 20:00:00 +02:00,16849.10,11311.20
20.05.2019 21:00:00 +02:00,16449.61,12689.13
20.05.2019 22:00:00 +02:00,15480.51,11998.05
20.05.2019 23:00:00 +02:00,12310.55,10640.31
21.05.2019 00:00:00 +02:00,10566.21,10869.67
21.05.2019 01:00:00 +02:00,9888.22,10909.89
21.05.2019 02:00:00 +02:00,9580.07,10799.20
21.05.2019 03:00:00 +02:00,9399.24,10805.19
21.05.2019 04:00:00 +02:00,9569.29,10611.56
21.05.2019 05:00:00 +02:00,10087.39,10758.12
21.05.2019 06:00:00 +02:00,13483.41,11193.00
21.05.2019 07:00:00 +02:00,16223.42,11420.52
21.05.2019 08:00:00 +02:00,16862.45,9058.65
21.05.2019 09:00:00 +02:00,16852.49,11663.91
21.05.2019 10:00:00 +02:00,16809.09,5667.25
21.05.2019 11:00:00 +02:00,16764.70,4783.77
21.05.2019 12:00:00 +02:00,16661.98,432.52
21.05.2019 13:00:00 +02:00,16647.37,3430.07
21.05.2019 14:00:00 +02:00,16470.18,9437.62
21.05.2019 15:00:00 +02:00,15831.13,10525.86
21.05.2019 16:00:00 +02:00,14994.41,11768.58
21.05.2019 17:00:00 +02:00,15483.51,12511.03
21.05.2019 18:00:00 +02:00,15978.51,10295.02
21.05.2019 19:00:00 +02:00,15939.57,9628.86
21.05.2019 20:00:00 +02:00,15178.50,12519.56
21.05.2019 21:00:00 +02:00,14501.38,12392.00
21.05.2019 22:00:00 +02:00,13207.76,12192.50
21.05.2019 23:00:00 +02:00,10812.30,11453.90
22.05.2019 00:00:00 +02:00,9859.59,11090.36
22.05.2019 01:00:00 +02:00,9602.30,9881.19
22.05.2019 02:00:00 +02:00,9313.96,9730.02
22.05.2019 03:00:00 +02:00,9245.95,9844.98
22.05.2019 04:00:00 +02:00,9364.22,10328.68
22.05.2019 05:00:00 +02:00,9787.54,10652.47
22.05.2019 06:00:00 +02:00,12286.60,10063.11
22.05.2019 07:00:00 +02:00,15609.00,11871.99
22.05.2019 08:00:00 +02:00,16906.19,10345.57
22.05.2019 09:00:00 +02:00,16917.80,6461.92
22.05.2019 10:00:00 +02:00,16790.42,9643.32
22.05.2019 11:00:00 +02:00,16307.89,11760.61
22.05.2019 12:00:00 +02:00,15535.53,12440.24
22.05.2019 13:00:00 +02:00,15140.43,12478.43
22.05.2019 14:00:00 +02:00,14247.40,11962.10
22.05.2019 15:00:00 +02:00,13427.40,12830.63
22.05.2019 16:00:00 +02:00,13514.27,11807.12
22.05.2019 17:00:00 +02:00,14416.11,9774.68
22.05.2019 18:00:00 +02:00,15561.96,10600.63
22.05.2019 19:00:00 +02:00,16495.40,10471.39
22.05.2019 20:00:00 +02:00,16039.06,11080.57
22.05.2019 21:00:00 +02:00,15837.96,12764.26
22.05.2019 22:00:00 +02:00,15062.28,12028.60
22.05.2019 23:00:00 +02:00,13897.96,8673.20
23.05.2019 00:00:00 +02:00,11667.41,7751.53
23.05.2019 01:00:00 +02:00,11289.99,10110.56
23.05.2019 02:00:00 +02:00,10785.58,9246.10
23.05.2019 03:00:00 +02:00,10630.44,9552.01
23.05.2019 04:00:00 +02:00,10797.38,10596.99
23.05.2019 05:00:00 +02:00,11548.79,9555.24
23.05.2019 06:00:00 +02:00,14473.22,10348.00
23.05.2019 07:00:00 +02:00,16491.47,12161.60
23.05.2019 08:00:00 +02:00,16361.97,12692.96
23.05.2019 09:00:00 +02:00,15323.37,11243.86
23.05.2019 10:00:00 +02:00,14222.74,9722.02
23.05.2019 11:00:00 +02:00,14269.30,11043.22
23.05.2019 12:00:00 +02:00,14173.07,12773.20
23.05.2019 13:00:00 +02:00,14233.47,12734.86
23.05.2019 14:00:00 +02:00,14257.54,12980.23
23.05.2019 15:00:00 +02:00,14571.79,11924.69
23.05.2019 16:00:00 +02:00,14966.13,11872.65
23.05.2019 17:00:00 +02:00,16387.35,11412.54
23.05.2019 18:00:00 +02:00,16828.71,12863.91
23.05.2019 19:00:00 +02:00,16909.97,12819.49
23.05.2019 20:00:00 +02:00,16558.50,11206.98
23.05.2019 21:00:00 +02:00,16503.52,12888.10
23.05.2019 22:00:00 +02:00,15853.77,12650.70
23.05.2019 23:00:00 +02:00,14791.83,12154.31
24.05.2019 00:00:00 +02:00,12955.20,11245.21
24.05.2019 01:00:00 +02:00,11492.54,11319.67
24.05.2019 02:00:00 +02:00,11223.51,11128.72
24.05.2019 03:00:00 +02:00,11035.35,11076.93
24.05.2019 04:00:00 +02:00,11194.00,10700.78
24.05.2019 05:00:00 +02:00,12143.73,10517.46
24.05.2019 06:00:00 +02:00,14968.68,10584.82
24.05.2019 07:00:00 +02:00,16967.75,13010.53
24.05.2019 08:00:00 +02:00,17672.86,12003.85
24.05.2019 09:00:00 +02:00,17259.33,13370.27
24.05.2019 10:00:00 +02:00,16215.20,13326.67
24.05.2019 11:00:00 +02:00,14653.05,13646.43
24.05.2019 12:00:00 +02:00,13388.81,13136.05
24.05.2019 13:00:00 +02:00,12122.04,12787.78
24.05.2019 14:00:00 +02:00,11896.76,13091.75
24.05.2019 15:00:00 +02:00,11926.42,12721.04
24.05.2019 16:00:00 +02:00,12215.44,13016.14
24.05.2019 17:00:00 +02:00,13331.30,12916.28
24.05.2019 18:00:00 +02:00,15188.50,12593.95
24.05.2019 19:00:00 +02:00,15770.43,12506.77
24.05.2019 20:00:00 +02:00,15524.65,12156.16
24.05.2019 21:00:00 +02:00,15015.78,11585.73
24.05.2019 22:00:00 +02:00,14621.38,10874.18
24.05.2019 23:00:00 +02:00,13688.71,11335.60
25.05.2019 00:00:00 +02:00,13000.15,11327.55
25.05.2019 01:00:00 +02:00,11644.79,11398.14
25.05.2019 02:00:00 +02:00,10396.75,11193.73
25.05.2019 03:00:00 +02:00,10188.33,11149.33
25.05.2019 04:00:00 +02:00,10049.24,10998.55
25.05.2019 05:00:00 +02:00,10041.67,10970.37
25.05.2019 06:00:00 +02:00,10402.46,11157.25
25.05.2019 07:00:00 +02:00,10935.45,11523.60
25.05.2019 08:00:00 +02:00,12621.99,11922.74
25.05.2019 09:00:00 +02:00,12786.88,12434.84
25.05.2019 10:00:00 +02:00,11770.47,12480.49
25.05.2019 11:00:00 +02:00,11507.45,11589.57
25.05.2019 12:00:00 +02:00,11364.42,12574.16
25.05.2019 13:00:00 +02:00,10653.72,11865.79
25.05.2019 14:00:00 +02:00,10051.58,11546.63
25.05.2019 15:00:00 +02:00,9855.83,12130.31
25.05.2019 16:00:00 +02:00,10022.50,12182.29
25.05.2019 17:00:00 +02:00,10457.32,12208.79
25.05.2019 18:00:00 +02:00,12134.08,11039.73
25.05.2019 19:00:00 +02:00,13038.85,12463.42
25.05.2019 20:00:00 +02:00,12787.52,11961.50
25.05.2019 21:00:00 +02:00,12726.19,12185.73
25.05.2019 22:00:00 +02:00,12495.71,11892.47
25.05.2019 23:00:00 +02:00,11523.19,11692.62
26.05.2019 00:00:00 +02:00,10066.64,11048.12
26.05.2019 01:00:00 +02:00,9271.20,10574.25
26.05.2019 02:00:00 +02:00,8957.36,8708.96
26.05.2019 03:00:00 +02:00,8628.86,10581.03
26.05.2019 04:00:00 +02:00,8267.96,10855.73
26.05.2019 05:00:00 +02:00,7799.35,10723.78
26.05.2019 06:00:00 +02:00,7786.58,11069.61
26.05.2019 07:00:00 +02:00,8003.67,11117.10
26.05.2019 08:00:00 +02:00,8371.14,6808.41
26.05.2019 09:00:00 +02:00,8779.72,11683.72
26.05.2019 10:00:00 +02:00,9199.36,11766.03
26.05.2019 11:00:00 +02:00,9380.85,11892.95
26.05.2019 12:00:00 +02:00,9247.90,12259.42
26.05.2019 13:00:00 +02:00,9148.64,12186.01
26.05.2019 14:00:00 +02:00,9262.40,12096.75
26.05.2019 15:00:00 +02:00,9462.69,10672.13
26.05.2019 16:00:00 +02:00,10211.53,12275.97
26.05.2019 17:00:00 +02:00,11012.80,11870.99
26.05.2019 18:00:00 +02:00,11411.82,12471.10
26.05.2019 19:00:00 +02:00,11969.91,12582.89
26.05.2019 20:00:00 +02:00,11530.55,12656.02
26.05.2019 21:00:00 +02:00,10906.01,12556.42
26.05.2019 22:00:00 +02:00,10548.58,12485.84
26.05.2019 23:00:00 +02:00,9545.18,11600.65
27.05.2019 00:00:00 +02:00,8573.92,11769.81
27.05.2019 01:00:00 +02:00,8434.25,11270.38
27.05.2019 02:00:00 +02:00,8297.11,10960.70
27.05.2019 03:00:00 +02:00,8263.60,10724.50
27.05.2019 04:00:00 +02:00,8385.16,9947.93
27.05.2019 05:00:00 +02:00,8967.60,10790.45
27.05.2019 06:00:00 +02:00,12199.84,12618.68
27.05.2019 07:00:00 +02:00,15618.97,13090.68
27.05.2019 08:00:00 +02:00,17004.35,13884.97
27.05.2019 09:00:00 +02:00,16245.36,13784.55
27.05.2019 10:00:00 +02:00,15131.56,13953.25
27.05.2019 11:00:00 +02:00,14515.76,13848.93
27.05.2019 12:00:00 +02:00,13441.30,13752.57
27.05.2019 13:00:00 +02:00,13077.54,13491.86
27.05.2019 14:00:00 +02:00,12990.46,13319.09
27.05.2019 15:00:00 +02:00,12704.71,13536.31
27.05.2019 16:00:00 +02:00,12978.19,13745.21
27.05.2019 17:00:00 +02:00,14321.02,13591.11
27.05.2019 18:00:00 +02:00,15429.06,13396.85
27.05.2019 19:00:00 +02:00,15626.99,13155.36
27.05.2019 20:00:00 +02:00,15576.53,10220.39
27.05.2019 21:00:00 +02:00,15519.85,13274.94
27.05.2019 22:00:00 +02:00,15083.61,12885.91
27.05.2019 23:00:00 +02:00,13391.28,10618.01
28.05.2019 00:00:00 +02:00,11300.24,12145.93
28.05.2019 01:00:00 +02:00,10517.73,11834.83
28.05.2019 02:00:00 +02:00,10296.06,10397.20
28.05.2019 03:00:00 +02:00,10157.21,11537.26
28.05.2019 04:00:00 +02:00,10211.66,11619.31
28.05.2019 05:00:00 +02:00,11360.83,11837.92
28.05.2019 06:00:00 +02:00,14628.88,12594.01
28.05.2019 07:00:00 +02:00,16085.24,13697.14
28.05.2019 08:00:00 +02:00,16521.64,13933.78
28.05.2019 09:00:00 +02:00,16228.95,13343.56
28.05.2019 10:00:00 +02:00,16287.79,11616.31
28.05.2019 11:00:00 +02:00,15680.62,13081.06
28.05.2019 12:00:00 +02:00,15403.33,13230.18
28.05.2019 13:00:00 +02:00,15230.50,13153.42
28.05.2019 14:00:00 +02:00,14936.39,11986.74
28.05.2019 15:00:00 +02:00,14141.20,13080.12
28.05.2019 16:00:00 +02:00,14176.06,13499.18
28.05.2019 17:00:00 +02:00,14774.34,12271.06
28.05.2019 18:00:00 +02:00,14795.45,13315.29
28.05.2019 19:00:00 +02:00,14737.69,12201.28
28.05.2019 20:00:00 +02:00,14577.85,13362.74
28.05.2019 21:00:00 +02:00,14517.60,13346.89
28.05.2019 22:00:00 +02:00,13459.67,12702.04
28.05.2019 23:00:00 +02:00,11369.46,11893.71
29.05.2019 00:00:00 +02:00,10428.52,1635.09
29.05.2019 01:00:00 +02:00,9740.30,588.32
29.05.2019 02:00:00 +02:00,9248.28,4690.91
29.05.2019 03:00:00 +02:00,9286.99,8802.87
29.05.2019 04:00:00 +02:00,9788.80,11317.96
29.05.2019 05:00:00 +02:00,10803.42,11394.46
29.05.2019 06:00:00 +02:00,13692.79,10062.24
29.05.2019 07:00:00 +02:00,15852.12,13110.61
29.05.2019 08:00:00 +02:00,15837.63,14029.64
29.05.2019 09:00:00 +02:00,15629.10,13157.57
29.05.2019 10:00:00 +02:00,15582.94,11642.88
29.05.2019 11:00:00 +02:00,15429.72,13118.29
29.05.2019 12:00:00 +02:00,15327.55,8821.32
29.05.2019 13:00:00 +02:00,14937.77,9215.18
29.05.2019 14:00:00 +02:00,14604.15,11295.12
29.05.2019 15:00:00 +02:00,14052.95,10747.50
29.05.2019 16:00:00 +02:00,14423.26,11610.57
29.05.2019 17:00:00 +02:00,14805.19,13003.27
29.05.2019 18:00:00 +02:00,14957.34,13179.54
29.05.2019 19:00:00 +02:00,14686.35,12019.64
29.05.2019 20:00:00 +02:00,14306.24,11288.50
29.05.2019 21:00:00 +02:00,13902.20,12042.95
29.05.2019 22:00:00 +02:00,13326.60,12550.71
29.05.2019 23:00:00 +02:00,12140.26,12240.13
30.05.2019 00:00:00 +02:00,10423.59,11530.90
30.05.2019 01:00:00 +02:00,9438.08,11495.30
30.05.2019 02:00:00 +02:00,8836.95,11316.61
30.05.2019 03:00:00 +02:00,8201.81,11419.59
30.05.2019 04:00:00 +02:00,8277.22,9997.58
30.05.2019 05:00:00 +02:00,8512.29,11149.05
30.05.2019 06:00:00 +02:00,8730.81,11482.73
30.05.2019 07:00:00 +02:00,9591.74,10505.82
30.05.2019 08:00:00 +02:00,9668.96,10079.38
30.05.2019 09:00:00 +02:00,10020.35,13073.91
30.05.2019 10:00:00 +02:00,10316.61,9173.51
30.05.2019 11:00:00 +02:00,10668.20,11556.89
30.05.2019 12:00:00 +02:00,11051.08,12016.26
30.05.2019 13:00:00 +02:00,10657.49,13325.16
30.05.2019 14:00:00 +02:00,10136.14,13469.55
30.05.2019 15:00:00 +02:00,10275.77,13358.59
30.05.2019 16:00:00 +02:00,10455.63,12616.14
30.05.2019 17:00:00 +02:00,10206.36,12879.90
30.05.2019 18:00:00 +02:00,10608.21,12496.72
30.05.2019 19:00:00 +02:00,11605.70,12252.06
30.05.2019 20:00:00 +02:00,11845.35,12339.73
30.05.2019 21:00:00 +02:00,12289.73,12710.91
30.05.2019 22:00:00 +02:00,12870.04,12488.56
30.05.2019 23:00:00 +02:00,11731.62,12573.77
31.05.2019 00:00:00 +02:00,10454.23,12222.46
31.05.2019 01:00:00 +02:00,9475.59,11736.60
31.05.2019 02:00:00 +02:00,9042.42,11018.58
31.05.2019 03:00:00 +02:00,8786.15,11838.12
31.05.2019 04:00:00 +02:00,8677.49,11009.41
31.05.2019 05:00:00 +02:00,9431.46,11816.67
31.05.2019 06:00:00 +02:00,11359.25,12548.02
31.05.2019 07:00:00 +02:00,13601.31,13293.27
31.05.2019 08:00:00 +02:00,15401.70,13265.89
31.05.2019 09:00:00 +02:00,15285.13,12472.16
31.05.2019 10:00:00 +02:00,13749.73,13653.53
31.05.2019 11:00:00 +02:00,12693.59,13749.03
31.05.2019 12:00:00 +02:00,11848.65,13632.56
31.05.2019 13:00:00 +02:00,10626.82,10537.53
31.05.2019 14:00:00 +02:00,10970.69,13207.09
31.05.2019 15:00:00 +02:00,10732.47,9543.30
31.05.2019 16:00:00 +02:00,11026.15,13162.02
31.05.2019 17:00:00 +02:00,12299.31,12697.18
31.05.2019 18:00:00 +02:00,13977.15,11831.41
31.05.2019 19:00:00 +02:00,14837.56,12837.80
31.05.2019 20:00:00 +02:00,13896.22,12263.27
31.05.2019 21:00:00 +02:00,13161.78,11717.24
31.05.2019 22:00:00 +02:00,12659.96,12422.27
31.05.2019 23:00:00 +02:00,12636.20,12192.62
01.06.2019 00:00:00 +02:00,11449.67,9456.39
01.06.2019 01:00:00 +02:00,10068.94,11633.28
01.06.2019 02:00:00 +02:00,9245.20,11429.33
01.06.2019 03:00:00 +02:00,8681.32,10429.31
01.06.2019 04:00:00 +02:00,8523.72,10493.95
01.06.2019 05:00:00 +02:00,8800.50,11246.96
01.06.2019 06:00:00 +02:00,8999.53,11406.47
01.06.2019 07:00:00 +02:00,9534.03,10986.54
01.06.2019 08:00:00 +02:00,9467.81,11930.01
01.06.2019 09:00:00 +02:00,9761.61,12625.76
01.06.2019 10:00:00 +02:00,9876.57,13007.62
01.06.2019 11:00:00 +02:00,9767.85,13079.68
01.06.2019 12:00:00 +02:00,9694.29,12458.22
01.06.2019 13:00:00 +02:00,9409.01,12471.23
01.06.2019 14:00:00 +02:00,9389.80,12425.98
01.06.2019 15:00:00 +02:00,9147.09,10644.83
01.06.2019 16:00:00 +02:00,9328.16,12495.36
01.06.2019 17:00:00 +02:00,10133.49,11297.10
01.06.2019 18:00:00 +02:00,11473.78,12544.11
01.06.2019 19:00:00 +02:00,12576.94,12416.60
01.06.2019 20:00:00 +02:00,12883.83,11041.57
01.06.2019 21:00:00 +02:00,13062.81,12052.31
01.06.2019 22:00:00 +02:00,13001.93,10749.01
01.06.2019 23:00:00 +02:00,11787.90,11691.72
02.06.2019 00:00:00 +02:00,10534.17,11520.58
02.06.2019 01:00:00 +02:00,9704.00,11502.14
02.06.2019 02:00:00 +02:00,8836.70,10368.31
02.06.2019 03:00:00 +02:00,8429.58,10677.64
02.06.2019 04:00:00 +02:00,8145.25,10383.29
02.06.2019 05:00:00 +02:00,8279.07,10538.66
02.06.2019 06:00:00 +02:00,8322.22,11167.10
02.06.2019 07:00:00 +02:00,8364.50,11320.07
02.06.2019 08:00:00 +02:00,8462.05,10069.77
02.06.2019 09:00:00 +02:00,8935.12,11394.35
02.06.2019 10:00:00 +02:00,9248.30,12078.75
02.06.2019 11:00:00 +02:00,8950.32,11038.79
02.06.2019 12:00:00 +02:00,8685.30,10975.65
02.06.2019 13:00:00 +02:00,8555.71,11865.94
02.06.2019 14:00:00 +02:00,8746.82,11346.87
02.06.2019 15:00:00 +02:00,8679.47,11383.65
02.06.2019 16:00:00 +02:00,8980.08,10875.15
02.06.2019 17:00:00 +02:00,10029.96,12237.50
02.06.2019 18:00:00 +02:00,11847.61,10892.80
02.06.2019 19:00:00 +02:00,14443.14,12449.24
02.06.2019 20:00:00 +02:00,15123.60,12309.10
02.06.2019 21:00:00 +02:00,13785.02,12620.65
02.06.2019 22:00:00 +02:00,12203.66,11948.51
02.06.2019 23:00:00 +02:00,10031.50,12017.64
03.06.2019 00:00:00 +02:00,8924.93,11577.47
03.06.2019 01:00:00 +02:00,8900.87,10847.98
03.06.2019 02:00:00 +02:00,8709.06,10546.99
03.06.2019 03:00:00 +02:00,8429.75,11000.77
03.06.2019 04:00:00 +02:00,8823.10,9910.90
03.06.2019 05:00:00 +02:00,9746.18,11296.88
03.06.2019 06:00:00 +02:00,13161.33,11453.79
03.06.2019 07:00:00 +02:00,15737.84,13285.08
03.06.2019 08:00:00 +02:00,16660.85,13145.44
03.06.2019 09:00:00 +02:00,16929.70,11689.74
03.06.2019 10:00:00 +02:00,16336.33,11973.66
03.06.2019 11:00:00 +02:00,16497.53,10614.29
03.06.2019 12:00:00 +02:00,16064.74,11062.59
03.06.2019 13:00:00 +02:00,15737.98,12598.57
03.06.2019 14:00:00 +02:00,15128.00,11636.64
03.06.2019 15:00:00 +02:00,14862.49,12306.08
03.06.2019 16:00:00 +02:00,14985.65,12487.54
03.06.2019 17:00:00 +02:00,15616.27,12998.36
03.06.2019 18:00:00 +02:00,16279.32,13152.06
03.06.2019 19:00:00 +02:00,16002.15,11317.99
03.06.2019 20:00:00 +02:00,15189.70,9925.46
03.06.2019 21:00:00 +02:00,14646.36,11792.17
03.06.2019 22:00:00 +02:00,14168.34,12644.58
03.06.2019 23:00:00 +02:00,13448.60,12201.03
04.06.2019 00:00:00 +02:00,12013.42,10829.59
04.06.2019 01:00:00 +02:00,11460.57,11087.87
04.06.2019 02:00:00 +02:00,10881.34,11130.49
04.06.2019 03:00:00 +02:00,10569.53,11275.11
04.06.2019 04:00:00 +02:00,10981.10,8781.37
04.06.2019 05:00:00 +02:00,11619.70,7655.79
04.06.2019 06:00:00 +02:00,14265.50,11281.20
04.06.2019 07:00:00 +02:00,15644.89,11759.50
04.06.2019 08:00:00 +02:00,16464.49,12353.55
04.06.2019 09:00:00 +02:00,16462.46,13147.27
04.06.2019 10:00:00 +02:00,16006.42,11477.26
04.06.2019 11:00:00 +02:00,15795.02,11863.62
04.06.2019 12:00:00 +02:00,15504.51,10584.09
04.06.2019 13:00:00 +02:00,14709.96,11840.87
04.06.2019 14:00:00 +02:00,14333.65,11662.08
04.06.2019 15:00:00 +02:00,13781.87,12959.58
04.06.2019 16:00:00 +02:00,14209.20,12303.02
04.06.2019 17:00:00 +02:00,14997.79,12365.72
04.06.2019 18:00:00 +02:00,14878.19,11164.39
04.06.2019 19:00:00 +02:00,14619.54,10243.73
04.06.2019 20:00:00 +02:00,14144.60,12215.19
04.06.2019 21:00:00 +02:00,12984.65,12496.24
04.06.2019 22:00:00 +02:00,12103.71,10690.57
04.06.2019 23:00:00 +02:00,10860.06,12214.39
05.06.2019 00:00:00 +02:00,10145.38,10544.23
05.06.2019 01:00:00 +02:00,9795.48,10797.01
05.06.2019 02:00:00 +02:00,9500.98,11280.61
05.06.2019 03:00:00 +02:00,9210.45,10450.41
05.06.2019 04:00:00 +02:00,8915.14,10201.77
05.06.2019 05:00:00 +02:00,9641.99,10620.42
05.06.2019 06:00:00 +02:00,12528.57,12188.83
05.06.2019 07:00:00 +02:00,14966.74,13312.44
05.06.2019 08:00:00 +02:00,16336.28,12405.90
05.06.2019 09:00:00 +02:00,16567.37,13748.75
05.06.2019 10:00:00 +02:00,16680.83,13547.48
05.06.2019 11:00:00 +02:00,16712.42,13509.31
05.06.2019 12:00:00 +02:00,16375.98,13117.62
05.06.2019 13:00:00 +02:00,15856.16,13189.79
05.06.2019 14:00:00 +02:00,15368.51,12177.05
05.06.2019 15:00:00 +02:00,15552.16,13338.89
05.06.2019 16:00:00 +02:00,15402.95,12411.77
05.06.2019 17:00:00 +02:00,15427.41,11825.44
05.06.2019 18:00:00 +02:00,15154.10,12339.88
05.06.2019 19:00:00 +02:00,14893.84,8613.30
05.06.2019 20:00:00 +02:00,14333.98,11629.28
05.06.2019 21:00:00 +02:00,13383.88,11902.53
05.06.2019 22:00:00 +02:00,12523.19,9345.72
05.06.2019 23:00:00 +02:00,10945.55,9253.97
06.06.2019 00:00:00 +02:00,9588.15,10593.50
06.06.2019 01:00:00 +02:00,8740.64,10809.48
06.06.2019 02:00:00 +02:00,8386.67,10416.31
06.06.2019 03:00:00 +02:00,8374.79,10346.94
06.06.2019 04:00:00 +02:00,8584.98,10240.69
06.06.2019 05:00:00 +02:00,8943.80,9548.61
06.06.2019 06:00:00 +02:00,11143.08,11835.84
06.06.2019 07:00:00 +02:00,13344.71,12406.09
06.06.2019 08:00:00 +02:00,13972.85,10906.94
06.06.2019 09:00:00 +02:00,14586.33,9356.90
06.06.2019 10:00:00 +02:00,13900.92,8648.56
06.06.2019 11:00:00 +02:00,13468.76,0.00
06.06.2019 12:00:00 +02:00,13468.76,0.00
06.06.2019 13:00:00 +02:00,13468.76,0.00
06.06.2019 14:00:00 +02:00,13252.44,217.32
06.06.2019 15:00:00 +02:00,12768.65,648.33
06.06.2019 16:00:00 +02:00,12528.72,12720.81
06.06.2019 17:00:00 +02:00,12982.90,12397.17
06.06.2019 18:00:00 +02:00,13714.06,11494.48
06.06.2019 19:00:00 +02:00,14141.04,12469.23
06.06.2019 20:00:00 +02:00,13610.03,11960.92
06.06.2019 21:00:00 +02:00,13346.10,12150.34
06.06.2019 22:00:00 +02:00,13054.35,11132.04
06.06.2019 23:00:00 +02:00,12497.95,11579.13
07.06.2019 00:00:00 +02:00,11894.51,11235.07
07.06.2019 01:00:00 +02:00,11470.78,10688.73
07.06.2019 02:00:00 +02:00,11040.28,10325.71
07.06.2019 03:00:00 +02:00,10722.43,10553.70
07.06.2019 04:00:00 +02:00,10294.31,9221.28
07.06.2019 05:00:00 +02:00,11046.96,8824.20
07.06.2019 06:00:00 +02:00,12751.60,11285.87
07.06.2019 07:00:00 +02:00,14582.28,10471.36
07.06.2019 08:00:00 +02:00,15143.80,12948.01
07.06.2019 09:00:00 +02:00,15178.70,10866.31
07.06.2019 10:00:00 +02:00,14948.56,13010.92
07.06.2019 11:00:00 +02:00,14825.22,12717.14
07.06.2019 12:00:00 +02:00,14112.43,12428.15
07.06.2019 13:00:00 +02:00,12796.53,12360.02
07.06.2019 14:00:00 +02:00,12200.85,12710.87
07.06.2019 15:00:00 +02:00,12155.39,12491.62
07.06.2019 16:00:00 +02:00,12688.22,12021.55
07.06.2019 17:00:00 +02:00,13598.40,11946.75
07.06.2019 18:00:00 +02:00,13307.51,12244.99
07.06.2019 19:00:00 +02:00,13334.65,11753.71
07.06.2019 20:00:00 +02:00,13144.35,11427.61
07.06.2019 21:00:00 +02:00,12690.91,11498.50
07.06.2019 22:00:00 +02:00,11955.19,10542.52
07.06.2019 23:00:00 +02:00,11146.65,11369.28
08.06.2019 00:00:00 +02:00,10307.66,10862.03
08.06.2019 01:00:00 +02:00,9338.43,9798.99
08.06.2019 02:00:00 +02:00,8712.71,9388.51
08.06.2019 03:00:00 +02:00,8499.62,10299.98
08.06.2019 04:00:00 +02:00,8103.65,10135.74
08.06.2019 05:00:00 +02:00,8206.07,8851.43
08.06.2019 06:00:00 +02:00,8677.14,8284.02
08.06.2019 07:00:00 +02:00,9120.83,8337.14
08.06.2019 08:00:00 +02:00,9505.26,7566.42
08.06.2019 09:00:00 +02:00,10189.20,10368.65
08.06.2019 10:00:00 +02:00,9797.54,11421.35
08.06.2019 11:00:00 +02:00,9422.20,10683.98
08.06.2019 12:00:00 +02:00,9346.28,11528.91
08.06.2019 13:00:00 +02:00,9047.65,10533.24
08.06.2019 14:00:00 +02:00,8799.79,11027.80
08.06.2019 15:00:00 +02:00,9067.25,11399.63
08.06.2019 16:00:00 +02:00,9429.74,11137.70
08.06.2019 17:00:00 +02:00,9483.92,11220.97
08.06.2019 18:00:00 +02:00,9837.65,11427.97
08.06.2019 19:00:00 +02:00,10615.80,10292.25
08.06.2019 20:00:00 +02:00,10810.61,10583.21
08.06.2019 21:00:00 +02:00,10643.33,11119.73
08.06.2019 22:00:00 +02:00,10240.56,10598.34
08.06.2019 23:00:00 +02:00,9815.74,10660.02
09.06.2019 00:00:00 +02:00,9388.49,10788.59
09.06.2019 01:00:00 +02:00,8654.56,9438.04
09.06.2019 02:00:00 +02:00,8219.65,9923.17
09.06.2019 03:00:00 +02:00,8064.82,10147.30
09.06.2019 04:00:00 +02:00,7814.19,9962.85
09.06.2019 05:00:00 +02:00,7957.89,8269.72
09.06.2019 06:00:00 +02:00,8322.89,9676.55
09.06.2019 07:00:00 +02:00,8733.17,10038.96
09.06.2019 08:00:00 +02:00,9266.24,7881.73
09.06.2019 09:00:00 +02:00,9338.60,10918.11
09.06.2019 10:00:00 +02:00,9299.48,9160.37
09.06.2019 11:00:00 +02:00,9140.43,10975.89
09.06.2019 12:00:00 +02:00,8987.75,11384.20
09.06.2019 13:00:00 +02:00,9236.15,10827.84
09.06.2019 14:00:00 +02:00,9264.53,11171.77
09.06.2019 15:00:00 +02:00,9904.84,11003.47
09.06.2019 16:00:00 +02:00,10855.22,11151.37
09.06.2019 17:00:00 +02:00,11688.09,10622.54
09.06.2019 18:00:00 +02:00,12430.35,10827.22
09.06.2019 19:00:00 +02:00,12640.55,10508.24
09.06.2019 20:00:00 +02:00,12577.05,10822.95
09.06.2019 21:00:00 +02:00,12616.30,11093.18
09.06.2019 22:00:00 +02:00,12397.07,8712.88
09.06.2019 23:00:00 +02:00,12117.60,8658.73
10.06.2019 00:00:00 +02:00,11118.47,9704.86
10.06.2019 01:00:00 +02:00,10075.68,10000.14
10.06.2019 02:00:00 +02:00,9680.49,10227.92
10.06.2019 03:00:00 +02:00,9637.45,9632.70
10.06.2019 04:00:00 +02:00,9787.10,10234.28
10.06.2019 05:00:00 +02:00,10009.96,9580.83
10.06.2019 06:00:00 +02:00,10631.06,10179.78
10.06.2019 07:00:00 +02:00,11844.08,9722.90
10.06.2019 08:00:00 +02:00,12909.09,6834.99
10.06.2019 09:00:00 +02:00,12975.36,11084.92
10.06.2019 10:00:00 +02:00,12809.58,11810.44
10.06.2019 11:00:00 +02:00,12605.46,11920.33
10.06.2019 12:00:00 +02:00,12214.70,11957.24
10.06.2019 13:00:00 +02:00,11146.33,11071.94
10.06.2019 14:00:00 +02:00,10964.04,11812.10
10.06.2019 15:00:00 +02:00,11443.12,11195.19
10.06.2019 16:00:00 +02:00,12128.18,11162.71
10.06.2019 17:00:00 +02:00,13082.64,10925.06
10.06.2019 18:00:00 +02:00,13887.29,8938.11
10.06.2019 19:00:00 +02:00,13914.82,10277.77
10.06.2019 20:00:00 +02:00,13485.67,10356.11
10.06.2019 21:00:00 +02:00,13075.65,11277.90
10.06.2019 22:00:00 +02:00,12542.16,11406.41
10.06.2019 23:00:00 +02:00,11809.78,11472.49
11.06.2019 00:00:00 +02:00,10691.20,10322.77
11.06.2019 01:00:00 +02:00,9686.94,10588.07
11.06.2019 02:00:00 +02:00,9724.07,10456.67
11.06.2019 03:00:00 +02:00,9292.20,10657.92
11.06.2019 04:00:00 +02:00,9452.46,10613.89
11.06.2019 05:00:00 +02:00,10384.52,10878.82
11.06.2019 06:00:00 +02:00,13429.03,10510.50
11.06.2019 07:00:00 +02:00,15553.28,11729.76
11.06.2019 08:00:00 +02:00,16111.24,12634.81
11.06.2019 09:00:00 +02:00,15961.14,11571.91
11.06.2019 10:00:00 +02:00,15767.19,12925.70
11.06.2019 11:00:00 +02:00,15649.50,12814.61
11.06.2019 12:00:00 +02:00,15579.50,11694.59
11.06.2019 13:00:00 +02:00,15547.42,12730.25
11.06.2019 14:00:00 +02:00,15779.99,12812.64
11.06.2019 15:00:00 +02:00,15318.99,12316.70
11.06.2019 16:00:00 +02:00,15028.44,4037.30
11.06.2019 17:00:00 +02:00,15009.64,0.00
11.06.2019 18:00:00 +02:00,14870.95,7029.02
11.06.2019 19:00:00 +02:00,14705.30,12400.97
11.06.2019 20:00:00 +02:00,14114.12,11246.12
11.06.2019 21:00:00 +02:00,13912.92,12017.39
11.06.2019 22:00:00 +02:00,13418.95,11544.20
11.06.2019 23:00:00 +02:00,12268.58,11086.03
12.06.2019 00:00:00 +02:00,11476.11,1304.61
12.06.2019 01:00:00 +02:00,10798.79,533.84
12.06.2019 02:00:00 +02:00,10416.06,526.76
12.06.2019 03:00:00 +02:00,10365.68,175.38
12.06.2019 04:00:00 +02:00,10422.18,0.00
12.06.2019 05:00:00 +02:00,11298.07,719.25
12.06.2019 06:00:00 +02:00,13187.01,778.16
12.06.2019 07:00:00 +02:00,14794.48,8957.66
12.06.2019 08:00:00 +02:00,15647.69,11859.95
12.06.2019 09:00:00 +02:00,15630.48,11883.61
12.06.2019 10:00:00 +02:00,15105.91,11834.45
12.06.2019 11:00:00 +02:00,15750.60,11804.01
12.06.2019 12:00:00 +02:00,15863.32,13125.70
12.06.2019 13:00:00 +02:00,15930.59,11587.09
12.06.2019 14:00:00 +02:00,15921.73,11662.23
12.06.2019 15:00:00 +02:00,15351.78,12741.83
12.06.2019 16:00:00 +02:00,15185.93,11885.48
12.06.2019 17:00:00 +02:00,15266.26,10262.73
12.06.2019 18:00:00 +02:00,15039.93,12554.20
12.06.2019 19:00:00 +02:00,15130.81,11253.17
12.06.2019 20:00:00 +02:00,14780.49,10813.56
12.06.2019 21:00:00 +02:00,14894.35,12362.81
12.06.2019 22:00:00 +02:00,14170.99,12442.32
12.06.2019 23:00:00 +02:00,12911.79,9575.47
13.06.2019 00:00:00 +02:00,11137.51,9685.73
13.06.2019 01:00:00 +02:00,10343.30,10999.67
13.06.2019 02:00:00 +02:00,9763.30,10864.27
13.06.2019 03:00:00 +02:00,9642.39,10756.88
13.06.2019 04:00:00 +02:00,9862.25,10721.21
13.06.2019 05:00:00 +02:00,11221.10,10916.50
13.06.2019 06:00:00 +02:00,14016.60,10047.94
13.06.2019 07:00:00 +02:00,16172.63,12517.91
13.06.2019 08:00:00 +02:00,16543.87,13336.62
13.06.2019 09:00:00 +02:00,16531.70,13081.68
13.06.2019 10:00:00 +02:00,15349.31,11988.17
13.06.2019 11:00:00 +02:00,14395.25,13216.04
13.06.2019 12:00:00 +02:00,13826.41,13171.85
13.06.2019 13:00:00 +02:00,13463.61,12872.76
13.06.2019 14:00:00 +02:00,13822.78,12870.24
13.06.2019 15:00:00 +02:00,14374.25,13148.18
13.06.2019 16:00:00 +02:00,14487.67,12695.59
13.06.2019 17:00:00 +02:00,15462.36,11810.41
13.06.2019 18:00:00 +02:00,16167.96,12660.02
13.06.2019 19:00:00 +02:00,16385.54,12330.44
13.06.2019 20:00:00 +02:00,15666.92,11407.83
13.06.2019 21:00:00 +02:00,15539.05,10993.70
13.06.2019 22:00:00 +02:00,14981.94,11604.63
13.06.2019 23:00:00 +02:00,13760.32,11713.44
14.06.2019 00:00:00 +02:00,13069.47,10036.76
14.06.2019 01:00:00 +02:00,11851.29,10806.12
14.06.2019 02:00:00 +02:00,10772.19,10756.24
14.06.2019 03:00:00 +02:00,10628.25,9957.12
14.06.2019 04:00:00 +02:00,10803.01,9355.08
14.06.2019 05:00:00 +02:00,12648.22,10458.46
14.06.2019 06:00:00 +02:00,15114.66,10705.80
14.06.2019 07:00:00 +02:00,16767.29,12289.04
14.06.2019 08:00:00 +02:00,17025.95,13011.86
14.06.2019 09:00:00 +02:00,16787.26,13036.66
14.06.2019 10:00:00 +02:00,16721.00,11325.24
14.06.2019 11:00:00 +02:00,16927.01,12353.30
14.06.2019 12:00:00 +02:00,16914.15,12100.73
14.06.2019 13:00:00 +02:00,16351.30,12200.69
14.06.2019 14:00:00 +02:00,16230.96,12100.41
14.06.2019 15:00:00 +02:00,16183.41,12203.55
14.06.2019 16:00:00 +02:00,15553.46,12322.51
14.06.2019 17:00:00 +02:00,15493.25,12389.11
14.06.2019 18:00:00 +02:00,15771.60,11156.07
14.06.2019 19:00:00 +02:00,15360.33,10495.82
14.06.2019 20:00:00 +02:00,14599.64,11960.03
14.06.2019 21:00:00 +02:00,14139.84,10986.50
14.06.2019 22:00:00 +02:00,13499.41,11584.05
14.06.2019 23:00:00 +02:00,12795.60,10288.78
15.06.2019 00:00:00 +02:00,11958.72,10781.12
15.06.2019 01:00:00 +02:00,11199.95,8892.18
15.06.2019 02:00:00 +02:00,10510.53,10491.53
15.06.2019 03:00:00 +02:00,10123.31,10007.53
15.06.2019 04:00:00 +02:00,10062.33,10243.70
15.06.2019 05:00:00 +02:00,10034.22,9900.58
15.06.2019 06:00:00 +02:00,10182.06,10536.86
15.06.2019 07:00:00 +02:00,10582.51,10801.68
15.06.2019 08:00:00 +02:00,11855.09,10304.01
15.06.2019 09:00:00 +02:00,12779.91,10750.80
15.06.2019 10:00:00 +02:00,12339.27,11372.36
15.06.2019 11:00:00 +02:00,11058.10,11357.97
15.06.2019 12:00:00 +02:00,10529.34,11614.82
15.06.2019 13:00:00 +02:00,10889.15,11346.48
15.06.2019 14:00:00 +02:00,10831.83,11443.24
15.06.2019 15:00:00 +02:00,10632.60,11389.52
15.06.2019 16:00:00 +02:00,10039.63,11224.78
15.06.2019 17:00:00 +02:00,11033.58,11679.51
15.06.2019 18:00:00 +02:00,12082.38,11021.99
15.06.2019 19:00:00 +02:00,12234.38,11140.85
15.06.2019 20:00:00 +02:00,11788.67,10249.41
15.06.2019 21:00:00 +02:00,11470.97,10642.01
15.06.2019 22:00:00 +02:00,11363.66,9003.28
15.06.2019 23:00:00 +02:00,10991.79,9980.22
16.06.2019 00:00:00 +02:00,10454.86,10520.76
16.06.2019 01:00:00 +02:00,9575.62,10437.44
16.06.2019 02:00:00 +02:00,9315.86,9733.77
16.06.2019 03:00:00 +02:00,9227.12,10136.22
16.06.2019 04:00:00 +02:00,9177.98,10000.84
16.06.2019 05:00:00 +02:00,8965.14,9958.99
16.06.2019 06:00:00 +02:00,9156.81,10047.73
16.06.2019 07:00:00 +02:00,9830.31,10249.60
16.06.2019 08:00:00 +02:00,10367.31,10440.64
16.06.2019 09:00:00 +02:00,10301.31,9745.42
16.06.2019 10:00:00 +02:00,10627.12,10811.53
16.06.2019 11:00:00 +02:00,10795.37,11519.22
16.06.2019 12:00:00 +02:00,10373.44,10818.82
16.06.2019 13:00:00 +02:00,10209.66,10231.87
16.06.2019 14:00:00 +02:00,10826.70,11295.00
16.06.2019 15:00:00 +02:00,10873.12,11340.87
16.06.2019 16:00:00 +02:00,10965.36,11547.28
16.06.2019 17:00:00 +02:00,12387.51,11147.38
16.06.2019 18:00:00 +02:00,13039.20,10375.37
16.06.2019 19:00:00 +02:00,13494.83,9753.08
16.06.2019 20:00:00 +02:00,13457.05,6941.40
16.06.2019 21:00:00 +02:00,13236.06,11484.39
16.06.2019 22:00:00 +02:00,12871.53,8113.21
16.06.2019 23:00:00 +02:00,11933.48,11057.05
17.06.2019 00:00:00 +02:00,10733.73,10662.45
17.06.2019 01:00:00 +02:00,10169.56,10383.21
17.06.2019 02:00:00 +02:00,9924.98,10308.28
17.06.2019 03:00:00 +02:00,9745.99,10229.64
17.06.2019 04:00:00 +02:00,9726.32,9392.30
17.06.2019 05:00:00 +02:00,10909.63,10172.34
17.06.2019 06:00:00 +02:00,13884.92,11206.51
17.06.2019 07:00:00 +02:00,15749.57,11665.96
17.06.2019 08:00:00 +02:00,16062.83,12814.27
17.06.2019 09:00:00 +02:00,15845.19,11486.76
17.06.2019 10:00:00 +02:00,15576.73,8493.61
17.06.2019 11:00:00 +02:00,15510.20,10432.72
17.06.2019 12:00:00 +02:00,15349.69,10764.01
17.06.2019 13:00:00 +02:00,15350.66,11805.07
17.06.2019 14:00:00 +02:00,15136.54,10368.02
17.06.2019 15:00:00 +02:00,14814.45,9760.17
17.06.2019 16:00:00 +02:00,14378.24,11858.63
17.06.2019 17:00:00 +02:00,14580.26,6501.30
17.06.2019 18:00:00 +02:00,14592.49,12200.32
17.06.2019 19:00:00 +02:00,14423.52,12328.06
17.06.2019 20:00:00 +02:00,13755.50,12061.19
17.06.2019 21:00:00 +02:00,13045.75,9915.58
17.06.2019 22:00:00 +02:00,12526.27,7703.66
17.06.2019 23:00:00 +02:00,12117.26,9581.56
18.06.2019 00:00:00 +02:00,11066.39,8779.74
18.06.2019 01:00:00 +02:00,10618.10,9927.33
18.06.2019 02:00:00 +02:00,10074.82,10090.07
18.06.2019 03:00:00 +02:00,9673.29,9536.14
18.06.2019 04:00:00 +02:00,9370.48,9305.00
18.06.2019 05:00:00 +02:00,10391.19,10600.72
18.06.2019 06:00:00 +02:00,12943.68,10917.76
18.06.2019 07:00:00 +02:00,14964.34,11709.59
18.06.2019 08:00:00 +02:00,15642.90,12936.02
18.06.2019 09:00:00 +02:00,15496.21,12370.68
18.06.2019 10:00:00 +02:00,15733.66,8106.49
18.06.2019 11:00:00 +02:00,15715.10,11945.20
18.06.2019 12:00:00 +02:00,15286.85,11452.93
18.06.2019 13:00:00 +02:00,14925.11,12249.75
18.06.2019 14:00:00 +02:00,14771.07,11223.78
18.06.2019 15:00:00 +02:00,14138.72,11215.19
18.06.2019 16:00:00 +02:00,13486.17,9032.95
18.06.2019 17:00:00 +02:00,13562.38,7491.91
18.06.2019 18:00:00 +02:00,13673.18,11487.84
18.06.2019 19:00:00 +02:00,13832.06,12111.68
18.06.2019 20:00:00 +02:00,13358.10,8416.81
18.06.2019 21:00:00 +02:00,12802.67,10763.38
18.06.2019 22:00:00 +02:00,12353.18,11183.80
18.06.2019 23:00:00 +02:00,12036.68,5607.63
19.06.2019 00:00:00 +02:00,11485.79,10952.86
19.06.2019 01:00:00 +02:00,11309.07,10751.43
19.06.2019 02:00:00 +02:00,11136.16,10545.80
19.06.2019 03:00:00 +02:00,11034.35,10493.37
19.06.2019 04:00:00 +02:00,10991.01,10357.50
19.06.2019 05:00:00 +02:00,12080.79,10591.37
19.06.2019 06:00:00 +02:00,14519.49,9178.74
19.06.2019 07:00:00 +02:00,15698.31,11245.46
19.06.2019 08:00:00 +02:00,15925.15,11699.78
19.06.2019 09:00:00 +02:00,15943.11,12558.44
19.06.2019 10:00:00 +02:00,16032.60,9359.14
19.06.2019 11:00:00 +02:00,16128.41,12298.99
19.06.2019 12:00:00 +02:00,16043.78,12457.49
19.06.2019 13:00:00 +02:00,15746.77,12446.46
19.06.2019 14:00:00 +02:00,15743.57,12720.68
19.06.2019 15:00:00 +02:00,15464.71,9595.55
19.06.2019 16:00:00 +02:00,15219.04,12819.56
19.06.2019 17:00:00 +02:00,15167.62,11221.79
19.06.2019 18:00:00 +02:00,15477.79,9202.03
19.06.2019 19:00:00 +02:00,15687.03,9966.07
19.06.2019 20:00:00 +02:00,15353.28,9342.92
19.06.2019 21:00:00 +02:00,14469.57,9439.11
19.06.2019 22:00:00 +02:00,13600.04,9967.31
19.06.2019 23:00:00 +02:00,12805.74,11326.66
20.06.2019 00:00:00 +02:00,11949.72,10500.73
20.06.2019 01:00:00 +02:00,11211.73,9645.14
20.06.2019 02:00:00 +02:00,10493.93,8590.41
20.06.2019 03:00:00 +02:00,10182.17,10447.85
20.06.2019 04:00:00 +02:00,9938.44,10402.93
20.06.2019 05:00:00 +02:00,10460.98,9663.34
20.06.2019 06:00:00 +02:00,13207.91,11092.43
20.06.2019 07:00:00 +02:00,15129.92,9781.98
20.06.2019 08:00:00 +02:00,15771.11,12657.73
20.06.2019 09:00:00 +02:00,15663.43,8485.45
20.06.2019 10:00:00 +02:00,15738.41,6784.41
20.06.2019 11:00:00 +02:00,15267.80,9746.73
20.06.2019 12:00:00 +02:00,14900.64,12727.91
20.06.2019 13:00:00 +02:00,15169.35,12318.36
20.06.2019 14:00:00 +02:00,14815.21,12677.48
20.06.2019 15:00:00 +02:00,14098.60,12720.83
20.06.2019 16:00:00 +02:00,13894.10,12775.70
20.06.2019 17:00:00 +02:00,14066.40,12665.82
20.06.2019 18:00:00 +02:00,14072.26,12451.96
20.06.2019 19:00:00 +02:00,14130.25,12380.81
20.06.2019 20:00:00 +02:00,13655.62,12101.06
20.06.2019 21:00:00 +02:00,12723.69,12197.75
20.06.2019 22:00:00 +02:00,11860.30,11948.84
20.06.2019 23:00:00 +02:00,11820.46,11587.09
21.06.2019 00:00:00 +02:00,11503.41,11158.18
21.06.2019 01:00:00 +02:00,10661.62,10791.81
21.06.2019 02:00:00 +02:00,10227.70,10452.19
21.06.2019 03:00:00 +02:00,9984.66,10334.59
21.06.2019 04:00:00 +02:00,10154.39,10460.02
21.06.2019 05:00:00 +02:00,11192.66,10697.19
21.06.2019 06:00:00 +02:00,12414.60,11405.99
21.06.2019 07:00:00 +02:00,13706.13,12484.13
21.06.2019 08:00:00 +02:00,13985.03,12868.46
21.06.2019 09:00:00 +02:00,14100.24,12704.88
21.06.2019 10:00:00 +02:00,14367.82,12965.58
21.06.2019 11:00:00 +02:00,14319.80,12834.57
21.06.2019 12:00:00 +02:00,14026.38,12805.93
21.06.2019 13:00:00 +02:00,13843.49,12787.57
21.06.2019 14:00:00 +02:00,13482.48,12584.15
21.06.2019 15:00:00 +02:00,12836.23,12626.61
21.06.2019 16:00:00 +02:00,12210.18,12498.58
21.06.2019 17:00:00 +02:00,12120.52,12370.53
21.06.2019 18:00:00 +02:00,12191.37,12283.30
21.06.2019 19:00:00 +02:00,11866.44,12139.42
21.06.2019 20:00:00 +02:00,11351.84,12011.99
21.06.2019 21:00:00 +02:00,11149.48,11572.49
21.06.2019 22:00:00 +02:00,11078.61,11609.28
21.06.2019 23:00:00 +02:00,10624.13,11065.79
22.06.2019 00:00:00 +02:00,10487.19,10893.00
22.06.2019 01:00:00 +02:00,9453.07,10854.68
22.06.2019 02:00:00 +02:00,8996.12,10685.74
22.06.2019 03:00:00 +02:00,8580.07,10550.12
22.06.2019 04:00:00 +02:00,8550.56,10440.10
22.06.2019 05:00:00 +02:00,8807.16,9902.52
22.06.2019 06:00:00 +02:00,9341.84,10387.42
22.06.2019 07:00:00 +02:00,10118.69,10844.16
22.06.2019 08:00:00 +02:00,10646.53,11104.26
22.06.2019 09:00:00 +02:00,10836.35,11754.10
22.06.2019 10:00:00 +02:00,10784.14,12101.52
22.06.2019 11:00:00 +02:00,10403.78,12116.41
22.06.2019 12:00:00 +02:00,10386.93,11920.85
22.06.2019 13:00:00 +02:00,9866.15,11846.13
22.06.2019 14:00:00 +02:00,9876.20,11747.11
22.06.2019 15:00:00 +02:00,9927.21,11691.17
22.06.2019 16:00:00 +02:00,10447.24,11497.08
22.06.2019 17:00:00 +02:00,11104.91,11743.57
22.06.2019 18:00:00 +02:00,11596.29,11756.36
22.06.2019 19:00:00 +02:00,11767.10,11668.46
22.06.2019 20:00:00 +02:00,11635.05,11531.74
22.06.2019 21:00:00 +02:00,11512.54,10936.34
22.06.2019 22:00:00 +02:00,11298.10,11182.37
22.06.2019 23:00:00 +02:00,10151.29,11174.66
23.06.2019 00:00:00 +02:00,8913.90,11113.78
23.06.2019 01:00:00 +02:00,8136.56,10877.97
23.06.2019 02:00:00 +02:00,7936.85,10699.98
23.06.2019 03:00:00 +02:00,7627.71,10236.59
23.06.2019 04:00:00 +02:00,7520.32,10459.71
23.06.2019 05:00:00 +02:00,7534.29,10455.18
23.06.2019 06:00:00 +02:00,7757.09,10318.97
23.06.2019 07:00:00 +02:00,8120.90,10461.71
23.06.2019 08:00:00 +02:00,9008.90,10762.70
23.06.2019 09:00:00 +02:00,9239.37,11310.34
23.06.2019 10:00:00 +02:00,9196.86,11609.28
23.06.2019 11:00:00 +02:00,9212.35,11727.46
23.06.2019 12:00:00 +02:00,8840.33,11755.57
23.06.2019 13:00:00 +02:00,8844.61,11718.07
23.06.2019 14:00:00 +02:00,8952.35,11783.37
23.06.2019 15:00:00 +02:00,9063.84,11727.19
23.06.2019 16:00:00 +02:00,9538.26,11724.19
23.06.2019 17:00:00 +02:00,9916.94,11681.43
23.06.2019 18:00:00 +02:00,10981.29,11620.41
23.06.2019 19:00:00 +02:00,11922.61,11620.43
23.06.2019 20:00:00 +02:00,12558.90,11611.08
23.06.2019 21:00:00 +02:00,12313.90,11569.88
23.06.2019 22:00:00 +02:00,11893.49,10962.01
23.06.2019 23:00:00 +02:00,10780.21,11304.19
24.06.2019 00:00:00 +02:00,9329.58,11243.42
24.06.2019 01:00:00 +02:00,8350.83,10913.28
24.06.2019 02:00:00 +02:00,8346.20,10646.79
24.06.2019 03:00:00 +02:00,8015.23,10699.53
24.06.2019 04:00:00 +02:00,8551.34,10631.99
24.06.2019 05:00:00 +02:00,9119.13,10881.36
24.06.2019 06:00:00 +02:00,13013.78,11353.32
24.06.2019 07:00:00 +02:00,15655.44,10446.90
24.06.2019 08:00:00 +02:00,16291.05,9901.67
24.06.2019 09:00:00 +02:00,16236.01,11721.26
24.06.2019 10:00:00 +02:00,15968.17,13070.00
24.06.2019 11:00:00 +02:00,15998.83,11910.38
24.06.2019 12:00:00 +02:00,15764.28,12987.97
24.06.2019 13:00:00 +02:00,15317.04,12503.84
24.06.2019 14:00:00 +02:00,15276.70,12973.56
24.06.2019 15:00:00 +02:00,15191.60,12906.63
24.06.2019 16:00:00 +02:00,15245.41,11969.50
24.06.2019 17:00:00 +02:00,15787.67,12356.03
24.06.2019 18:00:00 +02:00,15870.99,12656.17
24.06.2019 19:00:00 +02:00,15963.63,12233.43
24.06.2019 20:00:00 +02:00,15671.84,9857.72
24.06.2019 21:00:00 +02:00,14836.92,9728.02
24.06.2019 22:00:00 +02:00,13874.66,11745.19
24.06.2019 23:00:00 +02:00,11560.37,11755.68
25.06.2019 00:00:00 +02:00,9851.78,10570.57
25.06.2019 01:00:00 +02:00,8973.49,9714.75
25.06.2019 02:00:00 +02:00,8821.24,9045.75
25.06.2019 03:00:00 +02:00,8780.78,8990.42
25.06.2019 04:00:00 +02:00,9021.02,10558.95
25.06.2019 05:00:00 +02:00,10276.99,10970.02
25.06.2019 06:00:00 +02:00,14252.13,11580.68
25.06.2019 07:00:00 +02:00,16600.15,11960.55
25.06.2019 08:00:00 +02:00,17301.89,9520.11
25.06.2019 09:00:00 +02:00,17546.62,12217.99
25.06.2019 10:00:00 +02:00,17607.41,9801.83
25.06.2019 11:00:00 +02:00,17642.45,12395.87
25.06.2019 12:00:00 +02:00,17405.87,11937.50
25.06.2019 13:00:00 +02:00,17254.39,12987.08
25.06.2019 14:00:00 +02:00,17283.29,13015.04
25.06.2019 15:00:00 +02:00,17144.74,12953.47
25.06.2019 16:00:00 +02:00,16846.20,12305.46
25.06.2019 17:00:00 +02:00,17317.29,12833.06
25.06.2019 18:00:00 +02:00,17254.95,12748.28
25.06.2019 19:00:00 +02:00,17026.08,12623.90
25.06.2019 20:00:00 +02:00,16189.24,12620.38
25.06.2019 21:00:00 +02:00,15379.45,12429.77
25.06.2019 22:00:00 +02:00,14814.56,12166.30
25.06.2019 23:00:00 +02:00,13547.67,11909.81
26.06.2019 00:00:00 +02:00,12435.66,11257.51
26.06.2019 01:00:00 +02:00,12129.34,11064.65
26.06.2019 02:00:00 +02:00,12033.29,9241.77
26.06.2019 03:00:00 +02:00,11733.94,10838.74
26.06.2019 04:00:00 +02:00,11281.59,10732.76
26.06.2019 05:00:00 +02:00,12427.20,10284.90
26.06.2019 06:00:00 +02:00,14894.72,11467.49
26.06.2019 07:00:00 +02:00,16346.10,12373.76
26.06.2019 08:00:00 +02:00,16825.51,12806.64
26.06.2019 09:00:00 +02:00,16655.18,12888.53
26.06.2019 10:00:00 +02:00,16845.13,12689.41
26.06.2019 11:00:00 +02:00,16656.97,12814.90
26.06.2019 12:00:00 +02:00,16474.36,12828.32
26.06.2019 13:00:00 +02:00,15614.93,12780.48
26.06.2019 14:00:00 +02:00,15200.85,12687.74
26.06.2019 15:00:00 +02:00,14769.99,12613.90
26.06.2019 16:00:00 +02:00,14102.66,12632.25
26.06.2019 17:00:00 +02:00,14318.59,12476.43
26.06.2019 18:00:00 +02:00,14109.13,12364.51
26.06.2019 19:00:00 +02:00,13777.66,12349.99
26.06.2019 20:00:00 +02:00,13038.51,12222.33
26.06.2019 21:00:00 +02:00,12113.60,12128.54
26.06.2019 22:00:00 +02:00,11044.23,11892.39
26.06.2019 23:00:00 +02:00,10014.50,11647.55
27.06.2019 00:00:00 +02:00,9200.26,11106.25
27.06.2019 01:00:00 +02:00,8899.74,10768.19
27.06.2019 02:00:00 +02:00,8675.73,10662.53
27.06.2019 03:00:00 +02:00,8381.49,10560.39
27.06.2019 04:00:00 +02:00,8284.29,10498.24
27.06.2019 05:00:00 +02:00,8841.58,10705.54
27.06.2019 06:00:00 +02:00,10727.02,11281.88
27.06.2019 07:00:00 +02:00,12866.62,12342.48
27.06.2019 08:00:00 +02:00,13577.02,12701.05
27.06.2019 09:00:00 +02:00,13995.73,9152.71
27.06.2019 10:00:00 +02:00,14149.90,12677.44
27.06.2019 11:00:00 +02:00,14183.84,12509.09
27.06.2019 12:00:00 +02:00,13908.97,12565.23
27.06.2019 13:00:00 +02:00,13904.56,12618.24
27.06.2019 14:00:00 +02:00,13799.99,12685.52
27.06.2019 15:00:00 +02:00,13169.88,12378.62
27.06.2019 16:00:00 +02:00,13398.29,12560.53
27.06.2019 17:00:00 +02:00,13653.76,12440.14
27.06.2019 18:00:00 +02:00,13775.26,12337.39
27.06.2019 19:00:00 +02:00,14004.07,12028.00
27.06.2019 20:00:00 +02:00,13835.79,12290.24
27.06.2019 21:00:00 +02:00,13260.97,12156.22
27.06.2019 22:00:00 +02:00,12920.11,11935.39
27.06.2019 23:00:00 +02:00,11350.60,11734.51
28.06.2019 00:00:00 +02:00,11015.50,11210.04
28.06.2019 01:00:00 +02:00,10577.18,10898.03
28.06.2019 02:00:00 +02:00,10457.65,10707.98
28.06.2019 03:00:00 +02:00,10447.38,10608.17
28.06.2019 04:00:00 +02:00,10522.18,10570.89
28.06.2019 05:00:00 +02:00,12014.38,10676.68
28.06.2019 06:00:00 +02:00,14039.09,11379.51
28.06.2019 07:00:00 +02:00,15417.00,12287.76
28.06.2019 08:00:00 +02:00,16078.87,12690.18
28.06.2019 09:00:00 +02:00,15899.08,12835.41
28.06.2019 10:00:00 +02:00,15798.62,12897.83
28.06.2019 11:00:00 +02:00,15756.04,12839.16
28.06.2019 12:00:00 +02:00,15759.59,12801.30
28.06.2019 13:00:00 +02:00,15380.50,12669.25
28.06.2019 14:00:00 +02:00,15114.24,12553.51
28.06.2019 15:00:00 +02:00,14738.68,12451.49
28.06.2019 16:00:00 +02:00,14461.01,12403.81
28.06.2019 17:00:00 +02:00,14690.85,12303.49
28.06.2019 18:00:00 +02:00,14687.31,12177.82
28.06.2019 19:00:00 +02:00,14772.85,12036.77
28.06.2019 20:00:00 +02:00,14343.65,11849.59
28.06.2019 21:00:00 +02:00,13345.40,11627.89
28.06.2019 22:00:00 +02:00,12662.48,11446.42
28.06.2019 23:00:00 +02:00,12199.04,11400.82
29.06.2019 00:00:00 +02:00,11543.37,11009.09
29.06.2019 01:00:00 +02:00,10558.17,10617.53
29.06.2019 02:00:00 +02:00,10021.00,10385.90
29.06.2019 03:00:00 +02:00,9523.79,10309.64
29.06.2019 04:00:00 +02:00,9299.34,10142.02
29.06.2019 05:00:00 +02:00,9179.59,10066.78
29.06.2019 06:00:00 +02:00,9060.70,10058.46
29.06.2019 07:00:00 +02:00,10292.10,10523.67
29.06.2019 08:00:00 +02:00,10837.26,10987.97
29.06.2019 09:00:00 +02:00,11257.86,11491.06
29.06.2019 10:00:00 +02:00,11103.63,11700.32
29.06.2019 11:00:00 +02:00,11165.27,11568.94
29.06.2019 12:00:00 +02:00,11133.80,11737.35
29.06.2019 13:00:00 +02:00,9963.84,11712.21
29.06.2019 14:00:00 +02:00,9731.49,11675.53
29.06.2019 15:00:00 +02:00,9830.93,11627.15
29.06.2019 16:00:00 +02:00,10638.69,11550.89
29.06.2019 17:00:00 +02:00,11750.32,11400.33
29.06.2019 18:00:00 +02:00,12838.85,11346.60
29.06.2019 19:00:00 +02:00,12817.89,11519.01
29.06.2019 20:00:00 +02:00,12162.18,11331.84
29.06.2019 21:00:00 +02:00,11883.75,11162.45
29.06.2019 22:00:00 +02:00,11656.22,11021.60
29.06.2019 23:00:00 +02:00,11170.27,10970.33
30.06.2019 00:00:00 +02:00,10193.09,10436.87
30.06.2019 01:00:00 +02:00,9180.20,9291.01
30.06.2019 02:00:00 +02:00,8716.85,10316.58
30.06.2019 03:00:00 +02:00,7866.33,10223.84
30.06.2019 04:00:00 +02:00,7142.92,10107.89
30.06.2019 05:00:00 +02:00,6916.60,10024.22
30.06.2019 06:00:00 +02:00,7215.19,10028.80
30.06.2019 07:00:00 +02:00,7523.36,10198.89
30.06.2019 08:00:00 +02:00,7922.06,10520.87
30.06.2019 09:00:00 +02:00,8523.46,10698.02
30.06.2019 10:00:00 +02:00,8850.15,11091.72
30.06.2019 11:00:00 +02:00,9004.98,11337.81
30.06.2019 12:00:00 +02:00,9153.22,11511.63
30.06.2019 13:00:00 +02:00,9000.89,11577.63
30.06.2019 14:00:00 +02:00,8880.68,11547.72
30.06.2019 15:00:00 +02:00,9738.74,11324.58
30.06.2019 16:00:00 +02:00,9326.54,11531.79
30.06.2019 17:00:00 +02:00,9543.55,11538.85
30.06.2019 18:00:00 +02:00,10618.01,11531.96
30.06.2019 19:00:00 +02:00,10891.67,11555.06
30.06.2019 20:00:00 +02:00,11045.67,11551.78
30.06.2019 21:00:00 +02:00,11117.29,11465.66
30.06.2019 22:00:00 +02:00,10630.28,11356.27
30.06.2019 23:00:00 +02:00,10483.15,11163.35
01.07.2019 00:00:00 +02:00,9659.96,10777.95
01.07.2019 01:00:00 +02:00,8957.41,10455.10
01.07.2019 02:00:00 +02:00,8629.21,10267.85
01.07.2019 03:00:00 +02:00,8413.98,10188.19
01.07.2019 04:00:00 +02:00,8711.97,10146.27
01.07.2019 05:00:00 +02:00,9344.45,10241.13
01.07.2019 06:00:00 +02:00,11690.51,10799.67
01.07.2019 07:00:00 +02:00,13737.10,11758.72
01.07.2019 08:00:00 +02:00,14514.63,12372.82
01.07.2019 09:00:00 +02:00,14269.13,12598.86
01.07.2019 10:00:00 +02:00,14361.60,7658.39
01.07.2019 11:00:00 +02:00,14317.09,0.00
01.07.2019 12:00:00 +02:00,13617.43,11513.61
01.07.2019 13:00:00 +02:00,12941.09,12678.51
01.07.2019 14:00:00 +02:00,12510.55,12708.65
01.07.2019 15:00:00 +02:00,12955.08,12653.54
01.07.2019 16:00:00 +02:00,12842.96,12644.47
01.07.2019 17:00:00 +02:00,13327.51,12514.82
01.07.2019 18:00:00 +02:00,13736.12,12354.54
01.07.2019 19:00:00 +02:00,13476.15,12298.15
01.07.2019 20:00:00 +02:00,13163.99,12159.78
01.07.2019 21:00:00 +02:00,12798.15,11977.35
01.07.2019 22:00:00 +02:00,12049.86,11687.18
01.07.2019 23:00:00 +02:00,10973.23,11431.02
02.07.2019 00:00:00 +02:00,10668.01,11096.55
02.07.2019 01:00:00 +02:00,10180.46,10835.30
02.07.2019 02:00:00 +02:00,9972.09,10721.62
02.07.2019 03:00:00 +02:00,9693.63,10678.19
02.07.2019 04:00:00 +02:00,9530.31,10651.14
02.07.2019 05:00:00 +02:00,10418.26,10829.00
02.07.2019 06:00:00 +02:00,11835.00,11540.34
02.07.2019 07:00:00 +02:00,13068.80,12385.75
02.07.2019 08:00:00 +02:00,13753.99,12619.74
02.07.2019 09:00:00 +02:00,14214.27,12834.09
02.07.2019 10:00:00 +02:00,14400.53,12697.97
02.07.2019 11:00:00 +02:00,14495.53,12677.54
02.07.2019 12:00:00 +02:00,14200.45,12945.41
02.07.2019 13:00:00 +02:00,14258.84,12825.53
02.07.2019 14:00:00 +02:00,14159.80,12795.67
02.07.2019 15:00:00 +02:00,13579.96,12747.00
02.07.2019 16:00:00 +02:00,13525.44,12726.48
02.07.2019 17:00:00 +02:00,13904.98,12535.52
02.07.2019 18:00:00 +02:00,13892.61,12194.78
02.07.2019 19:00:00 +02:00,14104.48,12113.90
02.07.2019 20:00:00 +02:00,14203.42,12012.07
02.07.2019 21:00:00 +02:00,14270.59,11942.18
02.07.2019 22:00:00 +02:00,14034.89,11787.51
02.07.2019 23:00:00 +02:00,12946.85,11521.52
03.07.2019 00:00:00 +02:00,11508.63,11098.44
03.07.2019 01:00:00 +02:00,11005.12,10807.35
03.07.2019 02:00:00 +02:00,10818.54,10683.01
03.07.2019 03:00:00 +02:00,10627.72,10611.78
03.07.2019 04:00:00 +02:00,10792.58,10471.86
03.07.2019 05:00:00 +02:00,11865.55,10629.52
03.07.2019 06:00:00 +02:00,14030.90,11357.63
03.07.2019 07:00:00 +02:00,15254.32,11219.99
03.07.2019 08:00:00 +02:00,15768.73,12580.46
03.07.2019 09:00:00 +02:00,15794.60,12721.47
03.07.2019 10:00:00 +02:00,15778.98,12812.81
03.07.2019 11:00:00 +02:00,15570.50,12763.81
03.07.2019 12:00:00 +02:00,15046.47,12824.10
03.07.2019 13:00:00 +02:00,14669.21,12821.02
03.07.2019 14:00:00 +02:00,14343.78,12767.62
03.07.2019 15:00:00 +02:00,14421.59,12669.68
03.07.2019 16:00:00 +02:00,14490.03,12711.39
03.07.2019 17:00:00 +02:00,14795.86,12641.65
03.07.2019 18:00:00 +02:00,14813.01,12554.78
03.07.2019 19:00:00 +02:00,14604.15,12548.76
03.07.2019 20:00:00 +02:00,14544.94,12473.40
03.07.2019 21:00:00 +02:00,14689.45,12358.60
03.07.2019 22:00:00 +02:00,14067.38,12176.41
03.07.2019 23:00:00 +02:00,13091.29,11886.55
04.07.2019 00:00:00 +02:00,12023.03,11487.87
04.07.2019 01:00:00 +02:00,11619.39,11209.47
04.07.2019 02:00:00 +02:00,11146.74,10999.76
04.07.2019 03:00:00 +02:00,11227.65,10930.96
04.07.2019 04:00:00 +02:00,11348.84,10807.06
04.07.2019 05:00:00 +02:00,12512.04,10973.51
04.07.2019 06:00:00 +02:00,14040.16,11636.06
04.07.2019 07:00:00 +02:00,15199.51,12470.01
04.07.2019 08:00:00 +02:00,15526.07,12928.60
04.07.2019 09:00:00 +02:00,15540.92,13101.07
04.07.2019 10:00:00 +02:00,15552.34,12956.24
04.07.2019 11:00:00 +02:00,15267.45,13189.05
04.07.2019 12:00:00 +02:00,14909.27,13088.79
04.07.2019 13:00:00 +02:00,14682.05,13004.78
04.07.2019 14:00:00 +02:00,14520.86,13005.39
04.07.2019 15:00:00 +02:00,14596.26,12881.67
04.07.2019 16:00:00 +02:00,14446.65,12799.63
04.07.2019 17:00:00 +02:00,14633.87,12646.42
04.07.2019 18:00:00 +02:00,14758.31,12535.43
04.07.2019 19:00:00 +02:00,14596.82,12411.16
04.07.2019 20:00:00 +02:00,14518.70,12368.00
04.07.2019 21:00:00 +02:00,13943.82,12269.34
04.07.2019 22:00:00 +02:00,13373.75,12100.52
04.07.2019 23:00:00 +02:00,12375.25,11902.17
05.07.2019 00:00:00 +02:00,10727.01,11562.79
05.07.2019 01:00:00 +02:00,10462.10,11262.88
05.07.2019 02:00:00 +02:00,10241.11,11089.76
05.07.2019 03:00:00 +02:00,10422.71,11060.08
05.07.2019 04:00:00 +02:00,10747.03,10789.00
05.07.2019 05:00:00 +02:00,11753.81,11158.82
05.07.2019 06:00:00 +02:00,13778.30,11767.64
05.07.2019 07:00:00 +02:00,14865.42,12511.70
05.07.2019 08:00:00 +02:00,15264.90,12846.66
05.07.2019 09:00:00 +02:00,15380.06,13020.09
05.07.2019 10:00:00 +02:00,15406.88,12956.84
05.07.2019 11:00:00 +02:00,15342.11,12951.21
05.07.2019 12:00:00 +02:00,15319.68,12886.65
05.07.2019 13:00:00 +02:00,14935.00,12787.22
05.07.2019 14:00:00 +02:00,14653.68,12666.24
05.07.2019 15:00:00 +02:00,14654.74,12523.71
05.07.2019 16:00:00 +02:00,14796.17,12381.29
05.07.2019 17:00:00 +02:00,15043.02,12266.85
05.07.2019 18:00:00 +02:00,15090.04,12190.00
05.07.2019 19:00:00 +02:00,15073.89,12106.89
05.07.2019 20:00:00 +02:00,14685.95,12002.80
05.07.2019 21:00:00 +02:00,14461.47,11827.75
05.07.2019 22:00:00 +02:00,13813.20,11630.42
05.07.2019 23:00:00 +02:00,12704.04,11494.34
06.07.2019 00:00:00 +02:00,12224.20,11120.92
06.07.2019 01:00:00 +02:00,11735.35,10858.49
06.07.2019 02:00:00 +02:00,11115.81,10674.16
06.07.2019 03:00:00 +02:00,11130.82,10569.69
06.07.2019 04:00:00 +02:00,10950.01,10443.42
06.07.2019 05:00:00 +02:00,11209.88,10380.34
06.07.2019 06:00:00 +02:00,11266.31,10154.78
06.07.2019 07:00:00 +02:00,11820.99,10465.60
06.07.2019 08:00:00 +02:00,12768.36,10849.84
06.07.2019 09:00:00 +02:00,12953.35,11306.76
06.07.2019 10:00:00 +02:00,12408.85,11608.84
06.07.2019 11:00:00 +02:00,11383.80,11701.28
06.07.2019 12:00:00 +02:00,10633.97,11673.96
06.07.2019 13:00:00 +02:00,10433.29,11661.10
06.07.2019 14:00:00 +02:00,10583.29,11686.73
06.07.2019 15:00:00 +02:00,10480.51,11745.37
06.07.2019 16:00:00 +02:00,11035.99,11772.86
06.07.2019 17:00:00 +02:00,12241.64,11852.40
06.07.2019 18:00:00 +02:00,12347.77,11852.76
06.07.2019 19:00:00 +02:00,12575.19,11762.06
06.07.2019 20:00:00 +02:00,12076.29,11663.88
06.07.2019 21:00:00 +02:00,11904.38,11485.79
06.07.2019 22:00:00 +02:00,12184.72,11364.89
06.07.2019 23:00:00 +02:00,11401.24,11327.92
07.07.2019 00:00:00 +02:00,9792.10,10553.32
07.07.2019 01:00:00 +02:00,8688.66,10878.17
07.07.2019 02:00:00 +02:00,8012.97,10714.44
07.07.2019 03:00:00 +02:00,7273.62,10619.26
07.07.2019 04:00:00 +02:00,7067.99,10491.21
07.07.2019 05:00:00 +02:00,7342.56,10371.86
07.07.2019 06:00:00 +02:00,7721.54,10376.59
07.07.2019 07:00:00 +02:00,8068.88,10554.53
07.07.2019 08:00:00 +02:00,8905.10,10970.24
07.07.2019 09:00:00 +02:00,9849.47,11349.98
07.07.2019 10:00:00 +02:00,10172.98,11664.71
07.07.2019 11:00:00 +02:00,10124.65,11747.16
07.07.2019 12:00:00 +02:00,9771.56,11700.06
07.07.2019 13:00:00 +02:00,9381.49,11640.56
07.07.2019 14:00:00 +02:00,8783.00,11572.40
07.07.2019 15:00:00 +02:00,8660.69,10706.59
07.07.2019 16:00:00 +02:00,9068.89,11474.06
07.07.2019 17:00:00 +02:00,10025.24,11461.68
07.07.2019 18:00:00 +02:00,11113.60,11440.24
07.07.2019 19:00:00 +02:00,12240.13,11452.50
07.07.2019 20:00:00 +02:00,12703.07,11488.41
07.07.2019 21:00:00 +02:00,13492.03,11429.43
07.07.2019 22:00:00 +02:00,12791.87,11323.92
07.07.2019 23:00:00 +02:00,11764.73,11191.37
08.07.2019 00:00:00 +02:00,11195.17,10836.29
08.07.2019 01:00:00 +02:00,10409.78,10612.52
08.07.2019 02:00:00 +02:00,10068.96,10488.53
08.07.2019 03:00:00 +02:00,10166.45,10430.13
08.07.2019 04:00:00 +02:00,9924.66,10357.49
08.07.2019 05:00:00 +02:00,10914.10,10532.16
08.07.2019 06:00:00 +02:00,14083.26,11064.73
08.07.2019 07:00:00 +02:00,15250.03,11836.51
08.07.2019 08:00:00 +02:00,15955.58,12253.68
08.07.2019 09:00:00 +02:00,16154.87,12466.34
08.07.2019 10:00:00 +02:00,16058.66,12552.96
08.07.2019 11:00:00 +02:00,15700.24,12600.10
08.07.2019 12:00:00 +02:00,15571.41,12556.07
08.07.2019 13:00:00 +02:00,15120.65,12384.32
08.07.2019 14:00:00 +02:00,15179.70,12381.64
08.07.2019 15:00:00 +02:00,15498.78,12304.87
08.07.2019 16:00:00 +02:00,15566.83,12273.91
08.07.2019 17:00:00 +02:00,15606.86,12208.66
08.07.2019 18:00:00 +02:00,15971.07,12076.68
08.07.2019 19:00:00 +02:00,15744.95,11972.89
08.07.2019 20:00:00 +02:00,15512.40,11882.11
08.07.2019 21:00:00 +02:00,15009.12,11757.97
08.07.2019 22:00:00 +02:00,14126.15,11600.41
08.07.2019 23:00:00 +02:00,12347.41,11381.20
09.07.2019 00:00:00 +02:00,11534.21,11032.57
09.07.2019 01:00:00 +02:00,10413.25,10788.04
09.07.2019 02:00:00 +02:00,10067.97,10626.46
09.07.2019 03:00:00 +02:00,10076.18,10536.77
09.07.2019 04:00:00 +02:00,10263.83,10506.99
09.07.2019 05:00:00 +02:00,11317.35,10524.32
09.07.2019 06:00:00 +02:00,13815.17,11024.36
09.07.2019 07:00:00 +02:00,15171.28,11706.14
09.07.2019 08:00:00 +02:00,15796.69,12120.99
09.07.2019 09:00:00 +02:00,16210.89,12371.07
09.07.2019 10:00:00 +02:00,16067.75,12395.43
09.07.2019 11:00:00 +02:00,16035.43,12378.69
09.07.2019 12:00:00 +02:00,16129.25,12346.73
09.07.2019 13:00:00 +02:00,15661.70,12400.75
09.07.2019 14:00:00 +02:00,15355.69,12333.30
09.07.2019 15:00:00 +02:00,15516.79,12140.93
09.07.2019 16:00:00 +02:00,15343.58,12047.03
09.07.2019 17:00:00 +02:00,15282.52,11870.33
09.07.2019 18:00:00 +02:00,15054.40,11762.63
09.07.2019 19:00:00 +02:00,14804.23,11659.67
09.07.2019 20:00:00 +02:00,14808.89,11622.68
09.07.2019 21:00:00 +02:00,14710.52,10953.29
09.07.2019 22:00:00 +02:00,14587.57,11458.41
09.07.2019 23:00:00 +02:00,13761.91,11079.05
10.07.2019 00:00:00 +02:00,12560.07,10710.67
10.07.2019 01:00:00 +02:00,11680.94,10443.00
10.07.2019 02:00:00 +02:00,11020.65,10498.56
10.07.2019 03:00:00 +02:00,10910.51,10420.92
10.07.2019 04:00:00 +02:00,10986.50,10300.70
10.07.2019 05:00:00 +02:00,11583.76,10400.00
10.07.2019 06:00:00 +02:00,13102.35,10922.61
10.07.2019 07:00:00 +02:00,14136.14,11587.94
10.07.2019 08:00:00 +02:00,14765.93,11935.81
10.07.2019 09:00:00 +02:00,15108.31,12184.61
10.07.2019 10:00:00 +02:00,15285.76,12198.19
10.07.2019 11:00:00 +02:00,15149.42,12332.57
10.07.2019 12:00:00 +02:00,14865.54,12242.11
10.07.2019 13:00:00 +02:00,14676.66,12193.38
10.07.2019 14:00:00 +02:00,14668.07,12190.85
10.07.2019 15:00:00 +02:00,14558.80,12080.25
10.07.2019 16:00:00 +02:00,14177.85,11983.05
10.07.2019 17:00:00 +02:00,14593.50,11868.06
10.07.2019 18:00:00 +02:00,14381.06,11765.86
10.07.2019 19:00:00 +02:00,14505.93,11659.13
10.07.2019 20:00:00 +02:00,14410.41,11527.40
10.07.2019 21:00:00 +02:00,14557.60,11435.41
10.07.2019 22:00:00 +02:00,14503.37,11297.80
10.07.2019 23:00:00 +02:00,13749.83,11124.70
11.07.2019 00:00:00 +02:00,12869.32,10732.07
11.07.2019 01:00:00 +02:00,12241.74,10415.61
11.07.2019 02:00:00 +02:00,11947.61,10252.17
11.07.2019 03:00:00 +02:00,11731.42,10158.07
11.07.2019 04:00:00 +02:00,11590.54,10089.34
11.07.2019 05:00:00 +02:00,12597.32,10195.17
11.07.2019 06:00:00 +02:00,13738.31,10783.94
11.07.2019 07:00:00 +02:00,14803.48,11450.87
11.07.2019 08:00:00 +02:00,15393.56,11905.73
11.07.2019 09:00:00 +02:00,15792.36,12037.55
11.07.2019 10:00:00 +02:00,16069.53,12198.48
11.07.2019 11:00:00 +02:00,16154.10,12209.94
11.07.2019 12:00:00 +02:00,16042.55,12164.53
11.07.2019 13:00:00 +02:00,15891.10,12108.11
11.07.2019 14:00:00 +02:00,15882.00,12163.51
11.07.2019 15:00:00 +02:00,15743.38,12050.23
11.07.2019 16:00:00 +02:00,15358.48,11982.20
11.07.2019 17:00:00 +02:00,15237.33,11876.91
11.07.2019 18:00:00 +02:00,15057.65,11725.91
11.07.2019 19:00:00 +02:00,14905.04,11653.13
11.07.2019 20:00:00 +02:00,14710.32,11516.44
11.07.2019 21:00:00 +02:00,14459.36,11354.36
11.07.2019 22:00:00 +02:00,14267.61,11215.34
11.07.2019 23:00:00 +02:00,13884.82,11037.65
12.07.2019 00:00:00 +02:00,14053.77,10697.73
12.07.2019 01:00:00 +02:00,13905.40,10388.78
12.07.2019 02:00:00 +02:00,13569.29,10262.02
12.07.2019 03:00:00 +02:00,13361.05,10162.86
12.07.2019 04:00:00 +02:00,12947.63,10044.52
12.07.2019 05:00:00 +02:00,13391.71,10141.90
12.07.2019 06:00:00 +02:00,14057.81,10697.93
12.07.2019 07:00:00 +02:00,14689.40,11353.88
12.07.2019 08:00:00 +02:00,15256.23,11884.67
12.07.2019 09:00:00 +02:00,15717.84,12108.86
12.07.2019 10:00:00 +02:00,15978.97,12294.14
12.07.2019 11:00:00 +02:00,15887.38,12298.92
12.07.2019 12:00:00 +02:00,15739.73,12197.38
12.07.2019 13:00:00 +02:00,15348.97,12051.22
12.07.2019 14:00:00 +02:00,15019.67,11942.70
12.07.2019 15:00:00 +02:00,15025.14,11826.01
12.07.2019 16:00:00 +02:00,14843.60,11651.17
12.07.2019 17:00:00 +02:00,14918.30,11478.44
12.07.2019 18:00:00 +02:00,14880.85,11406.22
12.07.2019 19:00:00 +02:00,14688.43,11339.87
12.07.2019 20:00:00 +02:00,13929.37,11178.50
12.07.2019 21:00:00 +02:00,13771.76,10947.30
12.07.2019 22:00:00 +02:00,13579.92,10803.64
12.07.2019 23:00:00 +02:00,12845.60,10665.23
13.07.2019 00:00:00 +02:00,12602.32,10373.75
13.07.2019 01:00:00 +02:00,12083.57,10080.37
13.07.2019 02:00:00 +02:00,11285.08,9915.65
13.07.2019 03:00:00 +02:00,10255.22,9771.30
13.07.2019 04:00:00 +02:00,10049.72,9639.96
13.07.2019 05:00:00 +02:00,9682.31,9587.78
13.07.2019 06:00:00 +02:00,10958.31,9688.18
13.07.2019 07:00:00 +02:00,11985.55,9970.18
13.07.2019 08:00:00 +02:00,13108.89,10333.84
13.07.2019 09:00:00 +02:00,13966.58,10835.94
13.07.2019 10:00:00 +02:00,14253.15,11083.92
13.07.2019 11:00:00 +02:00,13927.91,11181.92
13.07.2019 12:00:00 +02:00,12878.09,11144.93
13.07.2019 13:00:00 +02:00,11486.92,11106.59
13.07.2019 14:00:00 +02:00,10263.30,11051.13
13.07.2019 15:00:00 +02:00,9991.51,10956.25
13.07.2019 16:00:00 +02:00,10036.91,10926.57
13.07.2019 17:00:00 +02:00,10848.92,10827.31
13.07.2019 18:00:00 +02:00,12288.24,10942.92
13.07.2019 19:00:00 +02:00,13253.53,10914.02
13.07.2019 20:00:00 +02:00,12846.89,10818.46
13.07.2019 21:00:00 +02:00,12558.64,10669.95
13.07.2019 22:00:00 +02:00,13007.32,10585.35
13.07.2019 23:00:00 +02:00,12487.82,10352.79
14.07.2019 00:00:00 +02:00,10502.02,10331.46
14.07.2019 01:00:00 +02:00,8850.53,10102.66
14.07.2019 02:00:00 +02:00,8294.48,9792.35
14.07.2019 03:00:00 +02:00,7921.97,9889.63
14.07.2019 04:00:00 +02:00,7273.41,9715.90
14.07.2019 05:00:00 +02:00,7177.10,9597.87
14.07.2019 06:00:00 +02:00,7664.95,9654.63
14.07.2019 07:00:00 +02:00,8809.68,9859.27
14.07.2019 08:00:00 +02:00,9948.57,10191.79
14.07.2019 09:00:00 +02:00,10733.69,10514.48
14.07.2019 10:00:00 +02:00,11266.94,10798.67
14.07.2019 11:00:00 +02:00,11484.82,10921.59
14.07.2019 12:00:00 +02:00,11201.34,10946.33
14.07.2019 13:00:00 +02:00,10162.24,10944.35
14.07.2019 14:00:00 +02:00,9641.15,10901.60
14.07.2019 15:00:00 +02:00,9756.43,10885.58
14.07.2019 16:00:00 +02:00,9730.87,10909.35
14.07.2019 17:00:00 +02:00,10660.46,10933.89
14.07.2019 18:00:00 +02:00,12125.71,10931.18
14.07.2019 19:00:00 +02:00,12603.41,10927.35
14.07.2019 20:00:00 +02:00,13220.68,10922.54
14.07.2019 21:00:00 +02:00,13080.06,10904.67
14.07.2019 22:00:00 +02:00,12933.65,10855.11
14.07.2019 23:00:00 +02:00,12059.33,10704.91
15.07.2019 00:00:00 +02:00,10534.81,10389.42
15.07.2019 01:00:00 +02:00,9603.07,10164.82
15.07.2019 02:00:00 +02:00,9253.73,9965.63
15.07.2019 03:00:00 +02:00,8395.28,9936.77
15.07.2019 04:00:00 +02:00,8426.32,9902.69
15.07.2019 05:00:00 +02:00,10006.03,9996.41
15.07.2019 06:00:00 +02:00,12965.40,10485.28
15.07.2019 07:00:00 +02:00,14035.45,11173.22
15.07.2019 08:00:00 +02:00,14572.99,10450.59
15.07.2019 09:00:00 +02:00,14880.92,11566.96
15.07.2019 10:00:00 +02:00,15261.33,12004.54
15.07.2019 11:00:00 +02:00,15164.69,12138.50
15.07.2019 12:00:00 +02:00,14876.88,12095.94
15.07.2019 13:00:00 +02:00,14815.87,11997.55
15.07.2019 14:00:00 +02:00,13597.62,11999.04
15.07.2019 15:00:00 +02:00,13449.00,11947.14
15.07.2019 16:00:00 +02:00,12975.64,11851.69
15.07.2019 17:00:00 +02:00,13711.53,11722.40
15.07.2019 18:00:00 +02:00,14431.06,11691.35
15.07.2019 19:00:00 +02:00,14356.65,11597.66
15.07.2019 20:00:00 +02:00,13899.77,11581.81
15.07.2019 21:00:00 +02:00,13508.40,11376.39
15.07.2019 22:00:00 +02:00,13116.56,11236.36
15.07.2019 23:00:00 +02:00,11993.52,11013.49
16.07.2019 00:00:00 +02:00,10457.56,10667.62
16.07.2019 01:00:00 +02:00,9334.99,10399.95
16.07.2019 02:00:00 +02:00,8838.53,10246.44
16.07.2019 03:00:00 +02:00,8566.24,10191.43
16.07.2019 04:00:00 +02:00,8402.05,10109.81
16.07.2019 05:00:00 +02:00,9521.37,10157.17
16.07.2019 06:00:00 +02:00,11939.57,10640.22
16.07.2019 07:00:00 +02:00,13086.93,11270.34
16.07.2019 08:00:00 +02:00,13599.54,11689.47
16.07.2019 09:00:00 +02:00,14042.80,11885.34
16.07.2019 10:00:00 +02:00,14218.17,12023.79
16.07.2019 11:00:00 +02:00,14363.10,12000.40
16.07.2019 12:00:00 +02:00,14249.96,11972.56
16.07.2019 13:00:00 +02:00,14216.07,11954.35
16.07.2019 14:00:00 +02:00,13928.46,11954.92
16.07.2019 15:00:00 +02:00,13445.63,11885.90
16.07.2019 16:00:00 +02:00,13411.88,11726.35
16.07.2019 17:00:00 +02:00,13760.76,11650.60
16.07.2019 18:00:00 +02:00,14305.15,11546.07
16.07.2019 19:00:00 +02:00,14258.25,11507.14
16.07.2019 20:00:00 +02:00,14203.10,11357.14
16.07.2019 21:00:00 +02:00,14253.39,11202.54
16.07.2019 22:00:00 +02:00,14003.61,11096.92
16.07.2019 23:00:00 +02:00,13832.36,10891.59
17.07.2019 00:00:00 +02:00,13053.47,9790.89
17.07.2019 01:00:00 +02:00,12137.12,10155.95
17.07.2019 02:00:00 +02:00,11694.53,9500.85
17.07.2019 03:00:00 +02:00,11222.49,9715.88
17.07.2019 04:00:00 +02:00,11388.77,9340.31
17.07.2019 05:00:00 +02:00,11895.38,9658.23
17.07.2019 06:00:00 +02:00,13310.28,10141.59
17.07.2019 07:00:00 +02:00,14378.08,10788.77
17.07.2019 08:00:00 +02:00,15046.97,11256.08
17.07.2019 09:00:00 +02:00,15410.51,11584.87
17.07.2019 10:00:00 +02:00,15600.75,11757.35
17.07.2019 11:00:00 +02:00,15544.47,11731.34
17.07.2019 12:00:00 +02:00,15506.77,11677.83
17.07.2019 13:00:00 +02:00,15441.53,10900.66
17.07.2019 14:00:00 +02:00,15121.49,10493.75
17.07.2019 15:00:00 +02:00,15078.49,11218.74
17.07.2019 16:00:00 +02:00,14932.05,11138.82
17.07.2019 17:00:00 +02:00,15119.01,11440.78
17.07.2019 18:00:00 +02:00,14819.75,11348.99
17.07.2019 19:00:00 +02:00,14629.19,11354.51
17.07.2019 20:00:00 +02:00,14595.08,11297.28
17.07.2019 21:00:00 +02:00,14652.98,11206.57
17.07.2019 22:00:00 +02:00,14639.90,11097.49
17.07.2019 23:00:00 +02:00,14309.66,10925.54
18.07.2019 00:00:00 +02:00,13778.20,10547.75
18.07.2019 01:00:00 +02:00,12891.67,10220.65
18.07.2019 02:00:00 +02:00,12053.29,10034.34
18.07.2019 03:00:00 +02:00,11951.86,9931.25
18.07.2019 04:00:00 +02:00,11914.58,9853.24
18.07.2019 05:00:00 +02:00,12101.62,9893.54
18.07.2019 06:00:00 +02:00,12988.94,10160.62
18.07.2019 07:00:00 +02:00,14189.25,10898.80
18.07.2019 08:00:00 +02:00,15014.70,11285.96
18.07.2019 09:00:00 +02:00,15516.14,11548.31
18.07.2019 10:00:00 +02:00,15731.26,11345.18
18.07.2019 11:00:00 +02:00,15741.13,11750.84
18.07.2019 12:00:00 +02:00,15425.10,11809.37
18.07.2019 13:00:00 +02:00,14971.05,11634.70
18.07.2019 14:00:00 +02:00,14958.69,11712.01
18.07.2019 15:00:00 +02:00,14926.39,11644.15
18.07.2019 16:00:00 +02:00,15070.07,11504.94
18.07.2019 17:00:00 +02:00,15241.01,11494.89
18.07.2019 18:00:00 +02:00,15176.51,11438.66
18.07.2019 19:00:00 +02:00,15135.51,11388.70
18.07.2019 20:00:00 +02:00,14901.54,11304.82
18.07.2019 21:00:00 +02:00,14726.90,11189.31
18.07.2019 22:00:00 +02:00,14587.74,11074.36
18.07.2019 23:00:00 +02:00,14165.53,10858.91
19.07.2019 00:00:00 +02:00,12711.63,10537.48
19.07.2019 01:00:00 +02:00,11563.64,10247.37
19.07.2019 02:00:00 +02:00,11245.85,10044.43
19.07.2019 03:00:00 +02:00,11043.04,9959.57
19.07.2019 04:00:00 +02:00,11019.13,8748.09
19.07.2019 05:00:00 +02:00,12037.41,9759.28
19.07.2019 06:00:00 +02:00,12829.62,10311.00
19.07.2019 07:00:00 +02:00,13978.27,10934.31
19.07.2019 08:00:00 +02:00,14956.58,11304.84
19.07.2019 09:00:00 +02:00,15436.61,11543.60
19.07.2019 10:00:00 +02:00,15738.66,11720.98
19.07.2019 11:00:00 +02:00,15449.58,11700.17
19.07.2019 12:00:00 +02:00,15179.22,11677.74
19.07.2019 13:00:00 +02:00,14904.36,11554.78
19.07.2019 14:00:00 +02:00,14857.37,11552.44
19.07.2019 15:00:00 +02:00,14832.66,11467.88
19.07.2019 16:00:00 +02:00,14566.26,11353.76
19.07.2019 17:00:00 +02:00,14663.00,11229.02
19.07.2019 18:00:00 +02:00,14498.38,11151.53
19.07.2019 19:00:00 +02:00,14318.19,11025.37
19.07.2019 20:00:00 +02:00,13821.28,10873.69
19.07.2019 21:00:00 +02:00,13509.26,10631.55
19.07.2019 22:00:00 +02:00,13696.67,10551.09
19.07.2019 23:00:00 +02:00,13439.92,10406.38
20.07.2019 00:00:00 +02:00,13185.18,9778.43
20.07.2019 01:00:00 +02:00,12063.28,9905.70
20.07.2019 02:00:00 +02:00,10636.61,9736.84
20.07.2019 03:00:00 +02:00,9515.63,9639.89
20.07.2019 04:00:00 +02:00,8762.32,9579.66
20.07.2019 05:00:00 +02:00,8440.39,9461.12
20.07.2019 06:00:00 +02:00,9206.52,9589.47
20.07.2019 07:00:00 +02:00,9958.73,9832.29
20.07.2019 08:00:00 +02:00,11243.15,10207.63
20.07.2019 09:00:00 +02:00,11837.83,10649.30
20.07.2019 10:00:00 +02:00,11448.93,10944.72
20.07.2019 11:00:00 +02:00,11131.82,11058.56
20.07.2019 12:00:00 +02:00,10656.40,10998.12
20.07.2019 13:00:00 +02:00,10446.07,10789.07
20.07.2019 14:00:00 +02:00,10336.28,10751.58
20.07.2019 15:00:00 +02:00,10088.83,10946.60
20.07.2019 16:00:00 +02:00,10262.76,10954.12
20.07.2019 17:00:00 +02:00,11133.40,10998.25
20.07.2019 18:00:00 +02:00,12390.93,11010.85
20.07.2019 19:00:00 +02:00,13004.13,10756.01
20.07.2019 20:00:00 +02:00,13026.69,10791.34
20.07.2019 21:00:00 +02:00,12712.19,10619.05
20.07.2019 22:00:00 +02:00,12768.53,10174.54
20.07.2019 23:00:00 +02:00,11827.65,10352.66
21.07.2019 00:00:00 +02:00,9251.47,10135.31
21.07.2019 01:00:00 +02:00,8481.54,9898.15
21.07.2019 02:00:00 +02:00,8432.56,9719.56
21.07.2019 03:00:00 +02:00,7863.28,9645.46
21.07.2019 04:00:00 +02:00,7613.30,9516.84
21.07.2019 05:00:00 +02:00,7745.22,9400.50
21.07.2019 06:00:00 +02:00,8429.63,9419.02
21.07.2019 07:00:00 +02:00,9624.33,9574.01
21.07.2019 08:00:00 +02:00,10556.12,9833.98
21.07.2019 09:00:00 +02:00,10953.47,10165.25
21.07.2019 10:00:00 +02:00,11384.46,10527.02
21.07.2019 11:00:00 +02:00,11261.77,10649.89
21.07.2019 12:00:00 +02:00,10855.54,10439.33
21.07.2019 13:00:00 +02:00,10356.77,10737.90
21.07.2019 14:00:00 +02:00,10034.81,10805.22
21.07.2019 15:00:00 +02:00,9848.40,10835.31
21.07.2019 16:00:00 +02:00,10040.54,10194.78
21.07.2019 17:00:00 +02:00,10126.21,10186.70
21.07.2019 18:00:00 +02:00,11066.31,10667.72
21.07.2019 19:00:00 +02:00,12409.43,10443.03
21.07.2019 20:00:00 +02:00,12932.92,10596.70
21.07.2019 21:00:00 +02:00,13144.23,10000.59
21.07.2019 22:00:00 +02:00,13058.16,10323.59
21.07.2019 23:00:00 +02:00,12543.09,10402.75
22.07.2019 00:00:00 +02:00,10842.31,10250.83
22.07.2019 01:00:00 +02:00,9482.73,9987.20
22.07.2019 02:00:00 +02:00,8904.24,9849.36
22.07.2019 03:00:00 +02:00,8800.43,9783.09
22.07.2019 04:00:00 +02:00,8858.59,9777.40
22.07.2019 05:00:00 +02:00,9866.81,9837.73
22.07.2019 06:00:00 +02:00,11677.52,10333.38
22.07.2019 07:00:00 +02:00,12939.38,10958.68
22.07.2019 08:00:00 +02:00,13479.11,11406.74
22.07.2019 09:00:00 +02:00,13828.62,11718.08
22.07.2019 10:00:00 +02:00,14016.91,11629.90
22.07.2019 11:00:00 +02:00,13712.22,11694.33
22.07.2019 12:00:00 +02:00,13188.52,11846.72
22.07.2019 13:00:00 +02:00,12952.94,11779.76
22.07.2019 14:00:00 +02:00,12746.04,11764.69
22.07.2019 15:00:00 +02:00,13031.73,11673.65
22.07.2019 16:00:00 +02:00,13272.53,11403.25
22.07.2019 17:00:00 +02:00,13624.15,11365.28
22.07.2019 18:00:00 +02:00,14654.96,11477.28
22.07.2019 19:00:00 +02:00,14379.41,11260.58
22.07.2019 20:00:00 +02:00,14129.65,11134.80
22.07.2019 21:00:00 +02:00,14081.58,10951.68
22.07.2019 22:00:00 +02:00,13840.63,10781.62
22.07.2019 23:00:00 +02:00,13317.40,10448.46
23.07.2019 00:00:00 +02:00,12708.72,10049.08
23.07.2019 01:00:00 +02:00,11846.37,9778.04
23.07.2019 02:00:00 +02:00,11370.98,9639.24
23.07.2019 03:00:00 +02:00,11055.47,9572.84
23.07.2019 04:00:00 +02:00,10900.53,9547.50
23.07.2019 05:00:00 +02:00,12058.79,9600.30
23.07.2019 06:00:00 +02:00,11851.76,9938.18
23.07.2019 07:00:00 +02:00,12869.24,10527.42
23.07.2019 08:00:00 +02:00,13454.43,11029.85
23.07.2019 09:00:00 +02:00,14006.74,11303.18
23.07.2019 10:00:00 +02:00,13986.24,11489.28
23.07.2019 11:00:00 +02:00,14016.26,11515.58
23.07.2019 12:00:00 +02:00,13890.67,11391.23
23.07.2019 13:00:00 +02:00,13777.18,10756.79
23.07.2019 14:00:00 +02:00,13737.62,10724.61
23.07.2019 15:00:00 +02:00,13635.79,11254.07
23.07.2019 16:00:00 +02:00,13558.24,10324.38
23.07.2019 17:00:00 +02:00,13521.06,11166.11
23.07.2019 18:00:00 +02:00,14322.96,11069.09
23.07.2019 19:00:00 +02:00,14225.62,11008.60
23.07.2019 20:00:00 +02:00,13907.08,10893.42
23.07.2019 21:00:00 +02:00,13761.99,10675.21
23.07.2019 22:00:00 +02:00,13437.43,10580.92
23.07.2019 23:00:00 +02:00,13247.21,10393.69
24.07.2019 00:00:00 +02:00,13331.34,10052.33
24.07.2019 01:00:00 +02:00,12591.28,9751.13
24.07.2019 02:00:00 +02:00,12146.87,9567.43
24.07.2019 03:00:00 +02:00,11883.45,9510.45
24.07.2019 04:00:00 +02:00,11592.05,9430.06
24.07.2019 05:00:00 +02:00,11987.08,9464.87
24.07.2019 06:00:00 +02:00,12135.47,9946.29
24.07.2019 07:00:00 +02:00,12748.71,10539.74
24.07.2019 08:00:00 +02:00,13624.78,10964.99
24.07.2019 09:00:00 +02:00,13982.13,11064.10
24.07.2019 10:00:00 +02:00,14072.44,11392.41
24.07.2019 11:00:00 +02:00,14092.70,11237.89
24.07.2019 12:00:00 +02:00,13875.74,9721.28
24.07.2019 13:00:00 +02:00,13890.68,11469.17
24.07.2019 14:00:00 +02:00,13845.17,11413.53
24.07.2019 15:00:00 +02:00,13760.03,11345.72
24.07.2019 16:00:00 +02:00,13707.34,11315.65
24.07.2019 17:00:00 +02:00,13812.36,10815.50
24.07.2019 18:00:00 +02:00,14431.84,11060.62
24.07.2019 19:00:00 +02:00,14337.38,10988.90
24.07.2019 20:00:00 +02:00,13939.02,10843.29
24.07.2019 21:00:00 +02:00,13703.50,10690.51
24.07.2019 22:00:00 +02:00,13724.92,10614.67
24.07.2019 23:00:00 +02:00,13320.82,10380.56
25.07.2019 00:00:00 +02:00,13016.75,9965.47
25.07.2019 01:00:00 +02:00,12745.71,9262.61
25.07.2019 02:00:00 +02:00,11850.09,9095.70
25.07.2019 03:00:00 +02:00,11651.78,8732.70
25.07.2019 04:00:00 +02:00,11496.40,9355.53
25.07.2019 05:00:00 +02:00,11922.49,9340.56
25.07.2019 06:00:00 +02:00,11840.13,9788.62
25.07.2019 07:00:00 +02:00,12679.56,10424.46
25.07.2019 08:00:00 +02:00,13501.11,10903.44
25.07.2019 09:00:00 +02:00,13903.85,11175.14
25.07.2019 10:00:00 +02:00,13873.96,11361.15
25.07.2019 11:00:00 +02:00,13726.35,11401.39
25.07.2019 12:00:00 +02:00,13850.14,11385.52
25.07.2019 13:00:00 +02:00,13755.21,11349.05
25.07.2019 14:00:00 +02:00,13576.19,11392.01
25.07.2019 15:00:00 +02:00,13586.73,11354.85
25.07.2019 16:00:00 +02:00,13350.87,11124.80
25.07.2019 17:00:00 +02:00,13317.86,11230.66
25.07.2019 18:00:00 +02:00,14027.19,11117.15
25.07.2019 19:00:00 +02:00,13907.52,11069.23
25.07.2019 20:00:00 +02:00,13712.14,10751.16
25.07.2019 21:00:00 +02:00,13223.38,10757.63
25.07.2019 22:00:00 +02:00,12806.67,10706.30
25.07.2019 23:00:00 +02:00,12573.70,10482.06
26.07.2019 00:00:00 +02:00,12027.88,10058.66
26.07.2019 01:00:00 +02:00,11053.12,9572.74
26.07.2019 02:00:00 +02:00,10650.87,9552.49
26.07.2019 03:00:00 +02:00,10319.29,9475.97
26.07.2019 04:00:00 +02:00,10274.47,9425.03
26.07.2019 05:00:00 +02:00,11390.00,9419.42
26.07.2019 06:00:00 +02:00,11919.06,9914.32
26.07.2019 07:00:00 +02:00,12950.93,10507.51
26.07.2019 08:00:00 +02:00,13663.39,10633.12
26.07.2019 09:00:00 +02:00,13860.43,10910.41
26.07.2019 10:00:00 +02:00,13959.00,11346.72
26.07.2019 11:00:00 +02:00,13710.08,11582.99
26.07.2019 12:00:00 +02:00,13449.22,11588.11
26.07.2019 13:00:00 +02:00,13351.91,11548.13
26.07.2019 14:00:00 +02:00,12991.24,10931.25
26.07.2019 15:00:00 +02:00,12958.94,11410.11
26.07.2019 16:00:00 +02:00,13074.55,10517.44
26.07.2019 17:00:00 +02:00,13554.22,11183.22
26.07.2019 18:00:00 +02:00,14563.00,11114.10
26.07.2019 19:00:00 +02:00,14124.03,11007.12
26.07.2019 20:00:00 +02:00,13936.52,10877.29
26.07.2019 21:00:00 +02:00,13495.84,10682.58
26.07.2019 22:00:00 +02:00,13284.00,10623.35
26.07.2019 23:00:00 +02:00,12507.80,10115.72
27.07.2019 00:00:00 +02:00,12045.26,10112.93
27.07.2019 01:00:00 +02:00,10425.83,9791.28
27.07.2019 02:00:00 +02:00,9984.80,9582.52
27.07.2019 03:00:00 +02:00,9356.05,9446.41
27.07.2019 04:00:00 +02:00,8629.20,9200.28
27.07.2019 05:00:00 +02:00,8686.64,9234.66
27.07.2019 06:00:00 +02:00,8950.72,9374.71
27.07.2019 07:00:00 +02:00,9492.92,9662.20
27.07.2019 08:00:00 +02:00,10863.29,10064.75
27.07.2019 09:00:00 +02:00,12293.35,10425.06
27.07.2019 10:00:00 +02:00,11211.08,10766.99
27.07.2019 11:00:00 +02:00,10563.38,10789.62
27.07.2019 12:00:00 +02:00,10251.15,10737.18
27.07.2019 13:00:00 +02:00,10042.38,10683.68
27.07.2019 14:00:00 +02:00,9980.79,10624.27
27.07.2019 15:00:00 +02:00,9892.58,10616.61
27.07.2019 16:00:00 +02:00,10000.74,10593.65
27.07.2019 17:00:00 +02:00,10046.08,10653.16
27.07.2019 18:00:00 +02:00,11091.10,10701.03
27.07.2019 19:00:00 +02:00,12087.28,10587.22
27.07.2019 20:00:00 +02:00,11282.52,10543.45
27.07.2019 21:00:00 +02:00,10347.54,10458.73
27.07.2019 22:00:00 +02:00,10146.18,10414.63
27.07.2019 23:00:00 +02:00,9198.39,10252.70
28.07.2019 00:00:00 +02:00,8606.97,9966.17
28.07.2019 01:00:00 +02:00,7676.85,9755.64
28.07.2019 02:00:00 +02:00,6977.21,9560.65
28.07.2019 03:00:00 +02:00,6689.95,9434.19
28.07.2019 04:00:00 +02:00,6918.05,9365.01
28.07.2019 05:00:00 +02:00,6687.35,9232.60
28.07.2019 06:00:00 +02:00,7187.97,9241.62
28.07.2019 07:00:00 +02:00,8802.17,9417.62
28.07.2019 08:00:00 +02:00,9651.08,9691.02
28.07.2019 09:00:00 +02:00,10466.55,10018.80
28.07.2019 10:00:00 +02:00,10894.05,10315.45
28.07.2019 11:00:00 +02:00,10900.38,10405.16
28.07.2019 12:00:00 +02:00,10472.42,10415.63
28.07.2019 13:00:00 +02:00,10339.42,10389.93
28.07.2019 14:00:00 +02:00,10115.19,10380.79
28.07.2019 15:00:00 +02:00,10312.34,10407.76
28.07.2019 16:00:00 +02:00,11133.00,10449.55
28.07.2019 17:00:00 +02:00,11652.22,10529.02
28.07.2019 18:00:00 +02:00,13024.53,10597.60
28.07.2019 19:00:00 +02:00,14237.44,10461.02
28.07.2019 20:00:00 +02:00,14264.11,10705.44
28.07.2019 21:00:00 +02:00,13922.28,10655.78
28.07.2019 22:00:00 +02:00,13732.73,10509.84
28.07.2019 23:00:00 +02:00,12374.67,10490.63
29.07.2019 00:00:00 +02:00,9623.12,9905.33
29.07.2019 01:00:00 +02:00,8539.01,9758.03
29.07.2019 02:00:00 +02:00,8316.03,9579.64
29.07.2019 03:00:00 +02:00,8230.74,9559.60
29.07.2019 04:00:00 +02:00,8243.29,9549.86
29.07.2019 05:00:00 +02:00,9497.97,9590.70
29.07.2019 06:00:00 +02:00,12624.12,10072.23
29.07.2019 07:00:00 +02:00,15162.58,10873.88
29.07.2019 08:00:00 +02:00,15447.29,11426.03
29.07.2019 09:00:00 +02:00,15846.28,11722.00
29.07.2019 10:00:00 +02:00,16136.41,11854.88
29.07.2019 11:00:00 +02:00,16101.89,11956.18
29.07.2019 12:00:00 +02:00,15918.81,11987.62
29.07.2019 13:00:00 +02:00,14985.24,11829.18
29.07.2019 14:00:00 +02:00,14844.22,11880.17
29.07.2019 15:00:00 +02:00,14258.06,11836.99
29.07.2019 16:00:00 +02:00,14543.52,11751.49
29.07.2019 17:00:00 +02:00,14868.31,11579.68
29.07.2019 18:00:00 +02:00,15056.66,11445.77
29.07.2019 19:00:00 +02:00,14901.87,11373.06
29.07.2019 20:00:00 +02:00,14965.39,11231.60
29.07.2019 21:00:00 +02:00,14900.74,11045.38
29.07.2019 22:00:00 +02:00,14482.83,10983.14
29.07.2019 23:00:00 +02:00,13309.16,10672.48
30.07.2019 00:00:00 +02:00,11573.72,10282.27
30.07.2019 01:00:00 +02:00,10954.41,10017.10
30.07.2019 02:00:00 +02:00,10594.03,9801.57
30.07.2019 03:00:00 +02:00,10537.24,9521.11
30.07.2019 04:00:00 +02:00,10592.45,9682.16
30.07.2019 05:00:00 +02:00,11398.68,9465.29
30.07.2019 06:00:00 +02:00,13024.46,10084.71
30.07.2019 07:00:00 +02:00,14198.89,10786.39
30.07.2019 08:00:00 +02:00,14900.16,11255.20
30.07.2019 09:00:00 +02:00,15454.71,11606.84
30.07.2019 10:00:00 +02:00,16021.16,11866.76
30.07.2019 11:00:00 +02:00,16002.08,11912.73
30.07.2019 12:00:00 +02:00,15653.39,11859.68
30.07.2019 13:00:00 +02:00,15720.57,11852.37
30.07.2019 14:00:00 +02:00,14979.48,11837.65
30.07.2019 15:00:00 +02:00,14846.63,11819.59
30.07.2019 16:00:00 +02:00,14718.72,11797.27
30.07.2019 17:00:00 +02:00,15656.15,11646.13
30.07.2019 18:00:00 +02:00,15905.05,11589.78
30.07.2019 19:00:00 +02:00,15819.17,11453.32
30.07.2019 20:00:00 +02:00,15559.07,11274.37
30.07.2019 21:00:00 +02:00,15213.70,11122.58
30.07.2019 22:00:00 +02:00,14571.92,11001.29
30.07.2019 23:00:00 +02:00,12825.42,10614.10
31.07.2019 00:00:00 +02:00,11299.48,10200.72
31.07.2019 01:00:00 +02:00,10683.04,9921.86
31.07.2019 02:00:00 +02:00,9901.30,9794.99
31.07.2019 03:00:00 +02:00,9707.05,9699.63
31.07.2019 04:00:00 +02:00,9973.74,9714.52
31.07.2019 05:00:00 +02:00,10898.48,9783.03
31.07.2019 06:00:00 +02:00,13023.08,10280.10
31.07.2019 07:00:00 +02:00,14729.74,11023.01
31.07.2019 08:00:00 +02:00,15511.77,11549.43
31.07.2019 09:00:00 +02:00,15755.64,11421.52
31.07.2019 10:00:00 +02:00,15683.97,11967.65
31.07.2019 11:00:00 +02:00,16131.95,12040.12
31.07.2019 12:00:00 +02:00,15827.00,11976.96
31.07.2019 13:00:00 +02:00,15450.00,11939.07
31.07.2019 14:00:00 +02:00,15243.80,11938.44
31.07.2019 15:00:00 +02:00,15269.22,11900.11
31.07.2019 16:00:00 +02:00,14832.71,11853.34
31.07.2019 17:00:00 +02:00,15283.35,11750.62
31.07.2019 18:00:00 +02:00,15843.50,11672.05
31.07.2019 19:00:00 +02:00,15696.87,11628.02
31.07.2019 20:00:00 +02:00,15611.45,11475.80
31.07.2019 21:00:00 +02:00,15619.59,11368.93
31.07.2019 22:00:00 +02:00,15441.18,11305.79
31.07.2019 23:00:00 +02:00,14767.51,10944.14
01.08.2019 00:00:00 +02:00,13666.04,10559.03
01.08.2019 01:00:00 +02:00,12699.11,10244.18
01.08.2019 02:00:00 +02:00,11934.14,10097.64
01.08.2019 03:00:00 +02:00,11642.90,10041.43
01.08.2019 04:00:00 +02:00,11680.16,9982.27
01.08.2019 05:00:00 +02:00,12644.28,10014.57
01.08.2019 06:00:00 +02:00,14179.44,10467.57
01.08.2019 07:00:00 +02:00,15471.37,11163.86
01.08.2019 08:00:00 +02:00,16145.45,11613.86
01.08.2019 09:00:00 +02:00,16168.10,11146.32
01.08.2019 10:00:00 +02:00,15840.21,11973.68
01.08.2019 11:00:00 +02:00,15775.26,11932.76
01.08.2019 12:00:00 +02:00,15148.56,11951.87
01.08.2019 13:00:00 +02:00,15501.18,11859.66
01.08.2019 14:00:00 +02:00,15726.16,11862.23
01.08.2019 15:00:00 +02:00,15701.21,11775.04
01.08.2019 16:00:00 +02:00,15820.44,11779.15
01.08.2019 17:00:00 +02:00,15899.75,11621.64
01.08.2019 18:00:00 +02:00,15862.26,11545.27
01.08.2019 19:00:00 +02:00,15524.21,11432.05
01.08.2019 20:00:00 +02:00,15389.69,11293.37
01.08.2019 21:00:00 +02:00,15452.88,11188.40
01.08.2019 22:00:00 +02:00,15040.41,11190.11
01.08.2019 23:00:00 +02:00,14184.49,10788.81
02.08.2019 00:00:00 +02:00,13705.75,10439.62
02.08.2019 01:00:00 +02:00,13038.32,10191.77
02.08.2019 02:00:00 +02:00,11930.14,10003.39
02.08.2019 03:00:00 +02:00,11320.69,9930.27
02.08.2019 04:00:00 +02:00,11566.32,9939.39
02.08.2019 05:00:00 +02:00,12497.54,9940.90
02.08.2019 06:00:00 +02:00,13839.74,10444.06
02.08.2019 07:00:00 +02:00,15091.59,11170.08
02.08.2019 08:00:00 +02:00,15670.35,11500.40
02.08.2019 09:00:00 +02:00,16111.22,11973.91
02.08.2019 10:00:00 +02:00,16237.96,12137.07
02.08.2019 11:00:00 +02:00,16415.65,11882.88
02.08.2019 12:00:00 +02:00,16278.45,12123.08
02.08.2019 13:00:00 +02:00,15877.86,12050.56
02.08.2019 14:00:00 +02:00,15499.78,11952.62
02.08.2019 15:00:00 +02:00,15181.89,11760.16
02.08.2019 16:00:00 +02:00,15052.73,11651.40
02.08.2019 17:00:00 +02:00,15799.07,11542.80
02.08.2019 18:00:00 +02:00,15780.69,11469.83
02.08.2019 19:00:00 +02:00,15789.07,11387.95
02.08.2019 20:00:00 +02:00,15560.90,11205.22
02.08.2019 21:00:00 +02:00,15396.32,11074.75
02.08.2019 22:00:00 +02:00,15157.89,11057.06
02.08.2019 23:00:00 +02:00,14454.19,10784.76
03.08.2019 00:00:00 +02:00,12258.41,10416.46
03.08.2019 01:00:00 +02:00,11028.99,9953.16
03.08.2019 02:00:00 +02:00,10427.93,9920.82
03.08.2019 03:00:00 +02:00,10189.97,9869.94
03.08.2019 04:00:00 +02:00,10003.10,9588.44
03.08.2019 05:00:00 +02:00,10065.28,9553.20
03.08.2019 06:00:00 +02:00,10459.32,9638.93
03.08.2019 07:00:00 +02:00,11477.65,9895.51
03.08.2019 08:00:00 +02:00,12689.08,10343.00
03.08.2019 09:00:00 +02:00,13723.21,10556.74
03.08.2019 10:00:00 +02:00,13823.00,11000.64
03.08.2019 11:00:00 +02:00,13657.79,11047.67
03.08.2019 12:00:00 +02:00,13328.94,11017.60
03.08.2019 13:00:00 +02:00,12895.28,10947.49
03.08.2019 14:00:00 +02:00,12636.00,10863.82
03.08.2019 15:00:00 +02:00,12584.50,10800.02
03.08.2019 16:00:00 +02:00,12724.45,10798.80
03.08.2019 17:00:00 +02:00,12940.51,10816.98
03.08.2019 18:00:00 +02:00,13770.11,10480.94
03.08.2019 19:00:00 +02:00,14483.92,10763.15
03.08.2019 20:00:00 +02:00,14519.93,10679.11
03.08.2019 21:00:00 +02:00,14931.75,10557.72
03.08.2019 22:00:00 +02:00,14962.97,10590.73
03.08.2019 23:00:00 +02:00,13421.53,10410.04
04.08.2019 00:00:00 +02:00,11898.64,10120.69
04.08.2019 01:00:00 +02:00,10735.79,9831.99
04.08.2019 02:00:00 +02:00,10237.93,9694.95
04.08.2019 03:00:00 +02:00,9792.69,9590.33
04.08.2019 04:00:00 +02:00,9480.90,9537.89
04.08.2019 05:00:00 +02:00,9229.59,9412.72
04.08.2019 06:00:00 +02:00,9858.50,9374.76
04.08.2019 07:00:00 +02:00,11153.15,9537.83
04.08.2019 08:00:00 +02:00,12098.14,9863.00
04.08.2019 09:00:00 +02:00,13102.83,10248.86
04.08.2019 10:00:00 +02:00,13544.59,10580.60
04.08.2019 11:00:00 +02:00,13587.96,10708.94
04.08.2019 12:00:00 +02:00,13522.82,10790.51
04.08.2019 13:00:00 +02:00,13469.20,10825.12
04.08.2019 14:00:00 +02:00,13324.75,10798.13
04.08.2019 15:00:00 +02:00,13216.18,10799.89
04.08.2019 16:00:00 +02:00,13137.14,10905.15
04.08.2019 17:00:00 +02:00,13548.47,10903.58
04.08.2019 18:00:00 +02:00,14126.13,10914.48
04.08.2019 19:00:00 +02:00,14947.35,10954.20
04.08.2019 20:00:00 +02:00,15585.19,11038.52
04.08.2019 21:00:00 +02:00,15396.64,11040.34
04.08.2019 22:00:00 +02:00,15019.57,10993.46
04.08.2019 23:00:00 +02:00,14150.65,10636.47
05.08.2019 00:00:00 +02:00,11299.09,10310.42
05.08.2019 01:00:00 +02:00,9159.00,9983.81
05.08.2019 02:00:00 +02:00,8817.78,9848.26
05.08.2019 03:00:00 +02:00,8774.81,9766.01
05.08.2019 04:00:00 +02:00,8943.60,9842.30
05.08.2019 05:00:00 +02:00,11593.39,9856.20
05.08.2019 06:00:00 +02:00,14631.15,10523.05
05.08.2019 07:00:00 +02:00,15996.75,11411.17
05.08.2019 08:00:00 +02:00,16728.00,11929.28
05.08.2019 09:00:00 +02:00,16629.76,12114.17
05.08.2019 10:00:00 +02:00,16769.98,12158.62
05.08.2019 11:00:00 +02:00,16959.22,12169.19
05.08.2019 12:00:00 +02:00,16869.68,12152.69
05.08.2019 13:00:00 +02:00,16671.75,11898.91
05.08.2019 14:00:00 +02:00,16146.74,11500.08
05.08.2019 15:00:00 +02:00,15388.09,12050.69
05.08.2019 16:00:00 +02:00,15332.93,12031.76
05.08.2019 17:00:00 +02:00,15762.95,11833.38
05.08.2019 18:00:00 +02:00,16070.29,11697.63
05.08.2019 19:00:00 +02:00,16604.78,11639.69
05.08.2019 20:00:00 +02:00,16304.08,11547.26
05.08.2019 21:00:00 +02:00,16184.32,11445.37
05.08.2019 22:00:00 +02:00,15881.53,11304.19
05.08.2019 23:00:00 +02:00,14223.89,10930.70
06.08.2019 00:00:00 +02:00,12044.29,10330.14
06.08.2019 01:00:00 +02:00,11027.84,9994.63
06.08.2019 02:00:00 +02:00,10122.92,9866.45
06.08.2019 03:00:00 +02:00,10031.74,9829.20
06.08.2019 04:00:00 +02:00,10024.00,9845.76
06.08.2019 05:00:00 +02:00,11434.89,9720.15
06.08.2019 06:00:00 +02:00,13623.04,10555.95
06.08.2019 07:00:00 +02:00,16035.77,11368.68
06.08.2019 08:00:00 +02:00,16830.02,11835.99
06.08.2019 09:00:00 +02:00,16700.79,11993.01
06.08.2019 10:00:00 +02:00,16209.20,12149.17
06.08.2019 11:00:00 +02:00,16023.52,12124.19
06.08.2019 12:00:00 +02:00,15477.89,12104.95
06.08.2019 13:00:00 +02:00,15237.58,12082.64
06.08.2019 14:00:00 +02:00,15037.99,12085.97
06.08.2019 15:00:00 +02:00,15264.99,12022.43
06.08.2019 16:00:00 +02:00,15664.59,11936.95
06.08.2019 17:00:00 +02:00,16166.06,11825.55
06.08.2019 18:00:00 +02:00,16152.90,11760.90
06.08.2019 19:00:00 +02:00,16072.66,11682.33
06.08.2019 20:00:00 +02:00,15964.86,11518.67
06.08.2019 21:00:00 +02:00,15934.15,11456.55
06.08.2019 22:00:00 +02:00,15502.99,11374.83
06.08.2019 23:00:00 +02:00,14157.33,10947.23
07.08.2019 00:00:00 +02:00,12094.18,10444.12
07.08.2019 01:00:00 +02:00,10253.04,10117.37
07.08.2019 02:00:00 +02:00,9803.01,9960.60
07.08.2019 03:00:00 +02:00,10037.52,9893.86
07.08.2019 04:00:00 +02:00,9850.88,9912.30
07.08.2019 05:00:00 +02:00,11404.42,9991.37
07.08.2019 06:00:00 +02:00,13786.45,10546.24
07.08.2019 07:00:00 +02:00,15513.76,11369.71
07.08.2019 08:00:00 +02:00,16066.63,11909.22
07.08.2019 09:00:00 +02:00,16371.56,12048.26
07.08.2019 10:00:00 +02:00,16116.61,12106.49
07.08.2019 11:00:00 +02:00,15898.85,12195.06
07.08.2019 12:00:00 +02:00,15957.58,12158.22
07.08.2019 13:00:00 +02:00,15645.96,12065.37
07.08.2019 14:00:00 +02:00,15107.63,12001.85
07.08.2019 15:00:00 +02:00,14946.70,11997.91
07.08.2019 16:00:00 +02:00,14884.99,11971.10
07.08.2019 17:00:00 +02:00,15173.73,11791.68
07.08.2019 18:00:00 +02:00,15608.90,11552.14
07.08.2019 19:00:00 +02:00,15707.20,11438.49
07.08.2019 20:00:00 +02:00,15532.28,11475.93
07.08.2019 21:00:00 +02:00,15625.85,11395.23
07.08.2019 22:00:00 +02:00,14515.17,11253.40
07.08.2019 23:00:00 +02:00,12538.10,10801.56
08.08.2019 00:00:00 +02:00,10968.45,10389.48
08.08.2019 01:00:00 +02:00,10096.93,10055.48
08.08.2019 02:00:00 +02:00,10002.38,9887.06
08.08.2019 03:00:00 +02:00,9961.94,9834.92
08.08.2019 04:00:00 +02:00,10364.82,9870.52
08.08.2019 05:00:00 +02:00,11470.85,9923.50
08.08.2019 06:00:00 +02:00,13198.54,10522.22
08.08.2019 07:00:00 +02:00,15084.17,11199.16
08.08.2019 08:00:00 +02:00,15724.32,11468.71
08.08.2019 09:00:00 +02:00,15679.43,12138.59
08.08.2019 10:00:00 +02:00,15009.63,11305.32
08.08.2019 11:00:00 +02:00,15193.72,12021.78
08.08.2019 12:00:00 +02:00,14991.64,12218.31
08.08.2019 13:00:00 +02:00,14702.71,12208.22
08.08.2019 14:00:00 +02:00,14652.85,12169.43
08.08.2019 15:00:00 +02:00,14237.34,12041.97
08.08.2019 16:00:00 +02:00,13760.49,12023.72
08.08.2019 17:00:00 +02:00,14380.10,11852.38
08.08.2019 18:00:00 +02:00,15103.56,11687.25
08.08.2019 19:00:00 +02:00,15995.34,11624.79
08.08.2019 20:00:00 +02:00,15901.69,11526.92
08.08.2019 21:00:00 +02:00,15865.07,11506.36
08.08.2019 22:00:00 +02:00,15456.96,11441.73
08.08.2019 23:00:00 +02:00,14174.28,10945.02
09.08.2019 00:00:00 +02:00,12199.75,10453.89
09.08.2019 01:00:00 +02:00,11009.44,10176.37
09.08.2019 02:00:00 +02:00,10390.68,9977.11
09.08.2019 03:00:00 +02:00,10550.84,9940.80
09.08.2019 04:00:00 +02:00,10359.69,9974.56
09.08.2019 05:00:00 +02:00,12567.19,10073.34
09.08.2019 06:00:00 +02:00,14465.53,10667.18
09.08.2019 07:00:00 +02:00,16170.52,11632.12
09.08.2019 08:00:00 +02:00,16781.57,11059.82
09.08.2019 09:00:00 +02:00,16540.35,12288.42
09.08.2019 10:00:00 +02:00,16474.59,12400.52
09.08.2019 11:00:00 +02:00,16654.10,12024.08
09.08.2019 12:00:00 +02:00,16369.40,11922.63
09.08.2019 13:00:00 +02:00,16200.03,12036.54
09.08.2019 14:00:00 +02:00,16364.47,12179.66
09.08.2019 15:00:00 +02:00,16038.25,12034.28
09.08.2019 16:00:00 +02:00,15506.99,11716.67
09.08.2019 17:00:00 +02:00,16030.11,11797.08
09.08.2019 18:00:00 +02:00,16017.09,11676.32
09.08.2019 19:00:00 +02:00,16068.38,11622.66
09.08.2019 20:00:00 +02:00,15874.82,11476.75
09.08.2019 21:00:00 +02:00,14309.39,11353.68
09.08.2019 22:00:00 +02:00,12584.06,11258.24
09.08.2019 23:00:00 +02:00,11275.67,10880.97
10.08.2019 00:00:00 +02:00,9914.64,10491.55
10.08.2019 01:00:00 +02:00,9691.71,10201.39
10.08.2019 02:00:00 +02:00,9099.89,10020.48
10.08.2019 03:00:00 +02:00,8749.40,9727.18
10.08.2019 04:00:00 +02:00,8427.14,9813.29
10.08.2019 05:00:00 +02:00,8487.70,9712.80
10.08.2019 06:00:00 +02:00,9090.76,9801.98
10.08.2019 07:00:00 +02:00,9937.84,10091.43
10.08.2019 08:00:00 +02:00,11303.23,10530.08
10.08.2019 09:00:00 +02:00,12344.15,11018.52
10.08.2019 10:00:00 +02:00,12594.93,11377.89
10.08.2019 11:00:00 +02:00,12333.65,11473.52
10.08.2019 12:00:00 +02:00,11835.65,11363.28
10.08.2019 13:00:00 +02:00,11377.10,11320.30
10.08.2019 14:00:00 +02:00,11085.64,11285.50
10.08.2019 15:00:00 +02:00,10885.12,11227.24
10.08.2019 16:00:00 +02:00,11377.79,11254.56
10.08.2019 17:00:00 +02:00,11779.42,11356.67
10.08.2019 18:00:00 +02:00,11078.97,11370.10
10.08.2019 19:00:00 +02:00,11157.21,11307.74
10.08.2019 20:00:00 +02:00,11154.37,11170.21
10.08.2019 21:00:00 +02:00,10090.48,10938.51
10.08.2019 22:00:00 +02:00,9554.25,10755.81
10.08.2019 23:00:00 +02:00,8868.51,10410.42
11.08.2019 00:00:00 +02:00,7403.65,10121.10
11.08.2019 01:00:00 +02:00,6747.94,9837.75
11.08.2019 02:00:00 +02:00,6517.41,9652.32
11.08.2019 03:00:00 +02:00,6386.55,9566.95
11.08.2019 04:00:00 +02:00,6500.52,9503.04
11.08.2019 05:00:00 +02:00,6369.61,9385.37
11.08.2019 06:00:00 +02:00,6511.79,9410.47
11.08.2019 07:00:00 +02:00,7079.01,9654.17
11.08.2019 08:00:00 +02:00,8082.16,9960.77
11.08.2019 09:00:00 +02:00,8997.72,10311.26
11.08.2019 10:00:00 +02:00,9466.57,10656.38
11.08.2019 11:00:00 +02:00,9688.98,10888.46
11.08.2019 12:00:00 +02:00,9137.04,10914.55
11.08.2019 13:00:00 +02:00,8966.26,10936.16
11.08.2019 14:00:00 +02:00,8848.54,10749.39
11.08.2019 15:00:00 +02:00,8853.80,10960.39
11.08.2019 16:00:00 +02:00,8968.50,10951.02
11.08.2019 17:00:00 +02:00,9909.97,10988.05
11.08.2019 18:00:00 +02:00,11531.21,10980.43
11.08.2019 19:00:00 +02:00,12821.47,10794.06
11.08.2019 20:00:00 +02:00,13481.05,10969.84
11.08.2019 21:00:00 +02:00,13718.72,10999.34
11.08.2019 22:00:00 +02:00,13266.29,10773.18
11.08.2019 23:00:00 +02:00,11824.29,10461.32
12.08.2019 00:00:00 +02:00,8992.22,10039.48
12.08.2019 01:00:00 +02:00,7546.07,9724.26
12.08.2019 02:00:00 +02:00,7100.43,9606.18
12.08.2019 03:00:00 +02:00,7059.11,9598.67
12.08.2019 04:00:00 +02:00,7287.72,9668.63
12.08.2019 05:00:00 +02:00,8530.55,9910.75
12.08.2019 06:00:00 +02:00,12194.40,10601.74
12.08.2019 07:00:00 +02:00,14136.09,11468.40
12.08.2019 08:00:00 +02:00,14859.84,11961.81
12.08.2019 09:00:00 +02:00,14305.66,12131.65
12.08.2019 10:00:00 +02:00,13875.00,12214.40
12.08.2019 11:00:00 +02:00,13904.56,12171.00
12.08.2019 12:00:00 +02:00,13494.64,12234.07
12.08.2019 13:00:00 +02:00,13760.22,12267.80
12.08.2019 14:00:00 +02:00,14302.43,12261.14
12.08.2019 15:00:00 +02:00,13653.39,12147.88
12.08.2019 16:00:00 +02:00,14642.27,12075.76
12.08.2019 17:00:00 +02:00,15259.33,11955.02
12.08.2019 18:00:00 +02:00,14875.97,11824.72
12.08.2019 19:00:00 +02:00,14910.56,11773.76
12.08.2019 20:00:00 +02:00,15220.33,11732.89
12.08.2019 21:00:00 +02:00,15132.83,11726.07
12.08.2019 22:00:00 +02:00,14111.43,11475.64
12.08.2019 23:00:00 +02:00,13189.65,10951.17
13.08.2019 00:00:00 +02:00,11878.48,10510.82
13.08.2019 01:00:00 +02:00,11113.45,10218.87
13.08.2019 02:00:00 +02:00,10379.75,10085.78
13.08.2019 03:00:00 +02:00,10226.31,10027.60
13.08.2019 04:00:00 +02:00,10503.00,10094.44
13.08.2019 05:00:00 +02:00,11824.37,10245.09
13.08.2019 06:00:00 +02:00,13568.43,10749.30
13.08.2019 07:00:00 +02:00,14681.33,11798.98
13.08.2019 08:00:00 +02:00,15286.20,12166.86
13.08.2019 09:00:00 +02:00,15329.22,12249.18
13.08.2019 10:00:00 +02:00,15006.36,12411.67
13.08.2019 11:00:00 +02:00,14580.73,11858.66
13.08.2019 12:00:00 +02:00,14071.59,11712.32
13.08.2019 13:00:00 +02:00,13880.05,11849.27
13.08.2019 14:00:00 +02:00,13837.51,12372.98
13.08.2019 15:00:00 +02:00,13659.28,12347.53
13.08.2019 16:00:00 +02:00,13606.42,12374.48
13.08.2019 17:00:00 +02:00,14586.28,12250.70
13.08.2019 18:00:00 +02:00,15275.84,12134.25
13.08.2019 19:00:00 +02:00,15303.99,12071.91
13.08.2019 20:00:00 +02:00,15375.16,12001.33
13.08.2019 21:00:00 +02:00,15186.56,12045.44
13.08.2019 22:00:00 +02:00,14188.84,11836.10
13.08.2019 23:00:00 +02:00,12755.23,11267.91
14.08.2019 00:00:00 +02:00,10790.83,10864.83
14.08.2019 01:00:00 +02:00,9146.25,10534.39
14.08.2019 02:00:00 +02:00,8617.35,10372.06
14.08.2019 03:00:00 +02:00,8465.05,10355.82
14.08.2019 04:00:00 +02:00,8936.78,10338.61
14.08.2019 05:00:00 +02:00,10582.27,10499.13
14.08.2019 06:00:00 +02:00,13636.81,10854.38
14.08.2019 07:00:00 +02:00,15069.39,12325.60
14.08.2019 08:00:00 +02:00,15625.03,12671.10
14.08.2019 09:00:00 +02:00,14963.84,12680.75
14.08.2019 10:00:00 +02:00,14375.12,12655.50
14.08.2019 11:00:00 +02:00,14041.07,12337.16
14.08.2019 12:00:00 +02:00,13822.99,12389.79
14.08.2019 13:00:00 +02:00,13637.43,12600.29
14.08.2019 14:00:00 +02:00,13575.48,12615.47
14.08.2019 15:00:00 +02:00,13442.48,12498.15
14.08.2019 16:00:00 +02:00,13460.43,12509.36
14.08.2019 17:00:00 +02:00,14837.99,12331.45
14.08.2019 18:00:00 +02:00,15367.41,12190.30
14.08.2019 19:00:00 +02:00,15264.70,12085.29
14.08.2019 20:00:00 +02:00,15116.66,12059.55
14.08.2019 21:00:00 +02:00,14962.56,12095.32
14.08.2019 22:00:00 +02:00,14227.10,11728.76
14.08.2019 23:00:00 +02:00,12825.95,11371.52
15.08.2019 00:00:00 +02:00,10691.46,10903.58
15.08.2019 01:00:00 +02:00,9304.88,10633.88
15.08.2019 02:00:00 +02:00,8900.90,10460.38
15.08.2019 03:00:00 +02:00,8739.65,10469.44
15.08.2019 04:00:00 +02:00,8792.84,10511.37
15.08.2019 05:00:00 +02:00,9669.79,10688.27
15.08.2019 06:00:00 +02:00,11351.94,11422.15
15.08.2019 07:00:00 +02:00,13074.05,12350.77
15.08.2019 08:00:00 +02:00,13771.12,12701.22
15.08.2019 09:00:00 +02:00,13954.98,12646.25
15.08.2019 10:00:00 +02:00,13909.18,11999.43
15.08.2019 11:00:00 +02:00,13746.27,12127.37
15.08.2019 12:00:00 +02:00,13032.44,12476.27
15.08.2019 13:00:00 +02:00,12619.73,12435.50
15.08.2019 14:00:00 +02:00,12462.84,12503.64
15.08.2019 15:00:00 +02:00,12731.47,12449.25
15.08.2019 16:00:00 +02:00,12981.50,12321.28
15.08.2019 17:00:00 +02:00,13874.46,12447.18
15.08.2019 18:00:00 +02:00,14095.07,12362.80
15.08.2019 19:00:00 +02:00,15002.54,12189.48
15.08.2019 20:00:00 +02:00,15314.18,12177.16
15.08.2019 21:00:00 +02:00,14961.53,12218.17
15.08.2019 22:00:00 +02:00,13631.77,11919.61
15.08.2019 23:00:00 +02:00,11832.23,11353.29
16.08.2019 00:00:00 +02:00,9939.84,10769.33
16.08.2019 01:00:00 +02:00,9251.23,10420.46
16.08.2019 02:00:00 +02:00,9098.49,10254.59
16.08.2019 03:00:00 +02:00,9068.09,10186.84
16.08.2019 04:00:00 +02:00,9277.99,10213.14
16.08.2019 05:00:00 +02:00,10547.68,10387.97
16.08.2019 06:00:00 +02:00,13394.50,11007.66
16.08.2019 07:00:00 +02:00,15416.34,12040.50
16.08.2019 08:00:00 +02:00,15919.09,12508.35
16.08.2019 09:00:00 +02:00,15769.36,12575.98
16.08.2019 10:00:00 +02:00,15495.76,12605.74
16.08.2019 11:00:00 +02:00,14521.68,12565.99
16.08.2019 12:00:00 +02:00,14224.47,12367.48
16.08.2019 13:00:00 +02:00,13422.98,12410.12
16.08.2019 14:00:00 +02:00,13312.10,12300.10
16.08.2019 15:00:00 +02:00,12713.90,12146.57
16.08.2019 16:00:00 +02:00,13216.11,12089.55
16.08.2019 17:00:00 +02:00,14695.67,12034.14
16.08.2019 18:00:00 +02:00,15220.62,11978.04
16.08.2019 19:00:00 +02:00,15152.04,11932.27
16.08.2019 20:00:00 +02:00,14750.98,11779.85
16.08.2019 21:00:00 +02:00,14672.87,11678.64
16.08.2019 22:00:00 +02:00,13616.28,11442.54
16.08.2019 23:00:00 +02:00,11535.37,11090.37
17.08.2019 00:00:00 +02:00,9530.14,10702.36
17.08.2019 01:00:00 +02:00,8477.72,10382.79
17.08.2019 02:00:00 +02:00,7625.58,10188.65
17.08.2019 03:00:00 +02:00,7208.42,10066.50
17.08.2019 04:00:00 +02:00,7258.20,10021.68
17.08.2019 05:00:00 +02:00,7326.00,10035.39
17.08.2019 06:00:00 +02:00,7901.34,10085.71
17.08.2019 07:00:00 +02:00,8951.34,10389.81
17.08.2019 08:00:00 +02:00,10057.68,10865.90
17.08.2019 09:00:00 +02:00,11480.58,11478.48
17.08.2019 10:00:00 +02:00,11760.86,11860.43
17.08.2019 11:00:00 +02:00,11434.86,11897.83
17.08.2019 12:00:00 +02:00,10660.95,11850.83
17.08.2019 13:00:00 +02:00,10523.03,11789.20
17.08.2019 14:00:00 +02:00,10605.30,11680.06
17.08.2019 15:00:00 +02:00,10647.48,11642.06
17.08.2019 16:00:00 +02:00,10505.34,11612.87
17.08.2019 17:00:00 +02:00,10983.01,11657.94
17.08.2019 18:00:00 +02:00,11491.22,11626.97
17.08.2019 19:00:00 +02:00,12674.25,11474.49
17.08.2019 20:00:00 +02:00,13193.94,11361.20
17.08.2019 21:00:00 +02:00,13142.73,11307.85
17.08.2019 22:00:00 +02:00,12526.02,11130.66
17.08.2019 23:00:00 +02:00,11182.57,10826.97
18.08.2019 00:00:00 +02:00,9550.61,10532.74
18.08.2019 01:00:00 +02:00,8588.20,10241.38
18.08.2019 02:00:00 +02:00,8550.92,10084.09
18.08.2019 03:00:00 +02:00,8415.04,10017.09
18.08.2019 04:00:00 +02:00,8459.98,10036.96
18.08.2019 05:00:00 +02:00,8103.01,9923.57
18.08.2019 06:00:00 +02:00,8467.12,9853.82
18.08.2019 07:00:00 +02:00,10058.26,9719.49
18.08.2019 08:00:00 +02:00,10919.43,10458.29
18.08.2019 09:00:00 +02:00,11632.62,10824.04
18.08.2019 10:00:00 +02:00,12591.47,11140.51
18.08.2019 11:00:00 +02:00,12776.39,11250.53
18.08.2019 12:00:00 +02:00,12429.56,11287.39
18.08.2019 13:00:00 +02:00,12320.88,11288.10
18.08.2019 14:00:00 +02:00,12508.56,11369.43
18.08.2019 15:00:00 +02:00,12437.87,11360.25
18.08.2019 16:00:00 +02:00,12671.59,11393.11
18.08.2019 17:00:00 +02:00,12903.81,11409.93
18.08.2019 18:00:00 +02:00,13284.18,11512.24
18.08.2019 19:00:00 +02:00,13375.95,11530.55
18.08.2019 20:00:00 +02:00,13911.44,11158.88
18.08.2019 21:00:00 +02:00,13712.40,11590.68
18.08.2019 22:00:00 +02:00,12748.54,11378.98
18.08.2019 23:00:00 +02:00,10798.73,10881.18
19.08.2019 00:00:00 +02:00,8801.64,10449.44
19.08.2019 01:00:00 +02:00,8700.26,10185.41
19.08.2019 02:00:00 +02:00,8780.38,10102.42
19.08.2019 03:00:00 +02:00,8786.03,10063.66
19.08.2019 04:00:00 +02:00,8552.50,10178.67
19.08.2019 05:00:00 +02:00,9314.55,10441.24
19.08.2019 06:00:00 +02:00,12751.37,11247.20
19.08.2019 07:00:00 +02:00,15081.70,12182.05
19.08.2019 08:00:00 +02:00,15822.03,12727.52
19.08.2019 09:00:00 +02:00,15091.24,12705.34
19.08.2019 10:00:00 +02:00,13499.95,12675.91
19.08.2019 11:00:00 +02:00,12533.54,12601.74
19.08.2019 12:00:00 +02:00,12052.79,12527.03
19.08.2019 13:00:00 +02:00,11803.78,12349.98
19.08.2019 14:00:00 +02:00,11782.08,12606.86
19.08.2019 15:00:00 +02:00,11443.13,12649.12
19.08.2019 16:00:00 +02:00,11913.83,12697.22
19.08.2019 17:00:00 +02:00,12653.55,12570.03
19.08.2019 18:00:00 +02:00,14064.51,12435.97
19.08.2019 19:00:00 +02:00,14673.31,12386.01
19.08.2019 20:00:00 +02:00,14367.94,12406.61
19.08.2019 21:00:00 +02:00,14302.82,12431.57
19.08.2019 22:00:00 +02:00,13331.08,12094.57
19.08.2019 23:00:00 +02:00,11806.54,11471.72
20.08.2019 00:00:00 +02:00,9909.50,10876.78
20.08.2019 01:00:00 +02:00,9580.80,10595.98
20.08.2019 02:00:00 +02:00,9610.34,10485.37
20.08.2019 03:00:00 +02:00,9604.37,10491.66
20.08.2019 04:00:00 +02:00,9706.70,10532.20
20.08.2019 05:00:00 +02:00,10831.89,10739.37
20.08.2019 06:00:00 +02:00,13827.71,11487.84
20.08.2019 07:00:00 +02:00,15291.84,12466.68
20.08.2019 08:00:00 +02:00,15897.90,12358.96
20.08.2019 09:00:00 +02:00,15403.17,12737.87
20.08.2019 10:00:00 +02:00,15349.02,12533.96
20.08.2019 11:00:00 +02:00,15314.41,11866.23
20.08.2019 12:00:00 +02:00,14979.07,12456.52
20.08.2019 13:00:00 +02:00,14988.58,12317.22
20.08.2019 14:00:00 +02:00,15054.04,12638.49
20.08.2019 15:00:00 +02:00,15451.98,12705.37
20.08.2019 16:00:00 +02:00,15825.57,12722.26
20.08.2019 17:00:00 +02:00,16049.45,12343.80
20.08.2019 18:00:00 +02:00,15842.54,12462.71
20.08.2019 19:00:00 +02:00,15771.12,12374.25
20.08.2019 20:00:00 +02:00,15478.51,12454.43
20.08.2019 21:00:00 +02:00,15632.14,12522.33
20.08.2019 22:00:00 +02:00,14698.53,12198.85
20.08.2019 23:00:00 +02:00,13568.86,11562.43
21.08.2019 00:00:00 +02:00,11677.45,11090.77
21.08.2019 01:00:00 +02:00,11527.12,10743.18
21.08.2019 02:00:00 +02:00,10934.71,10589.46
21.08.2019 03:00:00 +02:00,10778.30,10515.34
21.08.2019 04:00:00 +02:00,11255.23,10592.05
21.08.2019 05:00:00 +02:00,12615.23,10817.82
21.08.2019 06:00:00 +02:00,14825.75,11544.12
21.08.2019 07:00:00 +02:00,15668.31,12684.24
21.08.2019 08:00:00 +02:00,16187.55,12946.56
21.08.2019 09:00:00 +02:00,16010.35,12921.22
21.08.2019 10:00:00 +02:00,15692.51,12865.69
21.08.2019 11:00:00 +02:00,15474.52,12708.50
21.08.2019 12:00:00 +02:00,14827.57,12676.14
21.08.2019 13:00:00 +02:00,14309.72,12523.29
21.08.2019 14:00:00 +02:00,14262.93,12574.91
21.08.2019 15:00:00 +02:00,14013.26,12532.51
21.08.2019 16:00:00 +02:00,14572.84,12555.12
21.08.2019 17:00:00 +02:00,15448.40,12202.60
21.08.2019 18:00:00 +02:00,15393.82,12298.95
21.08.2019 19:00:00 +02:00,15387.12,12310.91
21.08.2019 20:00:00 +02:00,15191.97,12178.15
21.08.2019 21:00:00 +02:00,15302.95,12303.13
21.08.2019 22:00:00 +02:00,14638.47,11970.13
21.08.2019 23:00:00 +02:00,13694.41,11286.78
22.08.2019 00:00:00 +02:00,12299.51,10846.83
22.08.2019 01:00:00 +02:00,10996.40,10617.36
22.08.2019 02:00:00 +02:00,10293.74,10460.64
22.08.2019 03:00:00 +02:00,10358.54,10122.42
22.08.2019 04:00:00 +02:00,10418.26,10513.21
22.08.2019 05:00:00 +02:00,11903.28,10781.24
22.08.2019 06:00:00 +02:00,14095.96,11577.76
22.08.2019 07:00:00 +02:00,15615.38,12649.99
22.08.2019 08:00:00 +02:00,16087.36,12945.44
22.08.2019 09:00:00 +02:00,15705.13,12726.47
22.08.2019 10:00:00 +02:00,14930.50,12553.08
22.08.2019 11:00:00 +02:00,14272.44,11617.91
22.08.2019 12:00:00 +02:00,13920.22,12406.68
22.08.2019 13:00:00 +02:00,13413.21,11550.00
22.08.2019 14:00:00 +02:00,13474.92,11586.06
22.08.2019 15:00:00 +02:00,13583.81,12887.49
22.08.2019 16:00:00 +02:00,14316.30,11603.20
22.08.2019 17:00:00 +02:00,15557.30,12747.46
22.08.2019 18:00:00 +02:00,15759.80,12608.84
22.08.2019 19:00:00 +02:00,15758.91,12550.17
22.08.2019 20:00:00 +02:00,15651.86,12561.57
22.08.2019 21:00:00 +02:00,15718.67,12703.76
22.08.2019 22:00:00 +02:00,14965.37,11091.88
22.08.2019 23:00:00 +02:00,13876.51,11706.79
23.08.2019 00:00:00 +02:00,11841.37,11110.19
23.08.2019 01:00:00 +02:00,11021.85,10836.10
23.08.2019 02:00:00 +02:00,10920.65,10693.88
23.08.2019 03:00:00 +02:00,10604.25,10676.77
23.08.2019 04:00:00 +02:00,10896.84,10676.50
23.08.2019 05:00:00 +02:00,12205.45,10897.99
23.08.2019 06:00:00 +02:00,14182.12,11648.84
23.08.2019 07:00:00 +02:00,15614.73,12772.07
23.08.2019 08:00:00 +02:00,16253.35,11198.37
23.08.2019 09:00:00 +02:00,16242.59,12916.39
23.08.2019 10:00:00 +02:00,15570.05,12975.85
23.08.2019 11:00:00 +02:00,15198.88,12968.42
23.08.2019 12:00:00 +02:00,14579.79,12869.78
23.08.2019 13:00:00 +02:00,13681.64,12730.88
23.08.2019 14:00:00 +02:00,13372.24,12650.80
23.08.2019 15:00:00 +02:00,13700.08,11709.74
23.08.2019 16:00:00 +02:00,14845.78,12307.58
23.08.2019 17:00:00 +02:00,15897.38,12409.92
23.08.2019 18:00:00 +02:00,15690.93,12264.21
23.08.2019 19:00:00 +02:00,15319.98,11577.62
23.08.2019 20:00:00 +02:00,15171.42,11296.37
23.08.2019 21:00:00 +02:00,14909.16,12030.86
23.08.2019 22:00:00 +02:00,14438.17,11716.10
23.08.2019 23:00:00 +02:00,13397.90,11299.86
24.08.2019 00:00:00 +02:00,12661.44,10903.79
24.08.2019 01:00:00 +02:00,11359.56,10618.28
24.08.2019 02:00:00 +02:00,10141.79,10402.14
24.08.2019 03:00:00 +02:00,10187.94,10209.03
24.08.2019 04:00:00 +02:00,10082.36,10164.57
24.08.2019 05:00:00 +02:00,10231.09,9945.03
24.08.2019 06:00:00 +02:00,11545.62,9958.66
24.08.2019 07:00:00 +02:00,13050.89,7632.29
24.08.2019 08:00:00 +02:00,13299.00,0.00
24.08.2019 09:00:00 +02:00,14583.08,7608.63
24.08.2019 10:00:00 +02:00,14193.26,11670.60
24.08.2019 11:00:00 +02:00,13377.43,11043.33
24.08.2019 12:00:00 +02:00,13259.62,11347.64
24.08.2019 13:00:00 +02:00,13132.11,11442.29
24.08.2019 14:00:00 +02:00,12819.56,10937.15
24.08.2019 15:00:00 +02:00,12729.24,10127.95
24.08.2019 16:00:00 +02:00,13105.06,11240.63
24.08.2019 17:00:00 +02:00,13473.32,11340.82
24.08.2019 18:00:00 +02:00,14631.82,11348.43
24.08.2019 19:00:00 +02:00,14822.73,10877.34
24.08.2019 20:00:00 +02:00,14682.24,11176.02
24.08.2019 21:00:00 +02:00,14500.75,11153.94
24.08.2019 22:00:00 +02:00,13460.36,10805.97
24.08.2019 23:00:00 +02:00,11611.21,9833.55
25.08.2019 00:00:00 +02:00,10149.82,9910.60
25.08.2019 01:00:00 +02:00,9403.73,10018.21
25.08.2019 02:00:00 +02:00,9186.96,9847.05
25.08.2019 03:00:00 +02:00,9199.79,9810.11
25.08.2019 04:00:00 +02:00,9357.82,9776.81
25.08.2019 05:00:00 +02:00,9089.72,9799.07
25.08.2019 06:00:00 +02:00,8873.87,9742.54
25.08.2019 07:00:00 +02:00,9877.97,9883.33
25.08.2019 08:00:00 +02:00,11832.83,10258.99
25.08.2019 09:00:00 +02:00,12718.37,10742.63
25.08.2019 10:00:00 +02:00,12940.19,11000.84
25.08.2019 11:00:00 +02:00,12864.25,11058.45
25.08.2019 12:00:00 +02:00,12732.39,11039.33
25.08.2019 13:00:00 +02:00,12478.45,11054.44
25.08.2019 14:00:00 +02:00,12672.94,11106.42
25.08.2019 15:00:00 +02:00,12710.28,11137.76
25.08.2019 16:00:00 +02:00,12791.52,11188.15
25.08.2019 17:00:00 +02:00,13509.97,11227.01
25.08.2019 18:00:00 +02:00,14774.72,11259.26
25.08.2019 19:00:00 +02:00,15013.36,11152.33
25.08.2019 20:00:00 +02:00,15212.05,11456.52
25.08.2019 21:00:00 +02:00,15212.37,11598.07
25.08.2019 22:00:00 +02:00,14292.48,11119.34
25.08.2019 23:00:00 +02:00,13292.06,9664.76
26.08.2019 00:00:00 +02:00,11498.65,10265.07
26.08.2019 01:00:00 +02:00,10858.23,9993.56
26.08.2019 02:00:00 +02:00,10699.82,9872.19
26.08.2019 03:00:00 +02:00,10796.10,9810.24
26.08.2019 04:00:00 +02:00,11521.63,9890.25
26.08.2019 05:00:00 +02:00,12272.10,10122.83
26.08.2019 06:00:00 +02:00,14374.90,10933.06
26.08.2019 07:00:00 +02:00,15469.77,12058.21
26.08.2019 08:00:00 +02:00,15993.12,12339.26
26.08.2019 09:00:00 +02:00,15912.19,12318.72
26.08.2019 10:00:00 +02:00,16026.38,12235.71
26.08.2019 11:00:00 +02:00,15949.19,12212.94
26.08.2019 12:00:00 +02:00,15502.40,12174.16
26.08.2019 13:00:00 +02:00,15787.46,12005.71
26.08.2019 14:00:00 +02:00,15778.03,12238.66
26.08.2019 15:00:00 +02:00,15725.69,12265.55
26.08.2019 16:00:00 +02:00,15784.48,12229.20
26.08.2019 17:00:00 +02:00,15741.25,12075.59
26.08.2019 18:00:00 +02:00,15225.31,11328.30
26.08.2019 19:00:00 +02:00,15146.00,10849.68
26.08.2019 20:00:00 +02:00,15218.40,11654.61
26.08.2019 21:00:00 +02:00,15276.90,10690.05
26.08.2019 22:00:00 +02:00,14747.61,10888.89
26.08.2019 23:00:00 +02:00,13913.93,10421.98
27.08.2019 00:00:00 +02:00,13464.32,8836.57
27.08.2019 01:00:00 +02:00,12886.98,9874.45
27.08.2019 02:00:00 +02:00,12518.76,9731.10
27.08.2019 03:00:00 +02:00,11997.91,9725.67
27.08.2019 04:00:00 +02:00,12456.58,9767.78
27.08.2019 05:00:00 +02:00,13137.54,9972.33
27.08.2019 06:00:00 +02:00,13876.22,10704.53
27.08.2019 07:00:00 +02:00,14722.90,11757.16
27.08.2019 08:00:00 +02:00,15343.92,11888.32
27.08.2019 09:00:00 +02:00,15813.12,12170.68
27.08.2019 10:00:00 +02:00,15870.60,12188.87
27.08.2019 11:00:00 +02:00,15773.22,12134.35
27.08.2019 12:00:00 +02:00,15880.38,11886.98
27.08.2019 13:00:00 +02:00,15942.48,9281.24
27.08.2019 14:00:00 +02:00,15524.32,12139.40
27.08.2019 15:00:00 +02:00,15562.53,11747.73
27.08.2019 16:00:00 +02:00,15475.64,11233.69
27.08.2019 17:00:00 +02:00,15608.93,10802.93
27.08.2019 18:00:00 +02:00,15348.57,11480.36
27.08.2019 19:00:00 +02:00,15098.98,11860.95
27.08.2019 20:00:00 +02:00,14869.34,11881.32
27.08.2019 21:00:00 +02:00,14732.19,11965.95
27.08.2019 22:00:00 +02:00,14167.18,11541.27
27.08.2019 23:00:00 +02:00,13399.67,10857.01
28.08.2019 00:00:00 +02:00,12991.11,10307.93
28.08.2019 01:00:00 +02:00,12475.85,8921.81
28.08.2019 02:00:00 +02:00,11969.29,9265.15
28.08.2019 03:00:00 +02:00,11614.43,9675.58
28.08.2019 04:00:00 +02:00,11916.04,9666.69
28.08.2019 05:00:00 +02:00,12956.64,9933.32
28.08.2019 06:00:00 +02:00,14299.11,10736.61
28.08.2019 07:00:00 +02:00,15180.27,11736.58
28.08.2019 08:00:00 +02:00,15282.79,11705.82
28.08.2019 09:00:00 +02:00,15427.06,11098.43
28.08.2019 10:00:00 +02:00,15174.86,11626.28
28.08.2019 11:00:00 +02:00,14864.17,11963.74
28.08.2019 12:00:00 +02:00,14811.01,12078.15
28.08.2019 13:00:00 +02:00,15037.35,12059.09
28.08.2019 14:00:00 +02:00,15103.38,12071.16
28.08.2019 15:00:00 +02:00,15142.10,12159.18
28.08.2019 16:00:00 +02:00,15021.13,12214.47
28.08.2019 17:00:00 +02:00,15283.78,12099.01
28.08.2019 18:00:00 +02:00,15146.50,11918.33
28.08.2019 19:00:00 +02:00,14982.32,11860.91
28.08.2019 20:00:00 +02:00,14981.94,11833.78
28.08.2019 21:00:00 +02:00,15111.72,11831.79
28.08.2019 22:00:00 +02:00,14543.53,11334.91
28.08.2019 23:00:00 +02:00,13615.82,10632.07
29.08.2019 00:00:00 +02:00,13180.01,10107.58
29.08.2019 01:00:00 +02:00,12451.70,9753.58
29.08.2019 02:00:00 +02:00,12278.20,9722.47
29.08.2019 03:00:00 +02:00,11766.58,9609.69
29.08.2019 04:00:00 +02:00,11813.14,9706.00
29.08.2019 05:00:00 +02:00,12688.95,8744.53
29.08.2019 06:00:00 +02:00,13908.15,10484.34
29.08.2019 07:00:00 +02:00,14913.74,11695.75
29.08.2019 08:00:00 +02:00,15603.80,9198.26
29.08.2019 09:00:00 +02:00,15621.74,12016.73
29.08.2019 10:00:00 +02:00,15616.64,12067.56
29.08.2019 11:00:00 +02:00,15782.11,10457.89
29.08.2019 12:00:00 +02:00,15695.71,10477.61
29.08.2019 13:00:00 +02:00,15940.13,12113.83
29.08.2019 14:00:00 +02:00,15757.85,12139.18
29.08.2019 15:00:00 +02:00,15621.12,12102.08
29.08.2019 16:00:00 +02:00,15523.64,11159.64
29.08.2019 17:00:00 +02:00,15643.87,11055.72
29.08.2019 18:00:00 +02:00,15388.32,11312.98
29.08.2019 19:00:00 +02:00,15476.91,10792.30
29.08.2019 20:00:00 +02:00,15490.15,11481.91
29.08.2019 21:00:00 +02:00,15406.42,11906.09
29.08.2019 22:00:00 +02:00,14829.72,10889.95
29.08.2019 23:00:00 +02:00,14112.29,10867.07
30.08.2019 00:00:00 +02:00,13327.33,10447.43
30.08.2019 01:00:00 +02:00,12836.65,10100.44
30.08.2019 02:00:00 +02:00,12367.41,9932.37
30.08.2019 03:00:00 +02:00,12211.55,9858.41
30.08.2019 04:00:00 +02:00,12454.24,9121.98
30.08.2019 05:00:00 +02:00,13593.15,9491.11
30.08.2019 06:00:00 +02:00,14667.11,10565.82
30.08.2019 07:00:00 +02:00,15602.76,11592.42
30.08.2019 08:00:00 +02:00,15914.73,12346.06
30.08.2019 09:00:00 +02:00,16226.11,12127.59
30.08.2019 10:00:00 +02:00,16059.29,9914.56
30.08.2019 11:00:00 +02:00,15948.25,12118.77
30.08.2019 12:00:00 +02:00,15476.04,12189.61
30.08.2019 13:00:00 +02:00,15616.50,12200.20
30.08.2019 14:00:00 +02:00,15734.88,12195.79
30.08.2019 15:00:00 +02:00,15676.71,11687.64
30.08.2019 16:00:00 +02:00,16253.18,12088.06
30.08.2019 17:00:00 +02:00,15847.49,11631.63
30.08.2019 18:00:00 +02:00,15737.55,11948.76
30.08.2019 19:00:00 +02:00,15805.07,11851.00
30.08.2019 20:00:00 +02:00,15575.70,11795.98
30.08.2019 21:00:00 +02:00,15278.27,11683.22
30.08.2019 22:00:00 +02:00,14483.21,10499.35
30.08.2019 23:00:00 +02:00,14002.90,10234.73
31.08.2019 00:00:00 +02:00,13345.23,10065.87
31.08.2019 01:00:00 +02:00,12388.14,10111.19
31.08.2019 02:00:00 +02:00,11295.32,9107.99
31.08.2019 03:00:00 +02:00,10817.21,8666.33
31.08.2019 04:00:00 +02:00,10358.20,9591.32
31.08.2019 05:00:00 +02:00,10099.99,9607.33
31.08.2019 06:00:00 +02:00,10697.00,9857.88
31.08.2019 07:00:00 +02:00,11711.44,10193.46
31.08.2019 08:00:00 +02:00,13193.23,10655.00
31.08.2019 09:00:00 +02:00,14516.86,11288.25
31.08.2019 10:00:00 +02:00,14762.93,11573.14
31.08.2019 11:00:00 +02:00,14147.16,11600.00
31.08.2019 12:00:00 +02:00,13737.19,11464.15
31.08.2019 13:00:00 +02:00,13244.49,11421.24
31.08.2019 14:00:00 +02:00,13028.42,11326.53
31.08.2019 15:00:00 +02:00,13116.52,11249.98
31.08.2019 16:00:00 +02:00,13711.79,11265.14
31.08.2019 17:00:00 +02:00,14479.42,11218.16
31.08.2019 18:00:00 +02:00,15428.96,11469.20
31.08.2019 19:00:00 +02:00,15193.25,11399.34
31.08.2019 20:00:00 +02:00,15024.72,11302.03
31.08.2019 21:00:00 +02:00,14731.20,11260.45
31.08.2019 22:00:00 +02:00,14330.38,10943.64
31.08.2019 23:00:00 +02:00,12876.34,10658.65
01.09.2019 00:00:00 +02:00,9959.49,9646.51
01.09.2019 01:00:00 +02:00,8754.76,9555.44
01.09.2019 02:00:00 +02:00,8257.00,8541.12
01.09.2019 03:00:00 +02:00,8466.27,9444.62
01.09.2019 04:00:00 +02:00,8747.64,9051.66
01.09.2019 05:00:00 +02:00,9023.25,9717.90
01.09.2019 06:00:00 +02:00,9004.41,5668.85
01.09.2019 07:00:00 +02:00,9697.11,8569.93
01.09.2019 08:00:00 +02:00,11662.77,10174.36
01.09.2019 09:00:00 +02:00,13259.01,10691.64
01.09.2019 10:00:00 +02:00,13977.83,11041.17
01.09.2019 11:00:00 +02:00,13639.27,11149.50
01.09.2019 12:00:00 +02:00,13294.06,11129.81
01.09.2019 13:00:00 +02:00,12941.77,11159.58
01.09.2019 14:00:00 +02:00,12654.38,11158.31
01.09.2019 15:00:00 +02:00,12508.47,11184.54
01.09.2019 16:00:00 +02:00,12850.12,10821.62
01.09.2019 17:00:00 +02:00,14201.78,11253.12
01.09.2019 18:00:00 +02:00,15164.48,11369.98
01.09.2019 19:00:00 +02:00,15207.36,11436.49
01.09.2019 20:00:00 +02:00,15591.89,11587.11
01.09.2019 21:00:00 +02:00,15475.50,11602.72
01.09.2019 22:00:00 +02:00,15259.76,11278.70
01.09.2019 23:00:00 +02:00,14352.12,10799.82
02.09.2019 00:00:00 +02:00,11793.49,10347.65
02.09.2019 01:00:00 +02:00,10581.40,10154.49
02.09.2019 02:00:00 +02:00,10375.94,10029.24
02.09.2019 03:00:00 +02:00,9919.84,9962.06
02.09.2019 04:00:00 +02:00,10091.16,10138.62
02.09.2019 05:00:00 +02:00,11493.04,10418.33
02.09.2019 06:00:00 +02:00,14015.43,11281.94
02.09.2019 07:00:00 +02:00,15455.36,12487.26
02.09.2019 08:00:00 +02:00,15647.11,11321.31
02.09.2019 09:00:00 +02:00,15762.06,12686.47
02.09.2019 10:00:00 +02:00,15835.28,12639.77
02.09.2019 11:00:00 +02:00,15772.32,12551.28
02.09.2019 12:00:00 +02:00,15662.90,12491.59
02.09.2019 13:00:00 +02:00,15816.00,12465.67
02.09.2019 14:00:00 +02:00,15746.47,12278.42
02.09.2019 15:00:00 +02:00,15620.82,12548.03
02.09.2019 16:00:00 +02:00,15391.86,12564.93
02.09.2019 17:00:00 +02:00,15787.93,12416.19
02.09.2019 18:00:00 +02:00,15616.00,12288.26
02.09.2019 19:00:00 +02:00,15615.65,12321.14
02.09.2019 20:00:00 +02:00,15730.47,12517.28
02.09.2019 21:00:00 +02:00,15592.42,12579.62
02.09.2019 22:00:00 +02:00,15114.20,12111.86
02.09.2019 23:00:00 +02:00,14052.91,11477.43
03.09.2019 00:00:00 +02:00,13047.28,10815.39
03.09.2019 01:00:00 +02:00,11712.65,10454.79
03.09.2019 02:00:00 +02:00,11448.45,10415.93
03.09.2019 03:00:00 +02:00,11278.80,10426.84
03.09.2019 04:00:00 +02:00,11520.39,10474.97
03.09.2019 05:00:00 +02:00,12364.75,10737.56
03.09.2019 06:00:00 +02:00,14160.75,11604.13
03.09.2019 07:00:00 +02:00,15715.08,12678.49
03.09.2019 08:00:00 +02:00,16076.71,12966.37
03.09.2019 09:00:00 +02:00,16006.94,12920.99
03.09.2019 10:00:00 +02:00,15751.09,12827.56
03.09.2019 11:00:00 +02:00,15178.59,12068.13
03.09.2019 12:00:00 +02:00,14554.59,12455.91
03.09.2019 13:00:00 +02:00,14553.09,10182.30
03.09.2019 14:00:00 +02:00,14785.31,9441.29
03.09.2019 15:00:00 +02:00,14827.95,12582.65
03.09.2019 16:00:00 +02:00,15282.84,11600.31
03.09.2019 17:00:00 +02:00,15915.14,12312.02
03.09.2019 18:00:00 +02:00,16021.66,12371.89
03.09.2019 19:00:00 +02:00,15876.79,12354.81
03.09.2019 20:00:00 +02:00,15992.93,12530.64
03.09.2019 21:00:00 +02:00,16152.33,12550.01
03.09.2019 22:00:00 +02:00,15612.78,12163.93
03.09.2019 23:00:00 +02:00,14586.91,11597.77
04.09.2019 00:00:00 +02:00,12729.04,10574.51
04.09.2019 01:00:00 +02:00,11066.84,10746.32
04.09.2019 02:00:00 +02:00,10565.10,10657.97
04.09.2019 03:00:00 +02:00,10710.34,10541.84
04.09.2019 04:00:00 +02:00,12006.72,10689.82
04.09.2019 05:00:00 +02:00,13574.90,11042.48
04.09.2019 06:00:00 +02:00,15156.39,11974.11
04.09.2019 07:00:00 +02:00,16507.16,13053.57
04.09.2019 08:00:00 +02:00,16603.08,13300.93
04.09.2019 09:00:00 +02:00,16689.02,13218.67
04.09.2019 10:00:00 +02:00,16754.12,13219.39
04.09.2019 11:00:00 +02:00,16291.10,13217.31
04.09.2019 12:00:00 +02:00,15163.69,13368.14
04.09.2019 13:00:00 +02:00,14876.08,13319.41
04.09.2019 14:00:00 +02:00,15072.22,13264.70
04.09.2019 15:00:00 +02:00,14753.84,13086.44
04.09.2019 16:00:00 +02:00,15283.41,13169.35
04.09.2019 17:00:00 +02:00,16390.76,13097.31
04.09.2019 18:00:00 +02:00,17018.38,13207.08
04.09.2019 19:00:00 +02:00,16730.87,13193.10
04.09.2019 20:00:00 +02:00,16406.55,13264.08
04.09.2019 21:00:00 +02:00,16146.96,13011.75
04.09.2019 22:00:00 +02:00,15300.54,12497.70
04.09.2019 23:00:00 +02:00,13719.78,11833.03
05.09.2019 00:00:00 +02:00,11785.58,11313.05
05.09.2019 01:00:00 +02:00,11161.98,10995.28
05.09.2019 02:00:00 +02:00,10693.23,10888.24
05.09.2019 03:00:00 +02:00,10608.54,10932.24
05.09.2019 04:00:00 +02:00,10566.04,10926.23
05.09.2019 05:00:00 +02:00,11547.97,11221.04
05.09.2019 06:00:00 +02:00,13425.36,12089.84
05.09.2019 07:00:00 +02:00,15618.85,13120.11
05.09.2019 08:00:00 +02:00,15832.76,11423.79
05.09.2019 09:00:00 +02:00,15633.13,13442.42
05.09.2019 10:00:00 +02:00,15178.06,13418.77
05.09.2019 11:00:00 +02:00,14152.57,13284.73
05.09.2019 12:00:00 +02:00,13238.85,13064.10
05.09.2019 13:00:00 +02:00,13025.97,12735.81
05.09.2019 14:00:00 +02:00,12653.99,11847.06
05.09.2019 15:00:00 +02:00,12998.25,12973.56
05.09.2019 16:00:00 +02:00,13922.63,12957.68
05.09.2019 17:00:00 +02:00,14859.05,12900.78
05.09.2019 18:00:00 +02:00,15332.74,12804.59
05.09.2019 19:00:00 +02:00,15099.68,12806.65
05.09.2019 20:00:00 +02:00,15415.94,13092.57
05.09.2019 21:00:00 +02:00,15476.10,12957.38
05.09.2019 22:00:00 +02:00,14819.97,12457.01
05.09.2019 23:00:00 +02:00,13093.85,11849.21
06.09.2019 00:00:00 +02:00,11000.56,11357.48
06.09.2019 01:00:00 +02:00,10363.40,11040.68
06.09.2019 02:00:00 +02:00,10165.95,10970.29
06.09.2019 03:00:00 +02:00,10229.55,11003.64
06.09.2019 04:00:00 +02:00,10668.25,10906.83
06.09.2019 05:00:00 +02:00,11631.57,11398.43
06.09.2019 06:00:00 +02:00,14170.56,12344.35
06.09.2019 07:00:00 +02:00,16306.57,13383.32
06.09.2019 08:00:00 +02:00,16611.18,13753.63
06.09.2019 09:00:00 +02:00,16787.26,13455.25
06.09.2019 10:00:00 +02:00,16625.11,13530.64
06.09.2019 11:00:00 +02:00,15324.33,13293.92
06.09.2019 12:00:00 +02:00,14800.65,12925.08
06.09.2019 13:00:00 +02:00,14109.35,13056.56
06.09.2019 14:00:00 +02:00,13872.56,12546.65
06.09.2019 15:00:00 +02:00,13989.99,12992.32
06.09.2019 16:00:00 +02:00,14780.95,12962.02
06.09.2019 17:00:00 +02:00,16136.61,12914.78
06.09.2019 18:00:00 +02:00,16714.78,12887.30
06.09.2019 19:00:00 +02:00,16718.39,12843.74
06.09.2019 20:00:00 +02:00,16516.01,12794.28
06.09.2019 21:00:00 +02:00,16242.03,12506.56
06.09.2019 22:00:00 +02:00,15771.18,12082.12
06.09.2019 23:00:00 +02:00,14935.88,11608.22
07.09.2019 00:00:00 +02:00,14294.70,11067.31
07.09.2019 01:00:00 +02:00,13373.41,10950.08
07.09.2019 02:00:00 +02:00,12708.40,10843.45
07.09.2019 03:00:00 +02:00,12436.37,10721.97
07.09.2019 04:00:00 +02:00,12663.62,10712.82
07.09.2019 05:00:00 +02:00,13079.54,10772.49
07.09.2019 06:00:00 +02:00,13963.18,10933.06
07.09.2019 07:00:00 +02:00,14821.08,11226.94
07.09.2019 08:00:00 +02:00,15709.93,11738.16
07.09.2019 09:00:00 +02:00,16138.44,12255.80
07.09.2019 10:00:00 +02:00,16295.92,12456.17
07.09.2019 11:00:00 +02:00,16362.24,12531.10
07.09.2019 12:00:00 +02:00,15898.11,12453.27
07.09.2019 13:00:00 +02:00,15643.22,12306.93
07.09.2019 14:00:00 +02:00,15489.62,11974.97
07.09.2019 15:00:00 +02:00,15430.49,12102.88
07.09.2019 16:00:00 +02:00,15445.34,12070.46
07.09.2019 17:00:00 +02:00,15978.17,12102.42
07.09.2019 18:00:00 +02:00,15875.22,12169.08
07.09.2019 19:00:00 +02:00,15893.46,12153.11
07.09.2019 20:00:00 +02:00,16052.50,12178.62
07.09.2019 21:00:00 +02:00,15871.74,12081.32
07.09.2019 22:00:00 +02:00,15628.05,11788.67
07.09.2019 23:00:00 +02:00,14804.75,11237.53
08.09.2019 00:00:00 +02:00,14627.27,10948.60
08.09.2019 01:00:00 +02:00,14006.58,10975.56
08.09.2019 02:00:00 +02:00,13888.26,10859.10
08.09.2019 03:00:00 +02:00,13676.57,10831.90
08.09.2019 04:00:00 +02:00,13518.92,10781.04
08.09.2019 05:00:00 +02:00,13437.09,10825.01
08.09.2019 06:00:00 +02:00,13749.20,10903.33
08.09.2019 07:00:00 +02:00,14262.86,10858.79
08.09.2019 08:00:00 +02:00,15087.63,11403.70
08.09.2019 09:00:00 +02:00,15707.57,11742.10
08.09.2019 10:00:00 +02:00,15766.99,12010.45
08.09.2019 11:00:00 +02:00,15947.48,11970.60
08.09.2019 12:00:00 +02:00,16062.78,11845.13
08.09.2019 13:00:00 +02:00,15821.60,11824.85
08.09.2019 14:00:00 +02:00,15762.15,11841.66
08.09.2019 15:00:00 +02:00,15950.98,11865.67
08.09.2019 16:00:00 +02:00,16052.83,11881.69
08.09.2019 17:00:00 +02:00,16119.51,11872.01
08.09.2019 18:00:00 +02:00,16161.57,11930.03
08.09.2019 19:00:00 +02:00,16021.64,12138.64
08.09.2019 20:00:00 +02:00,16090.50,12434.42
08.09.2019 21:00:00 +02:00,15957.13,12349.75
08.09.2019 22:00:00 +02:00,15706.49,11933.58
08.09.2019 23:00:00 +02:00,15319.87,11425.19
09.09.2019 00:00:00 +02:00,14853.25,10909.91
09.09.2019 01:00:00 +02:00,14015.58,10649.37
09.09.2019 02:00:00 +02:00,13531.81,10525.86
09.09.2019 03:00:00 +02:00,13060.62,10539.90
09.09.2019 04:00:00 +02:00,13322.80,10636.31
09.09.2019 05:00:00 +02:00,14400.84,10990.09
09.09.2019 06:00:00 +02:00,15682.57,11964.28
09.09.2019 07:00:00 +02:00,16822.67,13015.14
09.09.2019 08:00:00 +02:00,17373.66,13320.18
09.09.2019 09:00:00 +02:00,17430.69,13291.17
09.09.2019 10:00:00 +02:00,17353.93,13220.87
09.09.2019 11:00:00 +02:00,17045.10,12681.46
09.09.2019 12:00:00 +02:00,16532.44,11403.63
09.09.2019 13:00:00 +02:00,16136.98,12604.95
09.09.2019 14:00:00 +02:00,16146.84,12920.29
09.09.2019 15:00:00 +02:00,15966.34,12463.82
09.09.2019 16:00:00 +02:00,15836.08,12667.40
09.09.2019 17:00:00 +02:00,15790.35,12801.41
09.09.2019 18:00:00 +02:00,15548.39,12810.98
09.09.2019 19:00:00 +02:00,15818.22,12879.30
09.09.2019 20:00:00 +02:00,15868.30,12997.24
09.09.2019 21:00:00 +02:00,15762.80,12521.27
09.09.2019 22:00:00 +02:00,15219.99,12157.53
09.09.2019 23:00:00 +02:00,14254.76,11510.80
10.09.2019 00:00:00 +02:00,13015.46,10964.42
10.09.2019 01:00:00 +02:00,12408.79,10625.93
10.09.2019 02:00:00 +02:00,11731.61,10503.99
10.09.2019 03:00:00 +02:00,11497.54,10494.99
10.09.2019 04:00:00 +02:00,11470.77,10571.07
10.09.2019 05:00:00 +02:00,12636.22,10881.19
10.09.2019 06:00:00 +02:00,14467.70,11841.82
10.09.2019 07:00:00 +02:00,15561.65,12836.19
10.09.2019 08:00:00 +02:00,15896.24,13099.19
10.09.2019 09:00:00 +02:00,15860.91,12790.92
10.09.2019 10:00:00 +02:00,15769.06,13006.72
10.09.2019 11:00:00 +02:00,15066.13,12240.69
10.09.2019 12:00:00 +02:00,14663.90,12296.09
10.09.2019 13:00:00 +02:00,14400.08,11036.80
10.09.2019 14:00:00 +02:00,14399.06,12842.24
10.09.2019 15:00:00 +02:00,14332.44,12809.33
10.09.2019 16:00:00 +02:00,14725.36,12787.25
10.09.2019 17:00:00 +02:00,15286.24,12619.11
10.09.2019 18:00:00 +02:00,15190.26,12541.28
10.09.2019 19:00:00 +02:00,15425.94,12585.42
10.09.2019 20:00:00 +02:00,15491.26,12838.96
10.09.2019 21:00:00 +02:00,15019.59,12612.97
10.09.2019 22:00:00 +02:00,14292.20,12148.83
10.09.2019 23:00:00 +02:00,12727.10,11491.19
11.09.2019 00:00:00 +02:00,13044.31,10928.79
11.09.2019 01:00:00 +02:00,12150.10,10620.21
11.09.2019 02:00:00 +02:00,11202.07,10461.10
11.09.2019 03:00:00 +02:00,10839.80,10415.73
11.09.2019 04:00:00 +02:00,10856.94,10441.04
11.09.2019 05:00:00 +02:00,12444.57,10756.14
11.09.2019 06:00:00 +02:00,14705.16,11511.18
11.09.2019 07:00:00 +02:00,16014.55,12591.90
11.09.2019 08:00:00 +02:00,16271.88,13107.03
11.09.2019 09:00:00 +02:00,15889.21,13053.89
11.09.2019 10:00:00 +02:00,15966.39,12989.28
11.09.2019 11:00:00 +02:00,15113.85,12839.85
11.09.2019 12:00:00 +02:00,14302.66,12885.45
11.09.2019 13:00:00 +02:00,13421.93,12795.18
11.09.2019 14:00:00 +02:00,13402.32,12924.83
11.09.2019 15:00:00 +02:00,13773.20,12943.86
11.09.2019 16:00:00 +02:00,14002.65,13048.87
11.09.2019 17:00:00 +02:00,14990.31,12897.45
11.09.2019 18:00:00 +02:00,15281.04,12759.21
11.09.2019 19:00:00 +02:00,15333.92,12768.79
11.09.2019 20:00:00 +02:00,15118.34,12863.31
11.09.2019 21:00:00 +02:00,14666.33,12703.98
11.09.2019 22:00:00 +02:00,14157.67,12144.31
11.09.2019 23:00:00 +02:00,13067.33,11490.33
12.09.2019 00:00:00 +02:00,12049.82,11005.26
12.09.2019 01:00:00 +02:00,11742.38,10371.96
12.09.2019 02:00:00 +02:00,11606.88,10676.27
12.09.2019 03:00:00 +02:00,11497.70,10631.70
12.09.2019 04:00:00 +02:00,12049.02,10755.04
12.09.2019 05:00:00 +02:00,13394.52,10658.42
12.09.2019 06:00:00 +02:00,14838.31,11409.34
12.09.2019 07:00:00 +02:00,16030.61,12919.17
12.09.2019 08:00:00 +02:00,16572.38,13105.81
12.09.2019 09:00:00 +02:00,16268.69,13074.38
12.09.2019 10:00:00 +02:00,16156.18,12535.82
12.09.2019 11:00:00 +02:00,15875.03,12330.36
12.09.2019 12:00:00 +02:00,15946.24,12506.27
12.09.2019 13:00:00 +02:00,15758.17,12763.91
12.09.2019 14:00:00 +02:00,15146.10,12451.16
12.09.2019 15:00:00 +02:00,15113.93,12844.92
12.09.2019 16:00:00 +02:00,15408.27,12900.14
12.09.2019 17:00:00 +02:00,15722.03,12892.05
12.09.2019 18:00:00 +02:00,15853.09,12825.60
12.09.2019 19:00:00 +02:00,16236.61,12885.35
12.09.2019 20:00:00 +02:00,15973.45,13073.21
12.09.2019 21:00:00 +02:00,15715.40,12848.30
12.09.2019 22:00:00 +02:00,15069.63,12166.50
12.09.2019 23:00:00 +02:00,14257.30,11567.55
13.09.2019 00:00:00 +02:00,13959.28,11305.94
13.09.2019 01:00:00 +02:00,12731.90,11027.49
13.09.2019 02:00:00 +02:00,11910.24,10938.09
13.09.2019 03:00:00 +02:00,11725.99,10912.71
13.09.2019 04:00:00 +02:00,11603.20,10948.20
13.09.2019 05:00:00 +02:00,13182.87,11329.01
13.09.2019 06:00:00 +02:00,15012.98,11993.02
13.09.2019 07:00:00 +02:00,16653.19,13148.98
13.09.2019 08:00:00 +02:00,17163.85,13667.50
13.09.2019 09:00:00 +02:00,17002.26,13601.25
13.09.2019 10:00:00 +02:00,16659.38,13525.82
13.09.2019 11:00:00 +02:00,16135.14,12436.37
13.09.2019 12:00:00 +02:00,15674.42,12737.86
13.09.2019 13:00:00 +02:00,15406.13,12606.86
13.09.2019 14:00:00 +02:00,15164.40,11786.40
13.09.2019 15:00:00 +02:00,15297.10,12765.51
13.09.2019 16:00:00 +02:00,15311.94,12884.01
13.09.2019 17:00:00 +02:00,15779.35,12828.11
13.09.2019 18:00:00 +02:00,16080.82,12399.79
13.09.2019 19:00:00 +02:00,16183.43,12813.63
13.09.2019 20:00:00 +02:00,16144.12,12889.53
13.09.2019 21:00:00 +02:00,15992.02,12602.98
13.09.2019 22:00:00 +02:00,15154.02,12312.89
13.09.2019 23:00:00 +02:00,14342.59,11916.79
14.09.2019 00:00:00 +02:00,14132.85,11518.08
14.09.2019 01:00:00 +02:00,13382.56,11272.24
14.09.2019 02:00:00 +02:00,13057.53,11119.40
14.09.2019 03:00:00 +02:00,13317.85,11049.05
14.09.2019 04:00:00 +02:00,13557.67,10672.35
14.09.2019 05:00:00 +02:00,14190.67,11139.48
14.09.2019 06:00:00 +02:00,14662.00,11356.75
14.09.2019 07:00:00 +02:00,15536.28,11208.14
14.09.2019 08:00:00 +02:00,16166.75,12108.58
14.09.2019 09:00:00 +02:00,16655.94,12627.61
14.09.2019 10:00:00 +02:00,16530.92,12891.09
14.09.2019 11:00:00 +02:00,16088.06,12873.95
14.09.2019 12:00:00 +02:00,15694.44,12527.99
14.09.2019 13:00:00 +02:00,14885.94,12441.62
14.09.2019 14:00:00 +02:00,14170.41,12413.75
14.09.2019 15:00:00 +02:00,14170.15,12678.30
14.09.2019 16:00:00 +02:00,15805.68,12144.90
14.09.2019 17:00:00 +02:00,16076.03,12690.42
14.09.2019 18:00:00 +02:00,16260.59,12271.77
14.09.2019 19:00:00 +02:00,16277.36,12951.73
14.09.2019 20:00:00 +02:00,15579.80,12842.64
14.09.2019 21:00:00 +02:00,14802.95,12554.31
14.09.2019 22:00:00 +02:00,14209.37,12197.43
14.09.2019 23:00:00 +02:00,13000.37,11805.89
15.09.2019 00:00:00 +02:00,12807.27,11471.62
15.09.2019 01:00:00 +02:00,11466.60,11266.76
15.09.2019 02:00:00 +02:00,10507.81,11108.05
15.09.2019 03:00:00 +02:00,10301.11,11054.47
15.09.2019 04:00:00 +02:00,10008.51,11019.36
15.09.2019 05:00:00 +02:00,10231.53,11084.05
15.09.2019 06:00:00 +02:00,10456.81,11179.66
15.09.2019 07:00:00 +02:00,11000.65,11312.18
15.09.2019 08:00:00 +02:00,12321.23,11660.19
15.09.2019 09:00:00 +02:00,12995.97,12098.32
15.09.2019 10:00:00 +02:00,12881.09,12383.88
15.09.2019 11:00:00 +02:00,12565.06,12434.42
15.09.2019 12:00:00 +02:00,12286.20,12416.79
15.09.2019 13:00:00 +02:00,12043.22,12340.90
15.09.2019 14:00:00 +02:00,11971.69,12371.39
15.09.2019 15:00:00 +02:00,11945.83,12316.66
15.09.2019 16:00:00 +02:00,12637.68,12316.24
15.09.2019 17:00:00 +02:00,14404.16,12391.40
15.09.2019 18:00:00 +02:00,15159.35,12444.19
15.09.2019 19:00:00 +02:00,15753.69,12049.53
15.09.2019 20:00:00 +02:00,15466.79,12931.98
15.09.2019 21:00:00 +02:00,14774.75,12809.89
15.09.2019 22:00:00 +02:00,13365.22,12431.11
15.09.2019 23:00:00 +02:00,12474.26,11891.50
16.09.2019 00:00:00 +02:00,11609.18,11457.34
16.09.2019 01:00:00 +02:00,10930.50,11218.90
16.09.2019 02:00:00 +02:00,10793.30,11155.78
16.09.2019 03:00:00 +02:00,11159.79,11158.79
16.09.2019 04:00:00 +02:00,11679.18,11232.90
16.09.2019 05:00:00 +02:00,13396.47,11651.76
16.09.2019 06:00:00 +02:00,15724.17,12388.83
16.09.2019 07:00:00 +02:00,16764.82,13298.01
16.09.2019 08:00:00 +02:00,17000.35,14038.87
16.09.2019 09:00:00 +02:00,16979.53,13652.86
16.09.2019 10:00:00 +02:00,16763.84,13647.77
16.09.2019 11:00:00 +02:00,16728.47,13250.81
16.09.2019 12:00:00 +02:00,16347.42,12919.89
16.09.2019 13:00:00 +02:00,16422.47,12646.08
16.09.2019 14:00:00 +02:00,16472.97,12385.01
16.09.2019 15:00:00 +02:00,16367.08,13059.38
16.09.2019 16:00:00 +02:00,16439.02,13294.85
16.09.2019 17:00:00 +02:00,16605.68,12759.84
16.09.2019 18:00:00 +02:00,16497.38,12724.92
16.09.2019 19:00:00 +02:00,16892.77,12910.95
16.09.2019 20:00:00 +02:00,16478.94,13604.30
16.09.2019 21:00:00 +02:00,16138.06,12652.36
16.09.2019 22:00:00 +02:00,15893.77,12890.23
16.09.2019 23:00:00 +02:00,15279.62,12253.82
17.09.2019 00:00:00 +02:00,14783.17,11833.15
17.09.2019 01:00:00 +02:00,14320.83,11563.88
17.09.2019 02:00:00 +02:00,14025.13,11533.64
17.09.2019 03:00:00 +02:00,13921.57,11485.34
17.09.2019 04:00:00 +02:00,14066.35,11547.14
17.09.2019 05:00:00 +02:00,14667.79,11930.01
17.09.2019 06:00:00 +02:00,16104.41,13029.95
17.09.2019 07:00:00 +02:00,17299.94,14136.51
17.09.2019 08:00:00 +02:00,17489.80,14452.92
17.09.2019 09:00:00 +02:00,17279.74,14251.26
17.09.2019 10:00:00 +02:00,16897.43,13084.25
17.09.2019 11:00:00 +02:00,16231.39,13577.76
17.09.2019 12:00:00 +02:00,14811.63,13691.13
17.09.2019 13:00:00 +02:00,14474.78,12588.47
17.09.2019 14:00:00 +02:00,14092.68,13162.17
17.09.2019 15:00:00 +02:00,14256.74,13557.04
17.09.2019 16:00:00 +02:00,14775.83,13644.42
17.09.2019 17:00:00 +02:00,15336.96,13516.24
17.09.2019 18:00:00 +02:00,15658.42,13422.91
17.09.2019 19:00:00 +02:00,16663.91,13606.54
17.09.2019 20:00:00 +02:00,16733.79,13775.80
17.09.2019 21:00:00 +02:00,16346.36,13560.17
17.09.2019 22:00:00 +02:00,15888.75,13083.35
17.09.2019 23:00:00 +02:00,14865.14,11978.35
18.09.2019 00:00:00 +02:00,13759.00,11099.98
18.09.2019 01:00:00 +02:00,13678.47,11226.14
18.09.2019 02:00:00 +02:00,13470.05,11513.68
18.09.2019 03:00:00 +02:00,13594.18,11467.21
18.09.2019 04:00:00 +02:00,14046.72,10597.01
18.09.2019 05:00:00 +02:00,14898.55,11514.06
18.09.2019 06:00:00 +02:00,16174.09,12797.97
18.09.2019 07:00:00 +02:00,17203.27,14038.28
18.09.2019 08:00:00 +02:00,17380.91,14246.72
18.09.2019 09:00:00 +02:00,16951.02,13346.74
18.09.2019 10:00:00 +02:00,16526.28,12899.30
18.09.2019 11:00:00 +02:00,16422.32,13520.59
18.09.2019 12:00:00 +02:00,15663.34,13509.44
18.09.2019 13:00:00 +02:00,15495.28,12971.69
18.09.2019 14:00:00 +02:00,15239.92,13170.31
18.09.2019 15:00:00 +02:00,15750.63,13173.24
18.09.2019 16:00:00 +02:00,16289.26,13390.16
18.09.2019 17:00:00 +02:00,16814.28,13331.32
18.09.2019 18:00:00 +02:00,17147.13,13298.90
18.09.2019 19:00:00 +02:00,17259.49,13582.00
18.09.2019 20:00:00 +02:00,17119.19,13876.32
18.09.2019 21:00:00 +02:00,16760.45,13403.63
18.09.2019 22:00:00 +02:00,16200.48,12500.85
18.09.2019 23:00:00 +02:00,15537.17,12080.18
19.09.2019 00:00:00 +02:00,15040.05,11791.83
19.09.2019 01:00:00 +02:00,14867.23,11808.63
19.09.2019 02:00:00 +02:00,14635.21,11753.20
19.09.2019 03:00:00 +02:00,14529.74,11580.59
19.09.2019 04:00:00 +02:00,14646.65,11974.22
19.09.2019 05:00:00 +02:00,15100.44,12371.56
19.09.2019 06:00:00 +02:00,16295.85,13514.48
19.09.2019 07:00:00 +02:00,17524.02,14706.08
19.09.2019 08:00:00 +02:00,17913.80,14904.90
19.09.2019 09:00:00 +02:00,18063.37,12919.31
19.09.2019 10:00:00 +02:00,17699.87,13134.56
19.09.2019 11:00:00 +02:00,17453.54,14178.24
19.09.2019 12:00:00 +02:00,17326.39,13968.47
19.09.2019 13:00:00 +02:00,17245.60,13852.64
19.09.2019 14:00:00 +02:00,16935.46,13421.64
19.09.2019 15:00:00 +02:00,16929.78,12713.79
19.09.2019 16:00:00 +02:00,17276.50,13917.40
19.09.2019 17:00:00 +02:00,17361.52,13891.19
19.09.2019 18:00:00 +02:00,17367.01,13914.05
19.09.2019 19:00:00 +02:00,17458.91,14148.11
19.09.2019 20:00:00 +02:00,17390.03,14305.18
19.09.2019 21:00:00 +02:00,17177.34,13967.59
19.09.2019 22:00:00 +02:00,16618.56,13408.56
19.09.2019 23:00:00 +02:00,16096.42,12151.69
20.09.2019 00:00:00 +02:00,15682.32,11970.47
20.09.2019 01:00:00 +02:00,15490.84,11847.30
20.09.2019 02:00:00 +02:00,15362.75,11468.03
20.09.2019 03:00:00 +02:00,15151.72,10685.19
20.09.2019 04:00:00 +02:00,15332.09,11456.91
20.09.2019 05:00:00 +02:00,15478.95,11793.69
20.09.2019 06:00:00 +02:00,16646.34,12573.64
20.09.2019 07:00:00 +02:00,17714.95,14115.25
20.09.2019 08:00:00 +02:00,18055.24,14423.79
20.09.2019 09:00:00 +02:00,17808.79,14288.85
20.09.2019 10:00:00 +02:00,17475.30,13483.65
20.09.2019 11:00:00 +02:00,16916.46,13862.74
20.09.2019 12:00:00 +02:00,16617.20,13403.13
20.09.2019 13:00:00 +02:00,16227.51,13435.43
20.09.2019 14:00:00 +02:00,16627.01,13122.27
20.09.2019 15:00:00 +02:00,16681.77,12419.58
20.09.2019 16:00:00 +02:00,17149.13,12630.57
20.09.2019 17:00:00 +02:00,16704.72,13056.02
20.09.2019 18:00:00 +02:00,16746.92,12963.59
20.09.2019 19:00:00 +02:00,16618.97,13063.50
20.09.2019 20:00:00 +02:00,16435.07,12841.05
20.09.2019 21:00:00 +02:00,16493.32,12523.34
20.09.2019 22:00:00 +02:00,16278.35,12382.87
20.09.2019 23:00:00 +02:00,15701.73,11955.49
21.09.2019 00:00:00 +02:00,14787.10,11624.97
21.09.2019 01:00:00 +02:00,13470.80,11380.99
21.09.2019 02:00:00 +02:00,12961.10,11218.97
21.09.2019 03:00:00 +02:00,12963.99,11183.11
21.09.2019 04:00:00 +02:00,13245.15,11126.13
21.09.2019 05:00:00 +02:00,13240.48,11220.38
21.09.2019 06:00:00 +02:00,13926.24,11489.13
21.09.2019 07:00:00 +02:00,14759.45,11728.33
21.09.2019 08:00:00 +02:00,15599.74,12196.49
21.09.2019 09:00:00 +02:00,16093.90,12580.18
21.09.2019 10:00:00 +02:00,15353.18,12674.38
21.09.2019 11:00:00 +02:00,14601.26,12519.83
21.09.2019 12:00:00 +02:00,13860.45,12237.75
21.09.2019 13:00:00 +02:00,13503.60,12084.07
21.09.2019 14:00:00 +02:00,13058.94,11929.79
21.09.2019 15:00:00 +02:00,13422.34,11805.26
21.09.2019 16:00:00 +02:00,14274.16,11772.33
21.09.2019 17:00:00 +02:00,15380.66,11889.06
21.09.2019 18:00:00 +02:00,15632.26,11195.37
21.09.2019 19:00:00 +02:00,15704.16,11578.76
21.09.2019 20:00:00 +02:00,15330.58,12195.46
21.09.2019 21:00:00 +02:00,15150.07,11965.75
21.09.2019 22:00:00 +02:00,14704.00,11686.24
21.09.2019 23:00:00 +02:00,13784.32,11407.99
22.09.2019 00:00:00 +02:00,12184.00,11108.03
22.09.2019 01:00:00 +02:00,11172.07,10712.16
22.09.2019 02:00:00 +02:00,11274.77,10811.73
22.09.2019 03:00:00 +02:00,11187.69,10785.12
22.09.2019 04:00:00 +02:00,11612.47,10766.44
22.09.2019 05:00:00 +02:00,11356.55,10822.35
22.09.2019 06:00:00 +02:00,11235.06,11017.23
22.09.2019 07:00:00 +02:00,11717.66,11177.01
22.09.2019 08:00:00 +02:00,12295.40,11574.69
22.09.2019 09:00:00 +02:00,13198.85,11966.41
22.09.2019 10:00:00 +02:00,12882.70,12136.33
22.09.2019 11:00:00 +02:00,12801.89,12028.36
22.09.2019 12:00:00 +02:00,12679.89,11902.99
22.09.2019 13:00:00 +02:00,12177.67,11779.06
22.09.2019 14:00:00 +02:00,12291.99,11754.60
22.09.2019 15:00:00 +02:00,12859.41,11729.70
22.09.2019 16:00:00 +02:00,14273.14,11746.19
22.09.2019 17:00:00 +02:00,15644.86,11862.98
22.09.2019 18:00:00 +02:00,16201.34,11423.43
22.09.2019 19:00:00 +02:00,16344.96,12026.60
22.09.2019 20:00:00 +02:00,15890.96,12661.53
22.09.2019 21:00:00 +02:00,15947.27,12469.39
22.09.2019 22:00:00 +02:00,15391.95,12084.05
22.09.2019 23:00:00 +02:00,14144.27,11420.79
23.09.2019 00:00:00 +02:00,11793.30,11166.92
23.09.2019 01:00:00 +02:00,10919.61,10903.34
23.09.2019 02:00:00 +02:00,11082.75,10830.46
23.09.2019 03:00:00 +02:00,11057.94,10887.13
23.09.2019 04:00:00 +02:00,11369.79,10980.69
23.09.2019 05:00:00 +02:00,13796.50,11355.85
23.09.2019 06:00:00 +02:00,16203.37,12378.37
23.09.2019 07:00:00 +02:00,17312.52,13561.24
23.09.2019 08:00:00 +02:00,17340.63,13804.27
23.09.2019 09:00:00 +02:00,17127.21,13707.75
23.09.2019 10:00:00 +02:00,16952.61,13178.21
23.09.2019 11:00:00 +02:00,17005.04,13476.70
23.09.2019 12:00:00 +02:00,16928.70,13394.59
23.09.2019 13:00:00 +02:00,16776.81,13334.69
23.09.2019 14:00:00 +02:00,16547.11,13386.76
23.09.2019 15:00:00 +02:00,16682.60,13256.94
23.09.2019 16:00:00 +02:00,16863.81,13227.60
23.09.2019 17:00:00 +02:00,16757.24,13135.41
23.09.2019 18:00:00 +02:00,16754.17,13100.05
23.09.2019 19:00:00 +02:00,16946.14,13306.32
23.09.2019 20:00:00 +02:00,16443.63,13508.86
23.09.2019 21:00:00 +02:00,16424.79,13194.10
23.09.2019 22:00:00 +02:00,16107.97,12693.10
23.09.2019 23:00:00 +02:00,15524.23,12009.67
24.09.2019 00:00:00 +02:00,14610.39,11559.66
24.09.2019 01:00:00 +02:00,14048.88,11281.27
24.09.2019 02:00:00 +02:00,13873.63,11146.10
24.09.2019 03:00:00 +02:00,13773.38,11141.97
24.09.2019 04:00:00 +02:00,13783.73,11243.15
24.09.2019 05:00:00 +02:00,14731.90,11544.45
24.09.2019 06:00:00 +02:00,15878.38,12605.13
24.09.2019 07:00:00 +02:00,17158.04,13563.83
24.09.2019 08:00:00 +02:00,17493.10,13671.94
24.09.2019 09:00:00 +02:00,17423.57,13771.14
24.09.2019 10:00:00 +02:00,17391.37,13690.88
24.09.2019 11:00:00 +02:00,17299.92,11925.05
24.09.2019 12:00:00 +02:00,16718.61,12982.16
24.09.2019 13:00:00 +02:00,16705.29,13210.09
24.09.2019 14:00:00 +02:00,16891.75,12855.92
24.09.2019 15:00:00 +02:00,17121.27,13274.52
24.09.2019 16:00:00 +02:00,17174.08,13370.20
24.09.2019 17:00:00 +02:00,17080.72,13334.77
24.09.2019 18:00:00 +02:00,16846.55,13312.90
24.09.2019 19:00:00 +02:00,16993.96,13491.26
24.09.2019 20:00:00 +02:00,16507.02,13480.60
24.09.2019 21:00:00 +02:00,16315.17,13157.53
24.09.2019 22:00:00 +02:00,16179.81,12627.58
24.09.2019 23:00:00 +02:00,14869.88,11959.01
25.09.2019 00:00:00 +02:00,14239.96,11468.44
25.09.2019 01:00:00 +02:00,14027.38,11245.60
25.09.2019 02:00:00 +02:00,13203.20,11116.28
25.09.2019 03:00:00 +02:00,13105.12,11099.59
25.09.2019 04:00:00 +02:00,13150.54,11167.27
25.09.2019 05:00:00 +02:00,14101.96,11483.68
25.09.2019 06:00:00 +02:00,15708.34,12499.65
25.09.2019 07:00:00 +02:00,17212.63,13392.33
25.09.2019 08:00:00 +02:00,17589.61,13683.66
25.09.2019 09:00:00 +02:00,17596.32,6945.22
25.09.2019 10:00:00 +02:00,17552.86,13293.91
25.09.2019 11:00:00 +02:00,17312.42,13365.44
25.09.2019 12:00:00 +02:00,17030.61,13387.43
25.09.2019 13:00:00 +02:00,16834.92,13453.66
25.09.2019 14:00:00 +02:00,17070.94,13353.55
25.09.2019 15:00:00 +02:00,17140.70,13407.18
25.09.2019 16:00:00 +02:00,16804.36,13274.91
25.09.2019 17:00:00 +02:00,16697.85,13371.20
25.09.2019 18:00:00 +02:00,16804.29,13303.12
25.09.2019 19:00:00 +02:00,17066.34,13480.93
25.09.2019 20:00:00 +02:00,16624.59,13521.80
25.09.2019 21:00:00 +02:00,16324.83,13201.54
25.09.2019 22:00:00 +02:00,15903.98,12705.90
25.09.2019 23:00:00 +02:00,15316.18,12072.57
26.09.2019 00:00:00 +02:00,14388.76,11607.37
26.09.2019 01:00:00 +02:00,13748.17,11315.46
26.09.2019 02:00:00 +02:00,13136.22,11200.82
26.09.2019 03:00:00 +02:00,12693.68,11225.47
26.09.2019 04:00:00 +02:00,13136.05,11295.85
26.09.2019 05:00:00 +02:00,14226.30,11648.20
26.09.2019 06:00:00 +02:00,16419.80,12710.49
26.09.2019 07:00:00 +02:00,17333.50,13824.71
26.09.2019 08:00:00 +02:00,17690.38,14068.73
26.09.2019 09:00:00 +02:00,17714.38,13945.21
26.09.2019 10:00:00 +02:00,17632.84,13670.01
26.09.2019 11:00:00 +02:00,17239.84,13519.92
26.09.2019 12:00:00 +02:00,17077.40,13310.40
26.09.2019 13:00:00 +02:00,16933.51,12673.85
26.09.2019 14:00:00 +02:00,16680.36,12477.94
26.09.2019 15:00:00 +02:00,16726.58,13355.24
26.09.2019 16:00:00 +02:00,16844.11,13423.34
26.09.2019 17:00:00 +02:00,17015.66,13448.83
26.09.2019 18:00:00 +02:00,16945.19,13388.11
26.09.2019 19:00:00 +02:00,17033.44,13608.93
26.09.2019 20:00:00 +02:00,16520.11,13617.35
26.09.2019 21:00:00 +02:00,15397.76,13332.97
26.09.2019 22:00:00 +02:00,13794.47,12865.50
26.09.2019 23:00:00 +02:00,12458.57,12193.67
27.09.2019 00:00:00 +02:00,11575.58,11640.70
27.09.2019 01:00:00 +02:00,10792.06,11335.32
27.09.2019 02:00:00 +02:00,10932.84,11212.93
27.09.2019 03:00:00 +02:00,11353.64,11007.99
27.09.2019 04:00:00 +02:00,12108.31,11122.97
27.09.2019 05:00:00 +02:00,13430.98,11387.31
27.09.2019 06:00:00 +02:00,15709.68,12577.94
27.09.2019 07:00:00 +02:00,17017.64,13011.89
27.09.2019 08:00:00 +02:00,17495.13,13896.62
27.09.2019 09:00:00 +02:00,17276.89,13826.93
27.09.2019 10:00:00 +02:00,17189.50,12165.96
27.09.2019 11:00:00 +02:00,16982.81,13785.97
27.09.2019 12:00:00 +02:00,16626.43,13695.77
27.09.2019 13:00:00 +02:00,15862.22,13589.98
27.09.2019 14:00:00 +02:00,15204.74,13609.28
27.09.2019 15:00:00 +02:00,15451.69,13609.51
27.09.2019 16:00:00 +02:00,16017.91,13571.57
27.09.2019 17:00:00 +02:00,16676.57,13518.96
27.09.2019 18:00:00 +02:00,16696.27,13555.85
27.09.2019 19:00:00 +02:00,16753.98,13655.74
27.09.2019 20:00:00 +02:00,16531.61,13275.25
27.09.2019 21:00:00 +02:00,16153.60,12829.02
27.09.2019 22:00:00 +02:00,15086.93,12534.86
27.09.2019 23:00:00 +02:00,12688.40,12083.78
28.09.2019 00:00:00 +02:00,11843.40,11661.91
28.09.2019 01:00:00 +02:00,11325.17,11395.64
28.09.2019 02:00:00 +02:00,10029.92,11186.80
28.09.2019 03:00:00 +02:00,9729.48,11094.32
28.09.2019 04:00:00 +02:00,9743.34,11048.76
28.09.2019 05:00:00 +02:00,9972.10,11104.76
28.09.2019 06:00:00 +02:00,9928.12,11370.08
28.09.2019 07:00:00 +02:00,10811.83,11713.15
28.09.2019 08:00:00 +02:00,13094.30,12170.19
28.09.2019 09:00:00 +02:00,14497.09,12663.90
28.09.2019 10:00:00 +02:00,14158.06,12984.77
28.09.2019 11:00:00 +02:00,13440.65,12962.79
28.09.2019 12:00:00 +02:00,12916.31,12748.36
28.09.2019 13:00:00 +02:00,12621.78,12603.94
28.09.2019 14:00:00 +02:00,12350.70,12475.35
28.09.2019 15:00:00 +02:00,12223.91,12423.82
28.09.2019 16:00:00 +02:00,12408.13,12479.12
28.09.2019 17:00:00 +02:00,13320.41,12591.74
28.09.2019 18:00:00 +02:00,14869.30,12702.79
28.09.2019 19:00:00 +02:00,15403.27,12680.72
28.09.2019 20:00:00 +02:00,13460.98,12695.38
28.09.2019 21:00:00 +02:00,11120.82,12364.75
28.09.2019 22:00:00 +02:00,10344.33,11974.93
28.09.2019 23:00:00 +02:00,10041.40,11618.60
29.09.2019 00:00:00 +02:00,9618.94,11317.34
29.09.2019 01:00:00 +02:00,9485.45,11058.30
29.09.2019 02:00:00 +02:00,9032.71,10936.38
29.09.2019 03:00:00 +02:00,8552.48,10900.28
29.09.2019 04:00:00 +02:00,8658.22,10921.18
29.09.2019 05:00:00 +02:00,9028.59,10997.15
29.09.2019 06:00:00 +02:00,9080.93,11197.06
29.09.2019 07:00:00 +02:00,9345.34,11362.09
29.09.2019 08:00:00 +02:00,10139.80,11701.04
29.09.2019 09:00:00 +02:00,11319.60,12008.56
29.09.2019 10:00:00 +02:00,12219.33,12497.96
29.09.2019 11:00:00 +02:00,12141.11,12504.23
29.09.2019 12:00:00 +02:00,12219.04,12481.89
29.09.2019 13:00:00 +02:00,12083.10,12408.18
29.09.2019 14:00:00 +02:00,12105.28,12227.87
29.09.2019 15:00:00 +02:00,12111.85,12366.56
29.09.2019 16:00:00 +02:00,12311.50,12423.58
29.09.2019 17:00:00 +02:00,12885.89,12525.42
29.09.2019 18:00:00 +02:00,14439.50,12701.98
29.09.2019 19:00:00 +02:00,15419.00,13043.55
29.09.2019 20:00:00 +02:00,14837.56,13068.87
29.09.2019 21:00:00 +02:00,13748.76,12830.29
29.09.2019 22:00:00 +02:00,12483.77,12427.30
29.09.2019 23:00:00 +02:00,10640.09,11974.19
30.09.2019 00:00:00 +02:00,9306.59,11582.79
30.09.2019 01:00:00 +02:00,8525.13,11356.00
30.09.2019 02:00:00 +02:00,8356.97,11079.71
30.09.2019 03:00:00 +02:00,8495.47,11272.99
30.09.2019 04:00:00 +02:00,8827.51,11395.66
30.09.2019 05:00:00 +02:00,10374.68,11780.72
30.09.2019 06:00:00 +02:00,13953.56,12808.52
30.09.2019 07:00:00 +02:00,15907.22,13929.68
30.09.2019 08:00:00 +02:00,16518.42,14309.14
30.09.2019 09:00:00 +02:00,15951.85,14365.15
30.09.2019 10:00:00 +02:00,15824.61,14287.71
30.09.2019 11:00:00 +02:00,15562.59,14291.75
30.09.2019 12:00:00 +02:00,15415.13,14185.23
30.09.2019 13:00:00 +02:00,15238.25,14096.48
30.09.2019 14:00:00 +02:00,14784.72,14218.45
30.09.2019 15:00:00 +02:00,14665.59,14263.68
30.09.2019 16:00:00 +02:00,15148.42,14214.18
30.09.2019 17:00:00 +02:00,16201.90,14146.94
30.09.2019 18:00:00 +02:00,16600.11,13941.22
30.09.2019 19:00:00 +02:00,17096.71,14564.50
30.09.2019 20:00:00 +02:00,17039.04,14564.20
30.09.2019 21:00:00 +02:00,16315.46,14240.86
30.09.2019 22:00:00 +02:00,15318.12,13775.32
30.09.2019 23:00:00 +02:00,13477.76,13004.14
01.10.2019 00:00:00 +02:00,11998.17,12705.60
01.10.2019 01:00:00 +02:00,11168.92,12419.58
01.10.2019 02:00:00 +02:00,10341.16,12295.84
01.10.2019 03:00:00 +02:00,10137.13,12227.54
01.10.2019 04:00:00 +02:00,10595.46,12346.57
01.10.2019 05:00:00 +02:00,12552.94,12472.36
01.10.2019 06:00:00 +02:00,14855.99,13568.74
01.10.2019 07:00:00 +02:00,16133.82,14934.66
01.10.2019 08:00:00 +02:00,16199.12,14464.31
01.10.2019 09:00:00 +02:00,16239.51,15083.75
01.10.2019 10:00:00 +02:00,15895.94,14340.56
01.10.2019 11:00:00 +02:00,16035.90,14305.05
01.10.2019 12:00:00 +02:00,15718.11,14095.77
01.10.2019 13:00:00 +02:00,15725.55,13739.01
01.10.2019 14:00:00 +02:00,15182.04,14135.81
01.10.2019 15:00:00 +02:00,15019.94,13837.66
01.10.2019 16:00:00 +02:00,15050.29,14122.25
01.10.2019 17:00:00 +02:00,15324.64,13753.84
01.10.2019 18:00:00 +02:00,15775.44,14137.02
01.10.2019 19:00:00 +02:00,15892.99,14370.29
01.10.2019 20:00:00 +02:00,15525.16,14307.79
01.10.2019 21:00:00 +02:00,14974.50,13988.25
01.10.2019 22:00:00 +02:00,14092.00,13530.58
01.10.2019 23:00:00 +02:00,13027.71,12899.79
02.10.2019 00:00:00 +02:00,11608.04,12351.53
02.10.2019 01:00:00 +02:00,10642.42,12136.74
02.10.2019 02:00:00 +02:00,9936.91,12072.28
02.10.2019 03:00:00 +02:00,9848.77,12045.62
02.10.2019 04:00:00 +02:00,10293.52,12068.35
02.10.2019 05:00:00 +02:00,11730.73,12387.46
02.10.2019 06:00:00 +02:00,13826.35,13436.13
02.10.2019 07:00:00 +02:00,15465.41,14516.78
02.10.2019 08:00:00 +02:00,16403.53,14829.45
02.10.2019 09:00:00 +02:00,16462.94,14863.82
02.10.2019 10:00:00 +02:00,16630.68,14901.47
02.10.2019 11:00:00 +02:00,16198.05,14732.18
02.10.2019 12:00:00 +02:00,15813.14,14498.43
02.10.2019 13:00:00 +02:00,15090.02,14455.19
02.10.2019 14:00:00 +02:00,15091.35,14323.18
02.10.2019 15:00:00 +02:00,14983.33,14248.83
02.10.2019 16:00:00 +02:00,15429.12,14225.76
02.10.2019 17:00:00 +02:00,16134.76,14152.57
02.10.2019 18:00:00 +02:00,16210.58,14228.40
02.10.2019 19:00:00 +02:00,16312.52,14482.09
02.10.2019 20:00:00 +02:00,15432.13,14375.54
02.10.2019 21:00:00 +02:00,14682.69,14063.78
02.10.2019 22:00:00 +02:00,13559.00,13580.84
02.10.2019 23:00:00 +02:00,11877.06,12954.09
03.10.2019 00:00:00 +02:00,10879.10,12558.26
03.10.2019 01:00:00 +02:00,9711.94,12262.16
03.10.2019 02:00:00 +02:00,9371.52,12175.44
03.10.2019 03:00:00 +02:00,9790.44,12153.44
03.10.2019 04:00:00 +02:00,10327.15,12241.61
03.10.2019 05:00:00 +02:00,11871.14,12576.58
03.10.2019 06:00:00 +02:00,14504.28,13606.87
03.10.2019 07:00:00 +02:00,16316.89,14747.79
03.10.2019 08:00:00 +02:00,17374.21,15138.22
03.10.2019 09:00:00 +02:00,17835.28,15229.09
03.10.2019 10:00:00 +02:00,18194.69,15211.25
03.10.2019 11:00:00 +02:00,17726.45,14469.17
03.10.2019 12:00:00 +02:00,17871.42,15158.13
03.10.2019 13:00:00 +02:00,17432.25,14692.23
03.10.2019 14:00:00 +02:00,16869.25,14832.36
03.10.2019 15:00:00 +02:00,17038.60,14802.10
03.10.2019 16:00:00 +02:00,17254.61,14892.61
03.10.2019 17:00:00 +02:00,17435.40,14388.82
03.10.2019 18:00:00 +02:00,17555.10,14954.56
03.10.2019 19:00:00 +02:00,18031.84,15172.72
03.10.2019 20:00:00 +02:00,17461.78,14839.04
03.10.2019 21:00:00 +02:00,17070.24,14748.66
03.10.2019 22:00:00 +02:00,16729.40,14262.42
03.10.2019 23:00:00 +02:00,15455.52,13620.20
04.10.2019 00:00:00 +02:00,14883.69,13093.65
04.10.2019 01:00:00 +02:00,13350.12,12843.48
04.10.2019 02:00:00 +02:00,12707.96,12734.97
04.10.2019 03:00:00 +02:00,12576.59,12535.63
04.10.2019 04:00:00 +02:00,13358.84,12826.03
04.10.2019 05:00:00 +02:00,14648.38,13158.02
04.10.2019 06:00:00 +02:00,16587.07,14124.78
04.10.2019 07:00:00 +02:00,18656.20,15353.51
04.10.2019 08:00:00 +02:00,19091.15,15775.89
04.10.2019 09:00:00 +02:00,18958.93,15779.94
04.10.2019 10:00:00 +02:00,18738.59,15474.73
04.10.2019 11:00:00 +02:00,18233.68,15500.89
04.10.2019 12:00:00 +02:00,18152.17,15258.66
04.10.2019 13:00:00 +02:00,17798.42,15108.19
04.10.2019 14:00:00 +02:00,17637.77,14901.12
04.10.2019 15:00:00 +02:00,17726.65,14799.34
04.10.2019 16:00:00 +02:00,17708.27,14804.75
04.10.2019 17:00:00 +02:00,18021.84,14832.51
04.10.2019 18:00:00 +02:00,17946.94,14940.08
04.10.2019 19:00:00 +02:00,17908.72,15209.78
04.10.2019 20:00:00 +02:00,17107.95,15022.40
04.10.2019 21:00:00 +02:00,15791.99,14640.68
04.10.2019 22:00:00 +02:00,14824.64,14284.79
04.10.2019 23:00:00 +02:00,13546.14,13910.16
05.10.2019 00:00:00 +02:00,13106.73,13582.82
05.10.2019 01:00:00 +02:00,12197.06,13401.87
05.10.2019 02:00:00 +02:00,11314.58,13297.72
05.10.2019 03:00:00 +02:00,10781.85,13254.72
05.10.2019 04:00:00 +02:00,10673.89,13311.77
05.10.2019 05:00:00 +02:00,10947.28,13383.55
05.10.2019 06:00:00 +02:00,11942.76,13787.37
05.10.2019 07:00:00 +02:00,13156.23,14182.79
05.10.2019 08:00:00 +02:00,15087.08,14584.63
05.10.2019 09:00:00 +02:00,16677.82,15047.74
05.10.2019 10:00:00 +02:00,17266.93,15087.73
05.10.2019 11:00:00 +02:00,17128.68,14850.21
05.10.2019 12:00:00 +02:00,16503.63,14509.41
05.10.2019 13:00:00 +02:00,15866.60,14357.84
05.10.2019 14:00:00 +02:00,14927.77,14200.56
05.10.2019 15:00:00 +02:00,15343.22,14131.10
05.10.2019 16:00:00 +02:00,16314.56,14129.79
05.10.2019 17:00:00 +02:00,17355.14,13583.80
05.10.2019 18:00:00 +02:00,17919.53,14647.48
05.10.2019 19:00:00 +02:00,18188.20,14998.52
05.10.2019 20:00:00 +02:00,17501.77,14861.36
05.10.2019 21:00:00 +02:00,16702.47,14129.76
05.10.2019 22:00:00 +02:00,16372.40,14045.37
05.10.2019 23:00:00 +02:00,14773.48,14066.19
06.10.2019 00:00:00 +02:00,12849.79,13743.63
06.10.2019 01:00:00 +02:00,12310.76,13477.64
06.10.2019 02:00:00 +02:00,11664.33,13308.94
06.10.2019 03:00:00 +02:00,11245.33,13265.70
06.10.2019 04:00:00 +02:00,11384.69,13279.55
06.10.2019 05:00:00 +02:00,11848.65,13407.84
06.10.2019 06:00:00 +02:00,12011.57,13571.17
06.10.2019 07:00:00 +02:00,12479.96,13981.00
06.10.2019 08:00:00 +02:00,13524.70,14298.38
06.10.2019 09:00:00 +02:00,14447.76,14703.59
06.10.2019 10:00:00 +02:00,14831.67,14745.24
06.10.2019 11:00:00 +02:00,14734.06,14346.50
06.10.2019 12:00:00 +02:00,14564.97,14359.25
06.10.2019 13:00:00 +02:00,13933.88,14200.82
06.10.2019 14:00:00 +02:00,13771.78,14109.91
06.10.2019 15:00:00 +02:00,13734.39,14053.24
06.10.2019 16:00:00 +02:00,14024.73,14084.21
06.10.2019 17:00:00 +02:00,14778.79,14266.64
06.10.2019 18:00:00 +02:00,16106.63,14607.34
06.10.2019 19:00:00 +02:00,17170.00,15120.39
06.10.2019 20:00:00 +02:00,15942.74,15192.34
06.10.2019 21:00:00 +02:00,14567.74,14970.26
06.10.2019 22:00:00 +02:00,13803.72,14624.71
06.10.2019 23:00:00 +02:00,12681.52,14191.78
07.10.2019 00:00:00 +02:00,11498.42,13704.05
07.10.2019 01:00:00 +02:00,11052.79,13510.43
07.10.2019 02:00:00 +02:00,10895.82,13431.35
07.10.2019 03:00:00 +02:00,11207.90,13469.43
07.10.2019 04:00:00 +02:00,12437.85,13700.91
07.10.2019 05:00:00 +02:00,14373.90,14208.20
07.10.2019 06:00:00 +02:00,18033.26,15461.42
07.10.2019 07:00:00 +02:00,19778.33,16361.18
07.10.2019 08:00:00 +02:00,19627.20,17063.96
07.10.2019 09:00:00 +02:00,19772.88,16962.98
07.10.2019 10:00:00 +02:00,19646.25,16308.75
07.10.2019 11:00:00 +02:00,19159.81,16126.63
07.10.2019 12:00:00 +02:00,19042.17,15483.66
07.10.2019 13:00:00 +02:00,18871.36,14739.79
07.10.2019 14:00:00 +02:00,18681.89,14419.86
07.10.2019 15:00:00 +02:00,18849.82,14604.54
07.10.2019 16:00:00 +02:00,18911.79,15240.39
07.10.2019 17:00:00 +02:00,18835.09,15235.70
07.10.2019 18:00:00 +02:00,19150.94,15447.23
07.10.2019 19:00:00 +02:00,19279.22,15944.59
07.10.2019 20:00:00 +02:00,18967.27,15825.31
07.10.2019 21:00:00 +02:00,17917.77,15551.04
07.10.2019 22:00:00 +02:00,16892.80,15002.50
07.10.2019 23:00:00 +02:00,15421.40,14308.31
08.10.2019 00:00:00 +02:00,14336.92,13797.66
08.10.2019 01:00:00 +02:00,13726.27,13520.88
08.10.2019 02:00:00 +02:00,13189.12,13358.32
08.10.2019 03:00:00 +02:00,12902.05,13273.60
08.10.2019 04:00:00 +02:00,13112.00,13361.55
08.10.2019 05:00:00 +02:00,13845.54,13761.58
08.10.2019 06:00:00 +02:00,15491.52,14635.92
08.10.2019 07:00:00 +02:00,17885.08,16090.97
08.10.2019 08:00:00 +02:00,18748.29,16369.33
08.10.2019 09:00:00 +02:00,19625.65,16031.22
08.10.2019 10:00:00 +02:00,19377.32,7867.23
08.10.2019 11:00:00 +02:00,18281.24,13619.52
08.10.2019 12:00:00 +02:00,17366.57,15939.22
08.10.2019 13:00:00 +02:00,16849.53,15800.64
08.10.2019 14:00:00 +02:00,16078.62,15273.20
08.10.2019 15:00:00 +02:00,16508.56,15542.70
08.10.2019 16:00:00 +02:00,17008.00,15669.88
08.10.2019 17:00:00 +02:00,18009.75,15686.86
08.10.2019 18:00:00 +02:00,18389.27,15682.17
08.10.2019 19:00:00 +02:00,18678.88,15578.16
08.10.2019 20:00:00 +02:00,16961.75,15572.27
08.10.2019 21:00:00 +02:00,15236.92,15253.66
08.10.2019 22:00:00 +02:00,13741.48,14656.30
08.10.2019 23:00:00 +02:00,12695.61,13910.10
09.10.2019 00:00:00 +02:00,11861.11,13365.88
09.10.2019 01:00:00 +02:00,11505.31,13019.29
09.10.2019 02:00:00 +02:00,11066.14,12579.25
09.10.2019 03:00:00 +02:00,11032.61,12720.22
09.10.2019 04:00:00 +02:00,11269.53,12844.47
09.10.2019 05:00:00 +02:00,12431.66,12770.63
09.10.2019 06:00:00 +02:00,14874.08,14151.63
09.10.2019 07:00:00 +02:00,16475.12,15564.88
09.10.2019 08:00:00 +02:00,17427.38,15844.69
09.10.2019 09:00:00 +02:00,17932.05,15788.34
09.10.2019 10:00:00 +02:00,17967.50,15672.01
09.10.2019 11:00:00 +02:00,17631.72,14609.97
09.10.2019 12:00:00 +02:00,16782.00,15497.71
09.10.2019 13:00:00 +02:00,16316.16,15376.69
09.10.2019 14:00:00 +02:00,16402.05,15380.06
09.10.2019 15:00:00 +02:00,16562.04,15320.39
09.10.2019 16:00:00 +02:00,16562.04,15320.39
09.10.2019 17:00:00 +02:00,16562.04,15320.39
09.10.2019 18:00:00 +02:00,16562.04,15320.39
09.10.2019 19:00:00 +02:00,16562.04,15320.39
09.10.2019 20:00:00 +02:00,16562.04,15320.39
09.10.2019 21:00:00 +02:00,16562.04,15320.39
09.10.2019 22:00:00 +02:00,16562.04,15320.39
09.10.2019 23:00:00 +02:00,16562.04,15320.39
10.10.2019 00:00:00 +02:00,16562.04,15320.39
10.10.2019 01:00:00 +02:00,16562.04,15320.39
10.10.2019 02:00:00 +02:00,16562.04,15320.39
10.10.2019 03:00:00 +02:00,16562.04,15320.39
10.10.2019 04:00:00 +02:00,16562.04,15320.39
10.10.2019 05:00:00 +02:00,16562.04,15320.39
10.10.2019 06:00:00 +02:00,16562.04,15320.39
10.10.2019 07:00:00 +02:00,16667.42,15320.39
10.10.2019 08:00:00 +02:00,17826.59,15320.39
10.10.2019 09:00:00 +02:00,17760.39,14094.63
10.10.2019 10:00:00 +02:00,16940.51,15096.20
10.10.2019 11:00:00 +02:00,16021.08,15159.47
10.10.2019 12:00:00 +02:00,15054.09,14893.66
10.10.2019 13:00:00 +02:00,14656.70,13820.16
10.10.2019 14:00:00 +02:00,14615.75,14520.58
10.10.2019 15:00:00 +02:00,14471.37,13291.46
10.10.2019 16:00:00 +02:00,15161.00,13637.41
10.10.2019 17:00:00 +02:00,16288.19,14862.19
10.10.2019 18:00:00 +02:00,17451.12,14800.53
10.10.2019 19:00:00 +02:00,17428.89,12890.94
10.10.2019 20:00:00 +02:00,15888.95,14960.27
10.10.2019 21:00:00 +02:00,14213.47,14581.21
10.10.2019 22:00:00 +02:00,12826.48,13120.52
10.10.2019 23:00:00 +02:00,11295.18,12275.39
11.10.2019 00:00:00 +02:00,10686.83,12340.40
11.10.2019 01:00:00 +02:00,10716.44,12493.03
11.10.2019 02:00:00 +02:00,10542.82,12609.84
11.10.2019 03:00:00 +02:00,10558.76,12593.17
11.10.2019 04:00:00 +02:00,10751.34,12715.62
11.10.2019 05:00:00 +02:00,11296.11,13084.03
11.10.2019 06:00:00 +02:00,13260.04,13639.87
11.10.2019 07:00:00 +02:00,15627.95,15241.06
11.10.2019 08:00:00 +02:00,17182.65,14581.92
11.10.2019 09:00:00 +02:00,16856.39,15366.77
11.10.2019 10:00:00 +02:00,16078.40,14826.95
11.10.2019 11:00:00 +02:00,15542.20,15151.05
11.10.2019 12:00:00 +02:00,15319.54,14559.51
11.10.2019 13:00:00 +02:00,14625.82,14111.78
11.10.2019 14:00:00 +02:00,14311.09,14905.47
11.10.2019 15:00:00 +02:00,14368.50,14784.83
11.10.2019 16:00:00 +02:00,14527.50,14796.22
11.10.2019 17:00:00 +02:00,14896.35,14836.86
11.10.2019 18:00:00 +02:00,15182.17,13973.38
11.10.2019 19:00:00 +02:00,15286.15,15007.42
11.10.2019 20:00:00 +02:00,14253.10,14445.61
11.10.2019 21:00:00 +02:00,13705.46,14226.33
11.10.2019 22:00:00 +02:00,12788.67,12839.92
11.10.2019 23:00:00 +02:00,11599.21,13269.06
12.10.2019 00:00:00 +02:00,11240.17,12960.71
12.10.2019 01:00:00 +02:00,10981.03,12660.21
12.10.2019 02:00:00 +02:00,10284.29,12067.17
12.10.2019 03:00:00 +02:00,10231.38,12400.16
12.10.2019 04:00:00 +02:00,10362.17,12126.35
12.10.2019 05:00:00 +02:00,10863.71,12214.19
12.10.2019 06:00:00 +02:00,11636.62,12472.16
12.10.2019 07:00:00 +02:00,12557.00,13128.11
12.10.2019 08:00:00 +02:00,13584.80,13539.43
12.10.2019 09:00:00 +02:00,14666.88,14001.87
12.10.2019 10:00:00 +02:00,15208.41,14239.01
12.10.2019 11:00:00 +02:00,14890.15,14148.81
12.10.2019 12:00:00 +02:00,14494.88,13945.22
12.10.2019 13:00:00 +02:00,14368.27,13314.30
12.10.2019 14:00:00 +02:00,13993.21,13731.24
12.10.2019 15:00:00 +02:00,13942.10,13731.75
12.10.2019 16:00:00 +02:00,14178.50,13819.59
12.10.2019 17:00:00 +02:00,15643.35,13781.66
12.10.2019 18:00:00 +02:00,16602.64,14289.93
12.10.2019 19:00:00 +02:00,16728.44,14084.30
12.10.2019 20:00:00 +02:00,16288.98,13774.02
12.10.2019 21:00:00 +02:00,15114.30,13673.19
12.10.2019 22:00:00 +02:00,13713.88,13397.45
12.10.2019 23:00:00 +02:00,12094.74,12494.89
13.10.2019 00:00:00 +02:00,11751.56,12183.40
13.10.2019 01:00:00 +02:00,11627.81,12587.30
13.10.2019 02:00:00 +02:00,11128.73,12102.85
13.10.2019 03:00:00 +02:00,11200.76,12089.35
13.10.2019 04:00:00 +02:00,11738.03,12532.08
13.10.2019 05:00:00 +02:00,12397.87,12604.71
13.10.2019 06:00:00 +02:00,12519.26,12821.06
13.10.2019 07:00:00 +02:00,13661.68,13129.58
13.10.2019 08:00:00 +02:00,14751.32,13421.50
13.10.2019 09:00:00 +02:00,15499.64,13769.83
13.10.2019 10:00:00 +02:00,15746.51,13949.08
13.10.2019 11:00:00 +02:00,15556.50,13846.43
13.10.2019 12:00:00 +02:00,15379.57,13724.17
13.10.2019 13:00:00 +02:00,15213.93,13587.53
13.10.2019 14:00:00 +02:00,14952.27,13122.60
13.10.2019 15:00:00 +02:00,14731.02,13074.01
13.10.2019 16:00:00 +02:00,14796.28,13398.29
13.10.2019 17:00:00 +02:00,15334.94,13821.54
13.10.2019 18:00:00 +02:00,16003.73,13772.46
13.10.2019 19:00:00 +02:00,16265.86,14541.10
13.10.2019 20:00:00 +02:00,15782.03,14477.68
13.10.2019 21:00:00 +02:00,15098.36,13956.89
13.10.2019 22:00:00 +02:00,13653.92,13758.95
13.10.2019 23:00:00 +02:00,12270.51,13270.40
14.10.2019 00:00:00 +02:00,11187.62,12818.79
14.10.2019 01:00:00 +02:00,10752.16,12367.81
14.10.2019 02:00:00 +02:00,10593.49,12307.42
14.10.2019 03:00:00 +02:00,10584.33,12562.84
14.10.2019 04:00:00 +02:00,10859.10,12299.81
14.10.2019 05:00:00 +02:00,12118.58,13049.77
14.10.2019 06:00:00 +02:00,15500.76,14207.79
14.10.2019 07:00:00 +02:00,18057.82,15623.36
14.10.2019 08:00:00 +02:00,18486.94,15651.99
14.10.2019 09:00:00 +02:00,18450.00,15811.23
14.10.2019 10:00:00 +02:00,18321.20,14534.49
14.10.2019 11:00:00 +02:00,18164.48,15366.18
14.10.2019 12:00:00 +02:00,17957.52,15153.73
14.10.2019 13:00:00 +02:00,17636.72,15014.86
14.10.2019 14:00:00 +02:00,17635.14,14396.91
14.10.2019 15:00:00 +02:00,17578.65,14795.89
14.10.2019 16:00:00 +02:00,17495.54,14915.24
14.10.2019 17:00:00 +02:00,17641.71,14993.82
14.10.2019 18:00:00 +02:00,17794.03,15266.85
14.10.2019 19:00:00 +02:00,17905.48,15434.42
14.10.2019 20:00:00 +02:00,17660.73,15328.85
14.10.2019 21:00:00 +02:00,17263.90,15030.21
14.10.2019 22:00:00 +02:00,15884.23,14405.47
14.10.2019 23:00:00 +02:00,14367.87,13757.24
15.10.2019 00:00:00 +02:00,13502.82,12990.52
15.10.2019 01:00:00 +02:00,12972.87,12727.19
15.10.2019 02:00:00 +02:00,12590.99,12570.47
15.10.2019 03:00:00 +02:00,12596.03,12752.20
15.10.2019 04:00:00 +02:00,12718.12,12838.67
15.10.2019 05:00:00 +02:00,13765.01,13142.59
15.10.2019 06:00:00 +02:00,16326.73,14261.38
15.10.2019 07:00:00 +02:00,17941.94,15586.80
15.10.2019 08:00:00 +02:00,18277.69,15896.62
15.10.2019 09:00:00 +02:00,18453.68,15614.29
15.10.2019 10:00:00 +02:00,18433.39,15822.02
15.10.2019 11:00:00 +02:00,18012.53,14537.11
15.10.2019 12:00:00 +02:00,18220.94,15158.79
15.10.2019 13:00:00 +02:00,18136.30,15356.69
15.10.2019 14:00:00 +02:00,18246.53,15432.81
15.10.2019 15:00:00 +02:00,18294.19,15504.88
15.10.2019 16:00:00 +02:00,18324.57,15370.75
15.10.2019 17:00:00 +02:00,18192.90,15648.83
15.10.2019 18:00:00 +02:00,18409.24,15687.99
15.10.2019 19:00:00 +02:00,18231.73,15831.26
15.10.2019 20:00:00 +02:00,18017.59,15595.35
15.10.2019 21:00:00 +02:00,17683.62,15186.90
15.10.2019 22:00:00 +02:00,16971.42,14613.21
15.10.2019 23:00:00 +02:00,15324.17,13984.50
16.10.2019 00:00:00 +02:00,14328.26,13397.49
16.10.2019 01:00:00 +02:00,13327.48,13043.41
16.10.2019 02:00:00 +02:00,12983.43,12517.53
16.10.2019 03:00:00 +02:00,12988.68,12886.01
16.10.2019 04:00:00 +02:00,13593.74,12964.92
16.10.2019 05:00:00 +02:00,14564.70,13324.36
16.10.2019 06:00:00 +02:00,16591.79,14370.23
16.10.2019 07:00:00 +02:00,18312.98,15662.51
16.10.2019 08:00:00 +02:00,18720.82,15591.12
16.10.2019 09:00:00 +02:00,18745.10,15802.24
16.10.2019 10:00:00 +02:00,18662.80,15798.15
16.10.2019 11:00:00 +02:00,18512.11,15593.49
16.10.2019 12:00:00 +02:00,17920.99,15564.88
16.10.2019 13:00:00 +02:00,17761.22,15426.94
16.10.2019 14:00:00 +02:00,17469.14,15477.05
16.10.2019 15:00:00 +02:00,17429.33,15420.85
16.10.2019 16:00:00 +02:00,17429.33,15420.85
16.10.2019 17:00:00 +02:00,17429.33,15420.85
16.10.2019 18:00:00 +02:00,17703.86,15536.91
16.10.2019 19:00:00 +02:00,17944.51,15631.66
16.10.2019 20:00:00 +02:00,17803.51,15488.74
16.10.2019 21:00:00 +02:00,16728.30,15123.60
16.10.2019 22:00:00 +02:00,15658.19,14527.34
16.10.2019 23:00:00 +02:00,13188.27,13916.86
17.10.2019 00:00:00 +02:00,12115.66,13347.46
17.10.2019 01:00:00 +02:00,11504.25,13066.98
17.10.2019 02:00:00 +02:00,11265.28,12929.87
17.10.2019 03:00:00 +02:00,11376.54,12836.32
17.10.2019 04:00:00 +02:00,11878.87,12923.28
17.10.2019 05:00:00 +02:00,13074.64,13185.77
17.10.2019 06:00:00 +02:00,16198.91,14225.41
17.10.2019 07:00:00 +02:00,18166.78,15609.98
17.10.2019 08:00:00 +02:00,18631.62,15814.44
17.10.2019 09:00:00 +02:00,18529.14,15738.18
17.10.2019 10:00:00 +02:00,18671.73,9419.07
17.10.2019 11:00:00 +02:00,18568.17,2.30
17.10.2019 12:00:00 +02:00,18170.52,2.34
17.10.2019 13:00:00 +02:00,18031.86,2.34
17.10.2019 14:00:00 +02:00,17909.91,2.34
17.10.2019 15:00:00 +02:00,18177.35,2.34
17.10.2019 16:00:00 +02:00,18068.29,2.34
17.10.2019 17:00:00 +02:00,18038.83,2.34
17.10.2019 18:00:00 +02:00,18344.08,2.34
17.10.2019 19:00:00 +02:00,18457.12,2.34
17.10.2019 20:00:00 +02:00,18010.35,2.34
17.10.2019 21:00:00 +02:00,17854.32,2.34
17.10.2019 22:00:00 +02:00,16993.93,2.34
17.10.2019 23:00:00 +02:00,15304.94,2.33
18.10.2019 00:00:00 +02:00,13210.94,2.85
18.10.2019 01:00:00 +02:00,12662.01,2.85
18.10.2019 02:00:00 +02:00,12129.65,2.84
18.10.2019 03:00:00 +02:00,12135.72,2.85
18.10.2019 04:00:00 +02:00,12900.63,2.80
18.10.2019 05:00:00 +02:00,13589.40,2.85
18.10.2019 06:00:00 +02:00,15757.49,2.85
18.10.2019 07:00:00 +02:00,17420.36,2.85
18.10.2019 08:00:00 +02:00,17769.38,2.85
18.10.2019 09:00:00 +02:00,17889.31,2.85
18.10.2019 10:00:00 +02:00,17581.59,2.85
18.10.2019 11:00:00 +02:00,16980.33,2.75
18.10.2019 12:00:00 +02:00,16459.06,2.70
18.10.2019 13:00:00 +02:00,16053.44,2.75
18.10.2019 14:00:00 +02:00,15646.34,2.75
18.10.2019 15:00:00 +02:00,15371.89,2.75
18.10.2019 16:00:00 +02:00,15249.91,2.64
18.10.2019 17:00:00 +02:00,15801.39,2.64
18.10.2019 18:00:00 +02:00,16681.36,2.64
18.10.2019 19:00:00 +02:00,16556.42,2.64
18.10.2019 20:00:00 +02:00,14361.26,2.64
18.10.2019 21:00:00 +02:00,13278.09,2.64
18.10.2019 22:00:00 +02:00,12440.73,2.64
18.10.2019 23:00:00 +02:00,11526.53,2.64
19.10.2019 00:00:00 +02:00,11054.38,3.25
19.10.2019 01:00:00 +02:00,10474.41,3.25
19.10.2019 02:00:00 +02:00,10208.60,3.25
19.10.2019 03:00:00 +02:00,10218.83,3.25
19.10.2019 04:00:00 +02:00,10144.29,3.25
19.10.2019 05:00:00 +02:00,10176.22,3.20
19.10.2019 06:00:00 +02:00,11037.62,3.25
19.10.2019 07:00:00 +02:00,11525.48,3.36
19.10.2019 08:00:00 +02:00,11941.38,3.36
19.10.2019 09:00:00 +02:00,12884.47,3.46
19.10.2019 10:00:00 +02:00,13623.17,3.46
19.10.2019 11:00:00 +02:00,13583.18,3.56
19.10.2019 12:00:00 +02:00,12937.38,3.66
19.10.2019 13:00:00 +02:00,12615.49,3.76
19.10.2019 14:00:00 +02:00,12745.64,3.76
19.10.2019 15:00:00 +02:00,12555.72,3.80
19.10.2019 16:00:00 +02:00,13471.28,3.86
19.10.2019 17:00:00 +02:00,14738.01,3.86
19.10.2019 18:00:00 +02:00,15419.31,3.97
19.10.2019 19:00:00 +02:00,14910.39,3.96
19.10.2019 20:00:00 +02:00,14285.01,3.97
19.10.2019 21:00:00 +02:00,12495.49,3.97
19.10.2019 22:00:00 +02:00,11940.90,3.86
19.10.2019 23:00:00 +02:00,11350.39,3.86
20.10.2019 00:00:00 +02:00,11414.15,3.97
20.10.2019 01:00:00 +02:00,10985.70,3.97
20.10.2019 02:00:00 +02:00,10856.05,3.86
20.10.2019 03:00:00 +02:00,11223.30,3.86
20.10.2019 04:00:00 +02:00,11337.05,3.76
20.10.2019 05:00:00 +02:00,11481.53,3.76
20.10.2019 06:00:00 +02:00,11699.46,3.66
20.10.2019 07:00:00 +02:00,12003.90,3.66
20.10.2019 08:00:00 +02:00,12555.05,3.56
20.10.2019 09:00:00 +02:00,13762.90,3.56
20.10.2019 10:00:00 +02:00,14272.44,3.56
20.10.2019 11:00:00 +02:00,15029.25,3.55
20.10.2019 12:00:00 +02:00,14838.71,3.56
20.10.2019 13:00:00 +02:00,13858.28,3.66
20.10.2019 14:00:00 +02:00,13706.19,3.66
20.10.2019 15:00:00 +02:00,13825.31,3.76
20.10.2019 16:00:00 +02:00,14326.10,3.76
20.10.2019 17:00:00 +02:00,15852.99,3.76
20.10.2019 18:00:00 +02:00,17093.78,3.85
20.10.2019 19:00:00 +02:00,17228.55,3.86
20.10.2019 20:00:00 +02:00,16995.29,3.86
20.10.2019 21:00:00 +02:00,16432.73,3.76
20.10.2019 22:00:00 +02:00,15593.48,3.76
20.10.2019 23:00:00 +02:00,13628.54,3.76
21.10.2019 00:00:00 +02:00,12175.40,3.05
21.10.2019 01:00:00 +02:00,11924.16,3.05
21.10.2019 02:00:00 +02:00,11909.18,3.05
21.10.2019 03:00:00 +02:00,11943.72,3.05
21.10.2019 04:00:00 +02:00,12411.11,3.05
21.10.2019 05:00:00 +02:00,13662.02,3.05
21.10.2019 06:00:00 +02:00,16359.00,2.95
21.10.2019 07:00:00 +02:00,18848.29,2.95
21.10.2019 08:00:00 +02:00,19600.62,2.95
21.10.2019 09:00:00 +02:00,19430.79,2.95
21.10.2019 10:00:00 +02:00,19267.74,2.95
21.10.2019 11:00:00 +02:00,19205.22,2.85
21.10.2019 12:00:00 +02:00,18837.87,2.54
21.10.2019 13:00:00 +02:00,18929.36,553.41
21.10.2019 14:00:00 +02:00,18838.36,16509.84
21.10.2019 15:00:00 +02:00,18827.34,16521.11
21.10.2019 16:00:00 +02:00,18722.12,16674.95
21.10.2019 17:00:00 +02:00,18695.59,16680.72
21.10.2019 18:00:00 +02:00,19018.15,16766.31
21.10.2019 19:00:00 +02:00,18720.08,16614.67
21.10.2019 20:00:00 +02:00,18022.96,16353.95
21.10.2019 21:00:00 +02:00,17275.50,15987.88
21.10.2019 22:00:00 +02:00,16173.45,15382.53
21.10.2019 23:00:00 +02:00,14669.94,14679.16
22.10.2019 00:00:00 +02:00,13222.99,13680.71
22.10.2019 01:00:00 +02:00,12421.32,13833.69
22.10.2019 02:00:00 +02:00,11712.82,13656.14
22.10.2019 03:00:00 +02:00,11319.43,13603.05
22.10.2019 04:00:00 +02:00,11382.37,13379.24
22.10.2019 05:00:00 +02:00,12735.42,13985.92
22.10.2019 06:00:00 +02:00,14922.49,15063.41
22.10.2019 07:00:00 +02:00,16503.67,16238.99
22.10.2019 08:00:00 +02:00,16285.57,16382.79
22.10.2019 09:00:00 +02:00,15723.50,16168.10
22.10.2019 10:00:00 +02:00,15572.20,16016.32
22.10.2019 11:00:00 +02:00,15219.64,15496.43
22.10.2019 12:00:00 +02:00,15379.94,15820.24
22.10.2019 13:00:00 +02:00,15386.80,16026.59
22.10.2019 14:00:00 +02:00,15245.00,15671.03
22.10.2019 15:00:00 +02:00,14917.42,15912.33
22.10.2019 16:00:00 +02:00,14889.36,16062.19
22.10.2019 17:00:00 +02:00,15322.56,16133.54
22.10.2019 18:00:00 +02:00,15677.51,16003.84
22.10.2019 19:00:00 +02:00,15259.78,16156.94
22.10.2019 20:00:00 +02:00,14865.32,15893.22
22.10.2019 21:00:00 +02:00,14357.63,15459.24
22.10.2019 22:00:00 +02:00,13475.36,14687.90
22.10.2019 23:00:00 +02:00,12060.63,13684.11
23.10.2019 00:00:00 +02:00,11930.12,13685.64
23.10.2019 01:00:00 +02:00,11315.99,13405.60
23.10.2019 02:00:00 +02:00,10992.28,13252.16
23.10.2019 03:00:00 +02:00,10894.67,13197.32
23.10.2019 04:00:00 +02:00,10935.07,13231.57
23.10.2019 05:00:00 +02:00,12822.75,13638.85
23.10.2019 06:00:00 +02:00,15539.20,14699.79
23.10.2019 07:00:00 +02:00,17916.14,15974.56
23.10.2019 08:00:00 +02:00,18181.48,16213.29
23.10.2019 09:00:00 +02:00,17922.41,16011.80
23.10.2019 10:00:00 +02:00,18108.39,15966.75
23.10.2019 11:00:00 +02:00,17596.56,15851.41
23.10.2019 12:00:00 +02:00,17379.43,15655.57
23.10.2019 13:00:00 +02:00,17148.96,15440.24
23.10.2019 14:00:00 +02:00,17291.27,15205.02
23.10.2019 15:00:00 +02:00,17282.24,15449.57
23.10.2019 16:00:00 +02:00,17519.39,15588.13
23.10.2019 17:00:00 +02:00,17561.25,15610.17
23.10.2019 18:00:00 +02:00,17752.54,15609.80
23.10.2019 19:00:00 +02:00,17456.84,15817.61
23.10.2019 20:00:00 +02:00,16876.14,15618.00
23.10.2019 21:00:00 +02:00,15865.29,15343.52
23.10.2019 22:00:00 +02:00,14792.02,14802.74
23.10.2019 23:00:00 +02:00,12502.19,14198.19
24.10.2019 00:00:00 +02:00,12327.58,13736.70
24.10.2019 01:00:00 +02:00,11323.47,13512.48
24.10.2019 02:00:00 +02:00,10836.18,13352.91
24.10.2019 03:00:00 +02:00,10730.00,13254.47
24.10.2019 04:00:00 +02:00,10867.59,13319.91
24.10.2019 05:00:00 +02:00,12242.24,13181.19
24.10.2019 06:00:00 +02:00,16196.95,14765.14
24.10.2019 07:00:00 +02:00,18580.11,15909.82
24.10.2019 08:00:00 +02:00,18806.52,16147.46
24.10.2019 09:00:00 +02:00,18363.14,15439.30
24.10.2019 10:00:00 +02:00,18457.73,15750.66
24.10.2019 11:00:00 +02:00,18477.19,14375.58
24.10.2019 12:00:00 +02:00,18111.10,15348.69
24.10.2019 13:00:00 +02:00,17691.88,14496.98
24.10.2019 14:00:00 +02:00,16125.50,14841.20
24.10.2019 15:00:00 +02:00,15669.59,15722.31
24.10.2019 16:00:00 +02:00,15781.22,15888.97
24.10.2019 17:00:00 +02:00,17369.38,15844.59
24.10.2019 18:00:00 +02:00,18158.45,15859.82
24.10.2019 19:00:00 +02:00,17266.97,15647.04
24.10.2019 20:00:00 +02:00,15632.37,15331.48
24.10.2019 21:00:00 +02:00,13386.78,14786.36
24.10.2019 22:00:00 +02:00,12325.77,14542.14
24.10.2019 23:00:00 +02:00,11069.13,13866.13
25.10.2019 00:00:00 +02:00,9956.42,12885.63
25.10.2019 01:00:00 +02:00,9462.20,13020.33
25.10.2019 02:00:00 +02:00,9392.54,12849.43
25.10.2019 03:00:00 +02:00,9130.87,12781.08
25.10.2019 04:00:00 +02:00,9183.47,12849.72
25.10.2019 05:00:00 +02:00,10480.17,13213.16
25.10.2019 06:00:00 +02:00,13135.26,14168.29
25.10.2019 07:00:00 +02:00,15812.90,15478.09
25.10.2019 08:00:00 +02:00,16425.76,15872.04
25.10.2019 09:00:00 +02:00,16121.70,15253.13
25.10.2019 10:00:00 +02:00,14811.08,15699.62
25.10.2019 11:00:00 +02:00,13638.14,15587.27
25.10.2019 12:00:00 +02:00,12725.52,15512.01
25.10.2019 13:00:00 +02:00,12648.41,15346.27
25.10.2019 14:00:00 +02:00,12748.04,15353.86
25.10.2019 15:00:00 +02:00,13507.42,15279.98
25.10.2019 16:00:00 +02:00,14262.52,15336.13
25.10.2019 17:00:00 +02:00,15062.93,15463.10
25.10.2019 18:00:00 +02:00,15738.22,15775.06
25.10.2019 19:00:00 +02:00,15490.46,15722.85
25.10.2019 20:00:00 +02:00,13832.33,15421.65
25.10.2019 21:00:00 +02:00,11762.13,15039.54
25.10.2019 22:00:00 +02:00,10670.72,14603.17
25.10.2019 23:00:00 +02:00,9953.00,14161.03
26.10.2019 00:00:00 +02:00,8983.41,13453.32
26.10.2019 01:00:00 +02:00,8719.01,13440.49
26.10.2019 02:00:00 +02:00,8562.81,13283.72
26.10.2019 03:00:00 +02:00,8452.51,13219.20
26.10.2019 04:00:00 +02:00,8376.52,12988.34
26.10.2019 05:00:00 +02:00,8891.66,12877.42
26.10.2019 06:00:00 +02:00,9287.29,12211.65
26.10.2019 07:00:00 +02:00,9846.36,10039.47
26.10.2019 08:00:00 +02:00,10660.62,4069.65
26.10.2019 09:00:00 +02:00,11466.72,8611.81
26.10.2019 10:00:00 +02:00,11719.25,15484.90
26.10.2019 11:00:00 +02:00,11619.13,15474.12
26.10.2019 12:00:00 +02:00,11592.15,15320.89
26.10.2019 13:00:00 +02:00,11320.76,15111.89
26.10.2019 14:00:00 +02:00,11268.29,15012.56
26.10.2019 15:00:00 +02:00,11506.26,14960.85
26.10.2019 16:00:00 +02:00,11962.91,14858.00
26.10.2019 17:00:00 +02:00,13206.92,15357.80
26.10.2019 18:00:00 +02:00,14141.26,15754.30
26.10.2019 19:00:00 +02:00,13190.06,15558.55
26.10.2019 20:00:00 +02:00,12058.74,14951.28
26.10.2019 21:00:00 +02:00,11265.87,14866.02
26.10.2019 22:00:00 +02:00,10382.14,14530.69
26.10.2019 23:00:00 +02:00,10002.94,14197.68
27.10.2019 00:00:00 +02:00,9945.77,13831.60
27.10.2019 01:00:00 +02:00,9911.03,13602.74
27.10.2019 02:00:00 +02:00,9782.34,13488.19
27.10.2019 02:00:00 +01:00,9850.21,13473.14
27.10.2019 03:00:00 +01:00,9772.53,13184.61
27.10.2019 04:00:00 +01:00,9914.22,13466.04
27.10.2019 05:00:00 +01:00,10328.73,13634.95
27.10.2019 06:00:00 +01:00,10655.11,13947.42
27.10.2019 07:00:00 +01:00,11331.48,14338.80
27.10.2019 08:00:00 +01:00,11550.14,14771.09
27.10.2019 09:00:00 +01:00,12081.43,15192.00
27.10.2019 10:00:00 +01:00,12293.90,15277.22
27.10.2019 11:00:00 +01:00,11924.78,14850.90
27.10.2019 12:00:00 +01:00,11615.93,14904.74
27.10.2019 13:00:00 +01:00,11615.30,14873.59
27.10.2019 14:00:00 +01:00,12137.94,14946.34
27.10.2019 15:00:00 +01:00,12939.72,15120.16
27.10.2019 16:00:00 +01:00,14639.35,15460.66
27.10.2019 17:00:00 +01:00,17337.74,15861.75
27.10.2019 18:00:00 +01:00,18034.77,15919.47
27.10.2019 19:00:00 +01:00,16880.25,16013.18
27.10.2019 20:00:00 +01:00,14103.07,15880.26
27.10.2019 21:00:00 +01:00,13002.45,15578.62
27.10.2019 22:00:00 +01:00,12698.26,15186.33
27.10.2019 23:00:00 +01:00,11725.64,14725.50
28.10.2019 00:00:00 +01:00,11231.01,14288.55
28.10.2019 01:00:00 +01:00,10618.91,14052.68
28.10.2019 02:00:00 +01:00,10534.08,13969.88
28.10.2019 03:00:00 +01:00,10719.79,13982.35
28.10.2019 04:00:00 +01:00,11682.22,14207.18
28.10.2019 05:00:00 +01:00,13584.44,14739.31
28.10.2019 06:00:00 +01:00,17111.50,16046.86
28.10.2019 07:00:00 +01:00,20128.05,17363.96
28.10.2019 08:00:00 +01:00,20970.00,17649.42
28.10.2019 09:00:00 +01:00,20627.67,17410.85
28.10.2019 10:00:00 +01:00,20315.80,17091.88
28.10.2019 11:00:00 +01:00,19511.08,16726.40
28.10.2019 12:00:00 +01:00,18982.20,16448.32
28.10.2019 13:00:00 +01:00,19436.54,16255.13
28.10.2019 14:00:00 +01:00,19346.80,16231.91
28.10.2019 15:00:00 +01:00,19557.91,16364.65
28.10.2019 16:00:00 +01:00,20190.25,16767.73
28.10.2019 17:00:00 +01:00,21045.59,17147.33
28.10.2019 18:00:00 +01:00,20902.25,17147.78
28.10.2019 19:00:00 +01:00,20374.67,17072.00
28.10.2019 20:00:00 +01:00,19319.90,16873.49
28.10.2019 21:00:00 +01:00,18688.51,16490.33
28.10.2019 22:00:00 +01:00,16736.87,15994.75
28.10.2019 23:00:00 +01:00,13927.00,15324.73
29.10.2019 00:00:00 +01:00,12851.90,14778.05
29.10.2019 01:00:00 +01:00,12546.55,14511.04
29.10.2019 02:00:00 +01:00,12053.39,14447.60
29.10.2019 03:00:00 +01:00,12056.00,14545.78
29.10.2019 04:00:00 +01:00,12614.83,14748.97
29.10.2019 05:00:00 +01:00,14461.29,15276.17
29.10.2019 06:00:00 +01:00,17967.72,16614.75
29.10.2019 07:00:00 +01:00,19851.03,17940.40
29.10.2019 08:00:00 +01:00,20690.82,18103.98
29.10.2019 09:00:00 +01:00,20874.36,17742.12
29.10.2019 10:00:00 +01:00,20813.53,16625.08
29.10.2019 11:00:00 +01:00,20268.63,16586.62
29.10.2019 12:00:00 +01:00,19694.85,16279.58
29.10.2019 13:00:00 +01:00,19377.70,15012.45
29.10.2019 14:00:00 +01:00,19320.94,8305.53
29.10.2019 15:00:00 +01:00,19598.10,16185.21
29.10.2019 16:00:00 +01:00,20488.86,17146.90
29.10.2019 17:00:00 +01:00,21096.97,17608.35
29.10.2019 18:00:00 +01:00,21112.66,17694.94
29.10.2019 19:00:00 +01:00,20931.54,16807.27
29.10.2019 20:00:00 +01:00,20193.37,17495.37
29.10.2019 21:00:00 +01:00,19904.58,17172.29
29.10.2019 22:00:00 +01:00,18621.21,16621.19
29.10.2019 23:00:00 +01:00,16781.72,14109.29
30.10.2019 00:00:00 +01:00,15424.27,12071.78
30.10.2019 01:00:00 +01:00,14713.02,1269.95
30.10.2019 02:00:00 +01:00,14389.79,8538.72
30.10.2019 03:00:00 +01:00,14367.96,15110.41
30.10.2019 04:00:00 +01:00,15304.58,15217.81
30.10.2019 05:00:00 +01:00,17211.86,15645.47
30.10.2019 06:00:00 +01:00,20295.98,16883.05
30.10.2019 07:00:00 +01:00,22167.50,18163.79
30.10.2019 08:00:00 +01:00,22588.72,18387.73
30.10.2019 09:00:00 +01:00,21808.84,17855.96
30.10.2019 10:00:00 +01:00,21389.87,17881.92
30.10.2019 11:00:00 +01:00,20617.27,17538.70
30.10.2019 12:00:00 +01:00,19792.54,16136.28
30.10.2019 13:00:00 +01:00,19917.00,17241.94
30.10.2019 14:00:00 +01:00,20291.41,14749.78
30.10.2019 15:00:00 +01:00,20150.73,11741.49
30.10.2019 16:00:00 +01:00,20430.40,6531.47
30.10.2019 17:00:00 +01:00,20942.93,9800.95
30.10.2019 18:00:00 +01:00,20797.45,17698.49
30.10.2019 19:00:00 +01:00,19839.47,17482.56
30.10.2019 20:00:00 +01:00,18320.17,17179.72
30.10.2019 21:00:00 +01:00,17502.43,16766.98
30.10.2019 22:00:00 +01:00,15612.17,16136.79
30.10.2019 23:00:00 +01:00,13667.99,15486.12
31.10.2019 00:00:00 +01:00,12505.97,14892.42
31.10.2019 01:00:00 +01:00,11405.98,14583.22
31.10.2019 02:00:00 +01:00,10804.86,14386.69
31.10.2019 03:00:00 +01:00,10529.11,14395.38
31.10.2019 04:00:00 +01:00,11290.74,14303.08
31.10.2019 05:00:00 +01:00,13114.80,15016.08
31.10.2019 06:00:00 +01:00,16306.86,16222.79
31.10.2019 07:00:00 +01:00,19238.43,17521.34
31.10.2019 08:00:00 +01:00,19761.36,17433.01
31.10.2019 09:00:00 +01:00,19631.82,17208.56
31.10.2019 10:00:00 +01:00,18834.19,17001.50
31.10.2019 11:00:00 +01:00,17601.00,16694.82
31.10.2019 12:00:00 +01:00,16515.97,16752.00
31.10.2019 13:00:00 +01:00,17155.72,15755.93
31.10.2019 14:00:00 +01:00,18356.34,16656.27
31.10.2019 15:00:00 +01:00,19435.66,15935.01
31.10.2019 16:00:00 +01:00,19952.39,17121.20
31.10.2019 17:00:00 +01:00,19991.36,17281.39
31.10.2019 18:00:00 +01:00,19798.98,16612.30
31.10.2019 19:00:00 +01:00,18990.68,17059.97
31.10.2019 20:00:00 +01:00,18069.23,16911.31
31.10.2019 21:00:00 +01:00,17223.63,16637.57
31.10.2019 22:00:00 +01:00,16083.85,16168.16
31.10.2019 23:00:00 +01:00,13163.96,15521.15
01.11.2019 00:00:00 +01:00,12257.25,14979.46
01.11.2019 01:00:00 +01:00,10880.58,14698.79
01.11.2019 02:00:00 +01:00,10632.08,14522.16
01.11.2019 03:00:00 +01:00,10550.38,13602.31
01.11.2019 04:00:00 +01:00,11240.93,14707.52
01.11.2019 05:00:00 +01:00,12757.73,15097.67
01.11.2019 06:00:00 +01:00,14938.93,16408.92
01.11.2019 07:00:00 +01:00,16829.18,17697.14
01.11.2019 08:00:00 +01:00,17589.83,18043.75
01.11.2019 09:00:00 +01:00,17220.77,17909.43
01.11.2019 10:00:00 +01:00,17068.64,17698.53
01.11.2019 11:00:00 +01:00,16519.03,17524.03
01.11.2019 12:00:00 +01:00,15827.89,17012.89
01.11.2019 13:00:00 +01:00,15711.77,16561.20
01.11.2019 14:00:00 +01:00,15354.75,16828.41
01.11.2019 15:00:00 +01:00,15426.31,17197.24
01.11.2019 16:00:00 +01:00,16092.74,17147.97
01.11.2019 17:00:00 +01:00,16979.47,17644.84
01.11.2019 18:00:00 +01:00,16542.35,17467.34
01.11.2019 19:00:00 +01:00,15133.57,17249.20
01.11.2019 20:00:00 +01:00,13728.71,16817.96
01.11.2019 21:00:00 +01:00,12705.15,16353.80
01.11.2019 22:00:00 +01:00,11649.20,15860.56
01.11.2019 23:00:00 +01:00,10890.71,15360.74
02.11.2019 00:00:00 +01:00,10653.85,14063.80
02.11.2019 01:00:00 +01:00,10373.32,11856.60
02.11.2019 02:00:00 +01:00,10209.50,8885.89
02.11.2019 03:00:00 +01:00,10191.93,8353.21
02.11.2019 04:00:00 +01:00,10199.70,12193.62
02.11.2019 05:00:00 +01:00,10279.11,11578.56
02.11.2019 06:00:00 +01:00,10401.16,13744.81
02.11.2019 07:00:00 +01:00,11265.78,10141.51
02.11.2019 08:00:00 +01:00,12860.13,7304.75
02.11.2019 09:00:00 +01:00,14342.16,15214.06
02.11.2019 10:00:00 +01:00,14858.59,14918.08
02.11.2019 11:00:00 +01:00,14474.73,10440.39
02.11.2019 12:00:00 +01:00,13991.76,13293.27
02.11.2019 13:00:00 +01:00,13536.08,9700.63
02.11.2019 14:00:00 +01:00,13391.72,15557.57
02.11.2019 15:00:00 +01:00,13448.92,16192.82
02.11.2019 16:00:00 +01:00,14275.43,16597.18
02.11.2019 17:00:00 +01:00,14540.92,16972.55
02.11.2019 18:00:00 +01:00,14357.35,16911.98
02.11.2019 19:00:00 +01:00,13883.00,16107.22
02.11.2019 20:00:00 +01:00,13521.77,16279.39
02.11.2019 21:00:00 +01:00,12756.37,15971.29
02.11.2019 22:00:00 +01:00,12015.92,15120.81
02.11.2019 23:00:00 +01:00,11005.75,15244.14
03.11.2019 00:00:00 +01:00,10509.21,14883.38
03.11.2019 01:00:00 +01:00,10464.70,14153.11
03.11.2019 02:00:00 +01:00,10309.70,13987.61
03.11.2019 03:00:00 +01:00,10173.51,14429.03
03.11.2019 04:00:00 +01:00,10127.52,14207.08
03.11.2019 05:00:00 +01:00,10101.18,14512.39
03.11.2019 06:00:00 +01:00,10001.51,14766.21
03.11.2019 07:00:00 +01:00,10391.37,15114.61
03.11.2019 08:00:00 +01:00,11597.98,15249.01
03.11.2019 09:00:00 +01:00,12548.29,16019.26
03.11.2019 10:00:00 +01:00,13026.51,15702.64
03.11.2019 11:00:00 +01:00,13685.27,16119.56
03.11.2019 12:00:00 +01:00,14112.77,16354.07
03.11.2019 13:00:00 +01:00,13712.82,16336.07
03.11.2019 14:00:00 +01:00,14142.67,16354.94
03.11.2019 15:00:00 +01:00,14711.77,16601.38
03.11.2019 16:00:00 +01:00,15844.48,16988.70
03.11.2019 17:00:00 +01:00,17566.39,17094.60
03.11.2019 18:00:00 +01:00,18089.49,17203.34
03.11.2019 19:00:00 +01:00,16565.46,17098.03
03.11.2019 20:00:00 +01:00,15013.95,16966.92
03.11.2019 21:00:00 +01:00,13966.70,16669.86
03.11.2019 22:00:00 +01:00,12923.24,16242.10
03.11.2019 23:00:00 +01:00,11541.73,15722.69
04.11.2019 00:00:00 +01:00,11390.16,15273.90
04.11.2019 01:00:00 +01:00,11216.71,15027.40
04.11.2019 02:00:00 +01:00,11119.25,14940.39
04.11.2019 03:00:00 +01:00,11343.93,14991.01
04.11.2019 04:00:00 +01:00,11938.30,15181.78
04.11.2019 05:00:00 +01:00,12877.52,15585.05
04.11.2019 06:00:00 +01:00,15476.23,16879.93
04.11.2019 07:00:00 +01:00,19095.02,18318.49
04.11.2019 08:00:00 +01:00,20900.22,18570.75
04.11.2019 09:00:00 +01:00,21177.47,18450.13
04.11.2019 10:00:00 +01:00,20823.19,18342.37
04.11.2019 11:00:00 +01:00,20302.25,18061.59
04.11.2019 12:00:00 +01:00,19624.00,17594.61
04.11.2019 13:00:00 +01:00,20046.66,17893.08
04.11.2019 14:00:00 +01:00,20272.63,17550.79
04.11.2019 15:00:00 +01:00,20440.97,18006.48
04.11.2019 16:00:00 +01:00,21097.97,17816.39
04.11.2019 17:00:00 +01:00,21386.93,18509.99
04.11.2019 18:00:00 +01:00,21105.43,18319.16
04.11.2019 19:00:00 +01:00,20956.37,18204.41
04.11.2019 20:00:00 +01:00,19514.92,18030.11
04.11.2019 21:00:00 +01:00,17404.91,17760.63
04.11.2019 22:00:00 +01:00,16290.92,17220.20
04.11.2019 23:00:00 +01:00,14729.33,16522.96
05.11.2019 00:00:00 +01:00,14611.22,15789.32
05.11.2019 01:00:00 +01:00,14293.65,15589.57
05.11.2019 02:00:00 +01:00,14071.09,15799.19
05.11.2019 03:00:00 +01:00,14169.55,15782.84
05.11.2019 04:00:00 +01:00,14856.60,15659.23
05.11.2019 05:00:00 +01:00,16586.70,15585.67
05.11.2019 06:00:00 +01:00,18566.59,17767.46
05.11.2019 07:00:00 +01:00,21129.16,19200.29
05.11.2019 08:00:00 +01:00,22098.52,18206.45
05.11.2019 09:00:00 +01:00,22099.98,19276.93
05.11.2019 10:00:00 +01:00,21979.77,14147.43
05.11.2019 11:00:00 +01:00,21853.53,17049.13
05.11.2019 12:00:00 +01:00,21837.61,18358.86
05.11.2019 13:00:00 +01:00,21912.40,17954.29
05.11.2019 14:00:00 +01:00,22260.58,16364.16
05.11.2019 15:00:00 +01:00,22162.24,16275.89
05.11.2019 16:00:00 +01:00,22199.49,17650.72
05.11.2019 17:00:00 +01:00,23059.93,19458.56
05.11.2019 18:00:00 +01:00,23445.12,18596.03
05.11.2019 19:00:00 +01:00,23408.07,18476.20
05.11.2019 20:00:00 +01:00,23321.50,17350.71
05.11.2019 21:00:00 +01:00,21131.46,18560.92
05.11.2019 22:00:00 +01:00,17870.00,17724.88
05.11.2019 23:00:00 +01:00,15839.72,15444.36
06.11.2019 00:00:00 +01:00,15787.92,11161.08
06.11.2019 01:00:00 +01:00,15517.31,4359.24
06.11.2019 02:00:00 +01:00,15270.02,16054.82
06.11.2019 03:00:00 +01:00,15544.29,16019.77
06.11.2019 04:00:00 +01:00,16431.12,16406.35
06.11.2019 05:00:00 +01:00,17563.24,16911.43
06.11.2019 06:00:00 +01:00,21748.36,18168.51
06.11.2019 07:00:00 +01:00,22961.87,19674.97
06.11.2019 08:00:00 +01:00,22507.77,19861.71
06.11.2019 09:00:00 +01:00,22560.52,19053.74
06.11.2019 10:00:00 +01:00,22584.20,19651.14
06.11.2019 11:00:00 +01:00,22654.42,19421.56
06.11.2019 12:00:00 +01:00,21862.43,19110.51
06.11.2019 13:00:00 +01:00,22211.56,18976.18
06.11.2019 14:00:00 +01:00,21951.50,19042.60
06.11.2019 15:00:00 +01:00,22069.28,18847.19
06.11.2019 16:00:00 +01:00,22723.72,18919.54
06.11.2019 17:00:00 +01:00,23185.53,19348.84
06.11.2019 18:00:00 +01:00,23524.19,19463.62
06.11.2019 19:00:00 +01:00,23372.87,19397.78
06.11.2019 20:00:00 +01:00,23097.40,19147.11
06.11.2019 21:00:00 +01:00,22605.56,18831.55
06.11.2019 22:00:00 +01:00,20902.09,18166.31
06.11.2019 23:00:00 +01:00,18054.34,17579.39
07.11.2019 00:00:00 +01:00,17164.64,17020.32
07.11.2019 01:00:00 +01:00,16360.82,16694.93
07.11.2019 02:00:00 +01:00,16145.70,16597.54
07.11.2019 03:00:00 +01:00,16387.09,16303.28
07.11.2019 04:00:00 +01:00,17482.81,16733.77
07.11.2019 05:00:00 +01:00,19118.06,17163.58
07.11.2019 06:00:00 +01:00,21577.98,18491.08
07.11.2019 07:00:00 +01:00,22832.21,19521.89
07.11.2019 08:00:00 +01:00,22803.18,19752.90
07.11.2019 09:00:00 +01:00,22714.54,19038.60
07.11.2019 10:00:00 +01:00,22577.25,19537.90
07.11.2019 11:00:00 +01:00,22293.80,17001.95
07.11.2019 12:00:00 +01:00,21890.72,18858.52
07.11.2019 13:00:00 +01:00,21997.19,18095.37
07.11.2019 14:00:00 +01:00,21790.07,17903.24
07.11.2019 15:00:00 +01:00,22255.66,18424.20
07.11.2019 16:00:00 +01:00,22355.25,19119.31
07.11.2019 17:00:00 +01:00,22658.74,19493.54
07.11.2019 18:00:00 +01:00,22715.48,19350.51
07.11.2019 19:00:00 +01:00,22341.02,19277.31
07.11.2019 20:00:00 +01:00,21119.32,18102.46
07.11.2019 21:00:00 +01:00,19095.36,18705.63
07.11.2019 22:00:00 +01:00,17875.64,17338.63
07.11.2019 23:00:00 +01:00,16808.10,17230.99
08.11.2019 00:00:00 +01:00,15699.90,15833.79
08.11.2019 01:00:00 +01:00,14992.71,16363.99
08.11.2019 02:00:00 +01:00,14534.93,15733.93
08.11.2019 03:00:00 +01:00,14501.41,15706.28
08.11.2019 04:00:00 +01:00,15330.78,16343.14
08.11.2019 05:00:00 +01:00,17455.04,16829.05
08.11.2019 06:00:00 +01:00,21358.29,18424.73
08.11.2019 07:00:00 +01:00,23591.33,18554.37
08.11.2019 08:00:00 +01:00,23706.90,19690.42
08.11.2019 09:00:00 +01:00,23438.59,19632.61
08.11.2019 10:00:00 +01:00,23617.42,19800.89
08.11.2019 11:00:00 +01:00,23624.55,17942.78
08.11.2019 12:00:00 +01:00,23319.02,19005.83
08.11.2019 13:00:00 +01:00,23428.64,18403.08
08.11.2019 14:00:00 +01:00,23535.44,16755.39
08.11.2019 15:00:00 +01:00,23827.02,19132.23
08.11.2019 16:00:00 +01:00,24165.35,19283.97
08.11.2019 17:00:00 +01:00,24264.00,17540.77
08.11.2019 18:00:00 +01:00,23858.71,19038.79
08.11.2019 19:00:00 +01:00,23133.27,15855.01
08.11.2019 20:00:00 +01:00,22072.23,17365.62
08.11.2019 21:00:00 +01:00,21371.28,18140.13
08.11.2019 22:00:00 +01:00,20326.05,17646.76
08.11.2019 23:00:00 +01:00,17630.17,16980.18
09.11.2019 00:00:00 +01:00,17494.77,16339.41
09.11.2019 01:00:00 +01:00,15773.39,16145.59
09.11.2019 02:00:00 +01:00,14951.18,16109.64
09.11.2019 03:00:00 +01:00,14311.36,15802.62
09.11.2019 04:00:00 +01:00,14377.53,15255.32
09.11.2019 05:00:00 +01:00,14736.66,16167.66
09.11.2019 06:00:00 +01:00,16271.33,16801.63
09.11.2019 07:00:00 +01:00,18371.18,17233.67
09.11.2019 08:00:00 +01:00,19486.02,17734.22
09.11.2019 09:00:00 +01:00,21091.17,17365.96
09.11.2019 10:00:00 +01:00,21417.80,18628.68
09.11.2019 11:00:00 +01:00,20809.43,17678.29
09.11.2019 12:00:00 +01:00,20638.61,17537.92
09.11.2019 13:00:00 +01:00,19311.90,18047.41
09.11.2019 14:00:00 +01:00,19114.61,18220.83
09.11.2019 15:00:00 +01:00,20456.33,18296.89
09.11.2019 16:00:00 +01:00,21756.30,18385.67
09.11.2019 17:00:00 +01:00,22302.53,18951.58
09.11.2019 18:00:00 +01:00,22133.21,18889.36
09.11.2019 19:00:00 +01:00,21675.81,17937.30
09.11.2019 20:00:00 +01:00,20348.43,17543.90
09.11.2019 21:00:00 +01:00,17984.84,17718.65
09.11.2019 22:00:00 +01:00,16090.05,17036.84
09.11.2019 23:00:00 +01:00,14337.62,16767.15
10.11.2019 00:00:00 +01:00,13746.76,9729.61
10.11.2019 01:00:00 +01:00,13187.20,5716.09
10.11.2019 02:00:00 +01:00,12855.33,5664.17
10.11.2019 03:00:00 +01:00,12743.44,6181.18
10.11.2019 04:00:00 +01:00,12861.42,807.35
10.11.2019 05:00:00 +01:00,12998.77,10904.19
10.11.2019 06:00:00 +01:00,13119.94,16599.76
10.11.2019 07:00:00 +01:00,13996.13,16665.48
10.11.2019 08:00:00 +01:00,15232.09,16225.67
10.11.2019 09:00:00 +01:00,16451.42,16715.43
10.11.2019 10:00:00 +01:00,17504.60,18220.84
10.11.2019 11:00:00 +01:00,17875.03,18250.62
10.11.2019 12:00:00 +01:00,18202.60,17876.91
10.11.2019 13:00:00 +01:00,18042.15,17841.05
10.11.2019 14:00:00 +01:00,18171.28,18174.30
10.11.2019 15:00:00 +01:00,19859.47,17772.68
10.11.2019 16:00:00 +01:00,21937.59,17385.45
10.11.2019 17:00:00 +01:00,22675.65,18484.07
10.11.2019 18:00:00 +01:00,22681.56,18721.81
10.11.2019 19:00:00 +01:00,22359.26,18038.75
10.11.2019 20:00:00 +01:00,22165.05,18310.00
10.11.2019 21:00:00 +01:00,21653.62,17728.82
10.11.2019 22:00:00 +01:00,20763.59,16366.92
10.11.2019 23:00:00 +01:00,17651.68,16809.09
11.11.2019 00:00:00 +01:00,15083.48,16968.36
11.11.2019 01:00:00 +01:00,14249.17,15338.91
11.11.2019 02:00:00 +01:00,13983.49,16351.85
11.11.2019 03:00:00 +01:00,14113.37,16086.84
11.11.2019 04:00:00 +01:00,14904.01,16004.95
11.11.2019 05:00:00 +01:00,16980.20,17310.43
11.11.2019 06:00:00 +01:00,20635.24,18348.63
11.11.2019 07:00:00 +01:00,22745.24,19754.78
11.11.2019 08:00:00 +01:00,23187.36,19057.86
11.11.2019 09:00:00 +01:00,23271.65,19003.75
11.11.2019 10:00:00 +01:00,22854.96,16882.34
11.11.2019 11:00:00 +01:00,22928.30,19018.08
11.11.2019 12:00:00 +01:00,22535.62,19565.55
11.11.2019 13:00:00 +01:00,23004.05,19530.84
11.11.2019 14:00:00 +01:00,22696.29,18963.11
11.11.2019 15:00:00 +01:00,23379.59,19766.06
11.11.2019 16:00:00 +01:00,23525.07,20360.45
11.11.2019 17:00:00 +01:00,24118.95,19888.03
11.11.2019 18:00:00 +01:00,23034.22,19344.58
11.11.2019 19:00:00 +01:00,21259.24,19100.26
11.11.2019 20:00:00 +01:00,19364.73,18797.77
11.11.2019 21:00:00 +01:00,17946.74,18364.07
11.11.2019 22:00:00 +01:00,16414.26,18324.46
11.11.2019 23:00:00 +01:00,14430.19,17479.18
12.11.2019 00:00:00 +01:00,13298.87,16825.24
12.11.2019 01:00:00 +01:00,12805.88,16494.75
12.11.2019 02:00:00 +01:00,12602.23,16325.61
12.11.2019 03:00:00 +01:00,12585.52,15749.66
12.11.2019 04:00:00 +01:00,13228.82,16069.23
12.11.2019 05:00:00 +01:00,14913.06,16193.49
12.11.2019 06:00:00 +01:00,17741.20,17700.16
12.11.2019 07:00:00 +01:00,20964.76,18427.71
12.11.2019 08:00:00 +01:00,21579.69,19017.68
12.11.2019 09:00:00 +01:00,21113.02,17498.81
12.11.2019 10:00:00 +01:00,20721.09,18088.94
12.11.2019 11:00:00 +01:00,20178.40,18928.06
12.11.2019 12:00:00 +01:00,19783.64,19155.41
12.11.2019 13:00:00 +01:00,20605.41,18971.19
12.11.2019 14:00:00 +01:00,21271.65,19072.69
12.11.2019 15:00:00 +01:00,22164.04,19134.17
12.11.2019 16:00:00 +01:00,22849.81,19073.06
12.11.2019 17:00:00 +01:00,23202.73,19277.57
12.11.2019 18:00:00 +01:00,22632.37,18666.69
12.11.2019 19:00:00 +01:00,20403.77,18694.55
12.11.2019 20:00:00 +01:00,18390.31,18416.00
12.11.2019 21:00:00 +01:00,16836.95,17955.12
12.11.2019 22:00:00 +01:00,14969.40,17259.66
12.11.2019 23:00:00 +01:00,13260.86,16598.48
13.11.2019 00:00:00 +01:00,11524.66,15985.38
13.11.2019 01:00:00 +01:00,11105.30,3927.31
13.11.2019 02:00:00 +01:00,11029.17,15403.86
13.11.2019 03:00:00 +01:00,11300.73,15381.54
13.11.2019 04:00:00 +01:00,12426.80,15484.58
13.11.2019 05:00:00 +01:00,14699.93,15877.55
13.11.2019 06:00:00 +01:00,17581.71,17133.83
13.11.2019 07:00:00 +01:00,21637.88,18580.21
13.11.2019 08:00:00 +01:00,22015.23,18837.39
13.11.2019 09:00:00 +01:00,21609.81,17420.01
13.11.2019 10:00:00 +01:00,21846.94,14302.55
13.11.2019 11:00:00 +01:00,21670.06,18443.29
13.11.2019 12:00:00 +01:00,22067.47,18436.77
13.11.2019 13:00:00 +01:00,21968.26,18300.23
13.11.2019 14:00:00 +01:00,22205.07,17938.38
13.11.2019 15:00:00 +01:00,22563.03,18161.89
13.11.2019 16:00:00 +01:00,22747.58,18808.65
13.11.2019 17:00:00 +01:00,22712.85,18767.52
13.11.2019 18:00:00 +01:00,22719.48,18473.00
13.11.2019 19:00:00 +01:00,22182.80,18004.44
13.11.2019 20:00:00 +01:00,21271.26,18104.46
13.11.2019 21:00:00 +01:00,19954.13,17772.06
13.11.2019 22:00:00 +01:00,17706.15,17199.68
13.11.2019 23:00:00 +01:00,15231.20,16434.05
14.11.2019 00:00:00 +01:00,13832.34,15794.48
14.11.2019 01:00:00 +01:00,13074.38,15545.41
14.11.2019 02:00:00 +01:00,12601.68,15399.08
14.11.2019 03:00:00 +01:00,12803.74,15387.42
14.11.2019 04:00:00 +01:00,13556.66,15491.35
14.11.2019 05:00:00 +01:00,15763.91,15916.69
14.11.2019 06:00:00 +01:00,19477.02,17133.56
14.11.2019 07:00:00 +01:00,22026.14,18546.41
14.11.2019 08:00:00 +01:00,22327.85,18833.29
14.11.2019 09:00:00 +01:00,21622.64,18765.48
14.11.2019 10:00:00 +01:00,21262.55,17465.10
14.11.2019 11:00:00 +01:00,21877.88,18185.43
14.11.2019 12:00:00 +01:00,21725.37,18420.10
14.11.2019 13:00:00 +01:00,21809.45,18030.11
14.11.2019 14:00:00 +01:00,22329.04,18392.74
14.11.2019 15:00:00 +01:00,22501.88,18588.41
14.11.2019 16:00:00 +01:00,22700.26,18892.64
14.11.2019 17:00:00 +01:00,22537.96,18936.56
14.11.2019 18:00:00 +01:00,21459.13,18661.60
14.11.2019 19:00:00 +01:00,20656.09,18389.12
14.11.2019 20:00:00 +01:00,19289.06,18171.59
14.11.2019 21:00:00 +01:00,18478.23,4197.57
14.11.2019 22:00:00 +01:00,16476.95,12914.74
14.11.2019 23:00:00 +01:00,15008.72,9245.97
15.11.2019 00:00:00 +01:00,13254.39,15934.41
15.11.2019 01:00:00 +01:00,12321.93,15567.90
15.11.2019 02:00:00 +01:00,11849.20,15367.93
15.11.2019 03:00:00 +01:00,11683.59,15416.01
15.11.2019 04:00:00 +01:00,12098.70,15511.62
15.11.2019 05:00:00 +01:00,13756.46,15925.09
15.11.2019 06:00:00 +01:00,16453.11,17097.58
15.11.2019 07:00:00 +01:00,18542.82,18505.82
15.11.2019 08:00:00 +01:00,19461.18,18538.91
15.11.2019 09:00:00 +01:00,19073.16,14688.63
15.11.2019 10:00:00 +01:00,19244.02,18801.66
15.11.2019 11:00:00 +01:00,19064.65,18486.90
15.11.2019 12:00:00 +01:00,19082.69,18375.18
15.11.2019 13:00:00 +01:00,19069.00,18390.89
15.11.2019 14:00:00 +01:00,19311.03,18450.38
15.11.2019 15:00:00 +01:00,20662.42,18465.05
15.11.2019 16:00:00 +01:00,21468.70,8153.32
15.11.2019 17:00:00 +01:00,22014.00,18475.77
15.11.2019 18:00:00 +01:00,21561.19,18592.63
15.11.2019 19:00:00 +01:00,20207.63,17358.90
15.11.2019 20:00:00 +01:00,18205.89,17777.17
15.11.2019 21:00:00 +01:00,17457.46,17388.74
15.11.2019 22:00:00 +01:00,15870.01,16891.75
15.11.2019 23:00:00 +01:00,14252.96,16170.67
16.11.2019 00:00:00 +01:00,13386.61,15717.74
16.11.2019 01:00:00 +01:00,13063.40,15575.87
16.11.2019 02:00:00 +01:00,12566.05,15480.64
16.11.2019 03:00:00 +01:00,12937.77,15111.39
16.11.2019 04:00:00 +01:00,13006.95,15397.88
16.11.2019 05:00:00 +01:00,13080.92,15265.33
16.11.2019 06:00:00 +01:00,13217.82,15545.43
16.11.2019 07:00:00 +01:00,15191.98,15999.82
16.11.2019 08:00:00 +01:00,17421.80,16278.71
16.11.2019 09:00:00 +01:00,18897.24,17140.73
16.11.2019 10:00:00 +01:00,18352.96,17536.11
16.11.2019 11:00:00 +01:00,17293.80,17814.91
16.11.2019 12:00:00 +01:00,15585.12,16865.52
16.11.2019 13:00:00 +01:00,15655.17,17763.85
16.11.2019 14:00:00 +01:00,15646.99,17714.74
16.11.2019 15:00:00 +01:00,15979.58,17186.18
16.11.2019 16:00:00 +01:00,17087.94,17778.17
16.11.2019 17:00:00 +01:00,18265.05,17861.45
16.11.2019 18:00:00 +01:00,17355.85,17664.33
16.11.2019 19:00:00 +01:00,15509.57,16766.81
16.11.2019 20:00:00 +01:00,14294.70,16655.41
16.11.2019 21:00:00 +01:00,13860.10,16256.11
16.11.2019 22:00:00 +01:00,13159.69,16117.23
16.11.2019 23:00:00 +01:00,12520.35,15985.62
17.11.2019 00:00:00 +01:00,12542.76,15115.14
17.11.2019 01:00:00 +01:00,12261.28,15337.22
17.11.2019 02:00:00 +01:00,12000.51,15151.67
17.11.2019 03:00:00 +01:00,11862.13,15024.98
17.11.2019 04:00:00 +01:00,12003.42,15005.43
17.11.2019 05:00:00 +01:00,12233.29,15066.84
17.11.2019 06:00:00 +01:00,12361.40,14773.56
17.11.2019 07:00:00 +01:00,13130.36,15580.78
17.11.2019 08:00:00 +01:00,13917.96,15892.19
17.11.2019 09:00:00 +01:00,14374.36,16371.28
17.11.2019 10:00:00 +01:00,14942.13,16776.42
17.11.2019 11:00:00 +01:00,15995.64,16870.22
17.11.2019 12:00:00 +01:00,14941.47,16791.04
17.11.2019 13:00:00 +01:00,14823.33,16172.95
17.11.2019 14:00:00 +01:00,14918.11,16860.20
17.11.2019 15:00:00 +01:00,16378.13,17097.42
17.11.2019 16:00:00 +01:00,18458.26,17251.99
17.11.2019 17:00:00 +01:00,20311.46,17353.03
17.11.2019 18:00:00 +01:00,19899.65,17333.32
17.11.2019 19:00:00 +01:00,18293.74,17560.12
17.11.2019 20:00:00 +01:00,16216.35,17079.56
17.11.2019 21:00:00 +01:00,15193.82,16832.78
17.11.2019 22:00:00 +01:00,14368.61,16371.56
17.11.2019 23:00:00 +01:00,13606.10,14550.11
18.11.2019 00:00:00 +01:00,12617.54,15424.48
18.11.2019 01:00:00 +01:00,12091.61,14928.74
18.11.2019 02:00:00 +01:00,12058.19,15064.93
18.11.2019 03:00:00 +01:00,11924.48,14791.36
18.11.2019 04:00:00 +01:00,12462.30,14917.44
18.11.2019 05:00:00 +01:00,13686.81,15961.39
18.11.2019 06:00:00 +01:00,17260.57,16713.39
18.11.2019 07:00:00 +01:00,21243.00,18328.07
18.11.2019 08:00:00 +01:00,22627.55,18958.97
18.11.2019 09:00:00 +01:00,22704.91,18542.21
18.11.2019 10:00:00 +01:00,22708.10,18786.38
18.11.2019 11:00:00 +01:00,22603.92,18456.96
18.11.2019 12:00:00 +01:00,22310.14,17735.59
18.11.2019 13:00:00 +01:00,22231.89,18646.94
18.11.2019 14:00:00 +01:00,22161.04,9376.52
18.11.2019 15:00:00 +01:00,22179.52,3791.82
18.11.2019 16:00:00 +01:00,22437.60,13302.99
18.11.2019 17:00:00 +01:00,22340.81,17524.57
18.11.2019 18:00:00 +01:00,21285.64,18192.25
18.11.2019 19:00:00 +01:00,19419.03,18251.86
18.11.2019 20:00:00 +01:00,16785.67,17586.84
18.11.2019 21:00:00 +01:00,15561.94,17439.67
18.11.2019 22:00:00 +01:00,14437.47,16886.82
18.11.2019 23:00:00 +01:00,13402.41,16107.46
19.11.2019 00:00:00 +01:00,12264.80,15227.49
19.11.2019 01:00:00 +01:00,11538.79,15196.34
19.11.2019 02:00:00 +01:00,10917.34,14972.76
19.11.2019 03:00:00 +01:00,10528.49,14887.40
19.11.2019 04:00:00 +01:00,11403.65,15017.93
19.11.2019 05:00:00 +01:00,13168.50,15107.60
19.11.2019 06:00:00 +01:00,16162.82,16600.67
19.11.2019 07:00:00 +01:00,19354.21,17854.65
19.11.2019 08:00:00 +01:00,20725.09,18176.10
19.11.2019 09:00:00 +01:00,20029.09,18096.04
19.11.2019 10:00:00 +01:00,19521.16,17969.64
19.11.2019 11:00:00 +01:00,19678.97,17506.62
19.11.2019 12:00:00 +01:00,19924.45,17726.32
19.11.2019 13:00:00 +01:00,20661.08,15921.03
19.11.2019 14:00:00 +01:00,20568.70,17205.62
19.11.2019 15:00:00 +01:00,20609.21,17904.42
19.11.2019 16:00:00 +01:00,21032.74,18235.45
19.11.2019 17:00:00 +01:00,21088.76,18126.25
19.11.2019 18:00:00 +01:00,20863.22,17338.60
19.11.2019 19:00:00 +01:00,19954.36,17449.36
19.11.2019 20:00:00 +01:00,19234.77,17231.86
19.11.2019 21:00:00 +01:00,18495.28,16890.34
19.11.2019 22:00:00 +01:00,17162.01,10563.26
19.11.2019 23:00:00 +01:00,14814.32,13815.94
20.11.2019 00:00:00 +01:00,13359.53,15401.71
20.11.2019 01:00:00 +01:00,12942.49,14564.41
20.11.2019 02:00:00 +01:00,12823.45,14667.83
20.11.2019 03:00:00 +01:00,13217.14,9455.19
20.11.2019 04:00:00 +01:00,14506.51,7336.32
20.11.2019 05:00:00 +01:00,16979.47,15123.58
20.11.2019 06:00:00 +01:00,19663.51,16997.09
20.11.2019 07:00:00 +01:00,21560.22,18153.65
20.11.2019 08:00:00 +01:00,21842.38,18216.63
20.11.2019 09:00:00 +01:00,21432.38,18757.89
20.11.2019 10:00:00 +01:00,21418.48,17699.86
20.11.2019 11:00:00 +01:00,21462.63,18165.51
20.11.2019 12:00:00 +01:00,21308.05,18366.66
20.11.2019 13:00:00 +01:00,21514.96,18315.62
20.11.2019 14:00:00 +01:00,21679.25,18435.14
20.11.2019 15:00:00 +01:00,22097.54,18361.23
20.11.2019 16:00:00 +01:00,22149.36,18905.24
20.11.2019 17:00:00 +01:00,21681.90,18803.45
20.11.2019 18:00:00 +01:00,21138.02,18248.26
20.11.2019 19:00:00 +01:00,20811.10,18324.26
20.11.2019 20:00:00 +01:00,19672.28,18073.36
20.11.2019 21:00:00 +01:00,18656.76,17431.32
20.11.2019 22:00:00 +01:00,16461.47,16562.33
20.11.2019 23:00:00 +01:00,14359.70,16400.63
21.11.2019 00:00:00 +01:00,13785.93,15260.87
21.11.2019 01:00:00 +01:00,12943.59,15182.74
21.11.2019 02:00:00 +01:00,12366.06,15254.63
21.11.2019 03:00:00 +01:00,12350.91,15154.10
21.11.2019 04:00:00 +01:00,13560.57,15005.95
21.11.2019 05:00:00 +01:00,15882.09,15399.55
21.11.2019 06:00:00 +01:00,18953.87,16896.31
21.11.2019 07:00:00 +01:00,20743.64,17921.17
21.11.2019 08:00:00 +01:00,21657.07,16683.99
21.11.2019 09:00:00 +01:00,21822.88,18102.73
21.11.2019 10:00:00 +01:00,21688.32,17699.99
21.11.2019 11:00:00 +01:00,21570.58,16821.37
21.11.2019 12:00:00 +01:00,21566.86,17048.96
21.11.2019 13:00:00 +01:00,21705.22,16178.58
21.11.2019 14:00:00 +01:00,21925.62,17951.01
21.11.2019 15:00:00 +01:00,22059.22,17765.69
21.11.2019 16:00:00 +01:00,22140.43,16172.46
21.11.2019 17:00:00 +01:00,21903.54,17857.94
21.11.2019 18:00:00 +01:00,21921.83,17880.02
21.11.2019 19:00:00 +01:00,21217.94,17387.89
21.11.2019 20:00:00 +01:00,20349.47,17116.59
21.11.2019 21:00:00 +01:00,18261.33,16720.64
21.11.2019 22:00:00 +01:00,15955.53,16449.88
21.11.2019 23:00:00 +01:00,13643.26,15401.29
22.11.2019 00:00:00 +01:00,12185.76,15067.80
22.11.2019 01:00:00 +01:00,11548.86,14477.08
22.11.2019 02:00:00 +01:00,11521.87,13577.20
22.11.2019 03:00:00 +01:00,11493.09,13761.74
22.11.2019 04:00:00 +01:00,11890.37,14584.46
22.11.2019 05:00:00 +01:00,13666.38,14750.16
22.11.2019 06:00:00 +01:00,17119.18,16112.55
22.11.2019 07:00:00 +01:00,20470.30,17487.67
22.11.2019 08:00:00 +01:00,21311.30,17814.02
22.11.2019 09:00:00 +01:00,20984.29,15974.75
22.11.2019 10:00:00 +01:00,20808.69,3541.43
22.11.2019 11:00:00 +01:00,20782.20,1761.91
22.11.2019 12:00:00 +01:00,20747.70,16971.16
22.11.2019 13:00:00 +01:00,20904.67,17460.12
22.11.2019 14:00:00 +01:00,20971.36,17497.48
22.11.2019 15:00:00 +01:00,21293.74,17549.49
22.11.2019 16:00:00 +01:00,21681.43,17451.91
22.11.2019 17:00:00 +01:00,21402.17,17381.24
22.11.2019 18:00:00 +01:00,20114.06,17105.02
22.11.2019 19:00:00 +01:00,18271.53,15739.17
22.11.2019 20:00:00 +01:00,16720.14,15893.23
22.11.2019 21:00:00 +01:00,15263.08,16284.64
22.11.2019 22:00:00 +01:00,13721.41,12403.51
22.11.2019 23:00:00 +01:00,12085.56,15057.66
23.11.2019 00:00:00 +01:00,11017.05,6689.73
23.11.2019 01:00:00 +01:00,10811.38,14594.83
23.11.2019 02:00:00 +01:00,10307.37,14347.15
23.11.2019 03:00:00 +01:00,9963.23,13504.16
23.11.2019 04:00:00 +01:00,10022.30,14169.53
23.11.2019 05:00:00 +01:00,10418.31,13057.88
23.11.2019 06:00:00 +01:00,10786.11,14312.48
23.11.2019 07:00:00 +01:00,12120.46,14759.05
23.11.2019 08:00:00 +01:00,13178.51,15637.01
23.11.2019 09:00:00 +01:00,14173.01,16278.79
23.11.2019 10:00:00 +01:00,14640.87,16446.84
23.11.2019 11:00:00 +01:00,14629.38,16555.40
23.11.2019 12:00:00 +01:00,14749.35,16797.45
23.11.2019 13:00:00 +01:00,14635.33,16454.37
23.11.2019 14:00:00 +01:00,14614.71,16710.27
23.11.2019 15:00:00 +01:00,15089.28,16821.90
23.11.2019 16:00:00 +01:00,15570.52,17063.46
23.11.2019 17:00:00 +01:00,16226.56,17125.01
23.11.2019 18:00:00 +01:00,15439.20,16990.06
23.11.2019 19:00:00 +01:00,14481.52,16714.67
23.11.2019 20:00:00 +01:00,13934.67,16350.69
23.11.2019 21:00:00 +01:00,13384.82,15763.02
23.11.2019 22:00:00 +01:00,12833.08,15603.84
23.11.2019 23:00:00 +01:00,11851.64,15206.29
24.11.2019 00:00:00 +01:00,11086.18,14892.04
24.11.2019 01:00:00 +01:00,10721.71,14360.59
24.11.2019 02:00:00 +01:00,10416.65,14186.39
24.11.2019 03:00:00 +01:00,10221.71,14355.61
24.11.2019 04:00:00 +01:00,10511.06,14326.17
24.11.2019 05:00:00 +01:00,10897.60,14424.64
24.11.2019 06:00:00 +01:00,11183.29,14665.70
24.11.2019 07:00:00 +01:00,12013.12,14982.23
24.11.2019 08:00:00 +01:00,12606.33,14876.75
24.11.2019 09:00:00 +01:00,13522.60,15890.96
24.11.2019 10:00:00 +01:00,14124.61,16041.42
24.11.2019 11:00:00 +01:00,15481.25,16241.58
24.11.2019 12:00:00 +01:00,15833.75,16328.47
24.11.2019 13:00:00 +01:00,15718.38,16732.95
24.11.2019 14:00:00 +01:00,15704.44,16211.99
24.11.2019 15:00:00 +01:00,16743.20,16738.38
24.11.2019 16:00:00 +01:00,18623.41,16981.49
24.11.2019 17:00:00 +01:00,18813.44,17238.84
24.11.2019 18:00:00 +01:00,18253.54,17073.24
24.11.2019 19:00:00 +01:00,18529.57,17027.36
24.11.2019 20:00:00 +01:00,18073.85,16865.24
24.11.2019 21:00:00 +01:00,17320.78,16627.26
24.11.2019 22:00:00 +01:00,16284.72,16035.23
24.11.2019 23:00:00 +01:00,14926.90,14907.33
25.11.2019 00:00:00 +01:00,13277.86,14787.76
25.11.2019 01:00:00 +01:00,11842.35,14563.97
25.11.2019 02:00:00 +01:00,11541.05,14164.48
25.11.2019 03:00:00 +01:00,11501.57,14352.84
25.11.2019 04:00:00 +01:00,12972.07,14567.91
25.11.2019 05:00:00 +01:00,15566.20,14785.24
25.11.2019 06:00:00 +01:00,19737.04,15969.12
25.11.2019 07:00:00 +01:00,21971.02,17656.19
25.11.2019 08:00:00 +01:00,22543.47,18085.04
25.11.2019 09:00:00 +01:00,22351.12,17698.86
25.11.2019 10:00:00 +01:00,22442.01,18067.25
25.11.2019 11:00:00 +01:00,22681.94,17609.93
25.11.2019 12:00:00 +01:00,22628.77,17929.98
25.11.2019 13:00:00 +01:00,22565.12,17436.84
25.11.2019 14:00:00 +01:00,22721.73,17799.95
25.11.2019 15:00:00 +01:00,23376.86,18322.12
25.11.2019 16:00:00 +01:00,23489.33,18275.08
25.11.2019 17:00:00 +01:00,23528.96,13463.67
25.11.2019 18:00:00 +01:00,22816.67,17787.57
25.11.2019 19:00:00 +01:00,21997.06,17883.14
25.11.2019 20:00:00 +01:00,21230.64,17648.17
25.11.2019 21:00:00 +01:00,20489.98,17236.05
25.11.2019 22:00:00 +01:00,19007.39,16417.01
25.11.2019 23:00:00 +01:00,16641.62,15686.19
26.11.2019 00:00:00 +01:00,15003.70,15043.31
26.11.2019 01:00:00 +01:00,13994.73,13537.71
26.11.2019 02:00:00 +01:00,13407.18,14907.47
26.11.2019 03:00:00 +01:00,13062.97,14377.81
26.11.2019 04:00:00 +01:00,14152.06,14757.07
26.11.2019 05:00:00 +01:00,16175.74,15437.00
26.11.2019 06:00:00 +01:00,19567.79,16677.03
26.11.2019 07:00:00 +01:00,22576.67,17435.13
26.11.2019 08:00:00 +01:00,23134.47,18352.12
26.11.2019 09:00:00 +01:00,22864.13,17633.01
26.11.2019 10:00:00 +01:00,22841.30,18174.89
26.11.2019 11:00:00 +01:00,22762.31,17756.39
26.11.2019 12:00:00 +01:00,22778.70,17425.55
26.11.2019 13:00:00 +01:00,22610.94,18101.11
26.11.2019 14:00:00 +01:00,22865.60,17911.22
26.11.2019 15:00:00 +01:00,23240.66,18394.10
26.11.2019 16:00:00 +01:00,23484.68,18354.08
26.11.2019 17:00:00 +01:00,23391.09,18487.53
26.11.2019 18:00:00 +01:00,22859.94,18292.31
26.11.2019 19:00:00 +01:00,22188.65,18135.96
26.11.2019 20:00:00 +01:00,21299.28,17635.97
26.11.2019 21:00:00 +01:00,20069.54,17284.28
26.11.2019 22:00:00 +01:00,17605.98,16971.81
26.11.2019 23:00:00 +01:00,14649.55,16370.87
27.11.2019 00:00:00 +01:00,13621.15,13939.22
27.11.2019 01:00:00 +01:00,12927.04,2856.35
27.11.2019 02:00:00 +01:00,12554.93,3838.21
27.11.2019 03:00:00 +01:00,12529.13,4833.37
27.11.2019 04:00:00 +01:00,13189.85,10745.63
27.11.2019 05:00:00 +01:00,15188.04,10523.32
27.11.2019 06:00:00 +01:00,18457.11,16337.62
27.11.2019 07:00:00 +01:00,21993.11,18328.32
27.11.2019 08:00:00 +01:00,23142.59,18695.65
27.11.2019 09:00:00 +01:00,22332.37,17912.45
27.11.2019 10:00:00 +01:00,21633.80,17882.73
27.11.2019 11:00:00 +01:00,21711.13,18058.36
27.11.2019 12:00:00 +01:00,21889.25,18359.38
27.11.2019 13:00:00 +01:00,21916.03,18115.38
27.11.2019 14:00:00 +01:00,21464.64,18562.91
27.11.2019 15:00:00 +01:00,22406.73,18686.46
27.11.2019 16:00:00 +01:00,22514.76,18892.80
27.11.2019 17:00:00 +01:00,22623.80,18409.55
27.11.2019 18:00:00 +01:00,21898.81,18278.65
27.11.2019 19:00:00 +01:00,19961.13,18344.54
27.11.2019 20:00:00 +01:00,18138.41,18112.21
27.11.2019 21:00:00 +01:00,16832.88,17728.34
27.11.2019 22:00:00 +01:00,15485.52,17177.38
27.11.2019 23:00:00 +01:00,14298.06,16432.78
28.11.2019 00:00:00 +01:00,13481.94,15796.16
28.11.2019 01:00:00 +01:00,12395.41,15455.25
28.11.2019 02:00:00 +01:00,11804.49,14757.46
28.11.2019 03:00:00 +01:00,11975.79,15267.22
28.11.2019 04:00:00 +01:00,12802.04,15426.41
28.11.2019 05:00:00 +01:00,15273.19,15847.21
28.11.2019 06:00:00 +01:00,18087.82,17161.04
28.11.2019 07:00:00 +01:00,20692.18,18578.19
28.11.2019 08:00:00 +01:00,21240.53,18723.46
28.11.2019 09:00:00 +01:00,20598.38,18885.20
28.11.2019 10:00:00 +01:00,20173.96,18144.44
28.11.2019 11:00:00 +01:00,20089.92,17895.73
28.11.2019 12:00:00 +01:00,20846.88,18331.44
28.11.2019 13:00:00 +01:00,21138.69,18724.04
28.11.2019 14:00:00 +01:00,20960.07,18015.00
28.11.2019 15:00:00 +01:00,20588.07,19169.14
28.11.2019 16:00:00 +01:00,20749.99,19119.80
28.11.2019 17:00:00 +01:00,20867.24,19040.30
28.11.2019 18:00:00 +01:00,20430.48,19165.02
28.11.2019 19:00:00 +01:00,18867.90,18971.61
28.11.2019 20:00:00 +01:00,17877.56,18470.84
28.11.2019 21:00:00 +01:00,16864.32,18424.25
28.11.2019 22:00:00 +01:00,15485.17,17873.61
28.11.2019 23:00:00 +01:00,13886.24,17216.61
29.11.2019 00:00:00 +01:00,13116.99,16062.26
29.11.2019 01:00:00 +01:00,11948.82,16279.55
29.11.2019 02:00:00 +01:00,11005.26,16131.48
29.11.2019 03:00:00 +01:00,11072.01,15884.00
29.11.2019 04:00:00 +01:00,11594.56,14947.20
29.11.2019 05:00:00 +01:00,13716.72,16437.74
29.11.2019 06:00:00 +01:00,16545.39,17753.18
29.11.2019 07:00:00 +01:00,19843.89,18889.48
29.11.2019 08:00:00 +01:00,20933.32,19988.27
29.11.2019 09:00:00 +01:00,21181.60,19907.30
29.11.2019 10:00:00 +01:00,21025.91,19792.14
29.11.2019 11:00:00 +01:00,20138.68,19450.88
29.11.2019 12:00:00 +01:00,19462.77,19131.65
29.11.2019 13:00:00 +01:00,19847.60,18786.61
29.11.2019 14:00:00 +01:00,20430.91,18515.83
29.11.2019 15:00:00 +01:00,21134.76,19339.70
29.11.2019 16:00:00 +01:00,22092.72,19626.12
29.11.2019 17:00:00 +01:00,22062.52,19217.49
29.11.2019 18:00:00 +01:00,21173.20,19017.29
29.11.2019 19:00:00 +01:00,20406.18,18733.46
29.11.2019 20:00:00 +01:00,19531.08,18414.62
29.11.2019 21:00:00 +01:00,18359.25,17720.74
29.11.2019 22:00:00 +01:00,16939.05,17592.00
29.11.2019 23:00:00 +01:00,14637.02,17453.11
30.11.2019 00:00:00 +01:00,14052.39,16697.94
30.11.2019 01:00:00 +01:00,13819.12,16664.82
30.11.2019 02:00:00 +01:00,13216.59,16173.65
30.11.2019 03:00:00 +01:00,13100.22,16328.31
30.11.2019 04:00:00 +01:00,13098.58,16099.45
30.11.2019 05:00:00 +01:00,13413.66,16472.85
30.11.2019 06:00:00 +01:00,13677.30,16553.10
30.11.2019 07:00:00 +01:00,15869.05,17041.76
30.11.2019 08:00:00 +01:00,18506.11,18025.72
30.11.2019 09:00:00 +01:00,20175.97,18671.06
30.11.2019 10:00:00 +01:00,20636.18,18991.70
30.11.2019 11:00:00 +01:00,19987.70,18897.73
30.11.2019 12:00:00 +01:00,18936.78,18673.77
30.11.2019 13:00:00 +01:00,17796.94,17560.78
30.11.2019 14:00:00 +01:00,18659.68,18175.22
30.11.2019 15:00:00 +01:00,20534.00,18357.10
30.11.2019 16:00:00 +01:00,23222.56,17562.18
30.11.2019 17:00:00 +01:00,23708.56,19387.79
30.11.2019 18:00:00 +01:00,23305.88,18990.77
30.11.2019 19:00:00 +01:00,22464.78,19024.06
30.11.2019 20:00:00 +01:00,21311.52,18673.76
30.11.2019 21:00:00 +01:00,20275.50,18328.32
30.11.2019 22:00:00 +01:00,18916.16,17958.80
30.11.2019 23:00:00 +01:00,17458.00,17571.06
01.12.2019 00:00:00 +01:00,15144.21,17191.01
01.12.2019 01:00:00 +01:00,13616.26,16339.86
01.12.2019 02:00:00 +01:00,13193.74,16199.82
01.12.2019 03:00:00 +01:00,13018.36,15861.47
01.12.2019 04:00:00 +01:00,13041.67,16428.44
01.12.2019 05:00:00 +01:00,13146.55,16502.69
01.12.2019 06:00:00 +01:00,13205.03,16430.20
01.12.2019 07:00:00 +01:00,13894.56,17298.63
01.12.2019 08:00:00 +01:00,15909.20,17481.82
01.12.2019 09:00:00 +01:00,18616.35,18278.28
01.12.2019 10:00:00 +01:00,20321.47,18637.36
01.12.2019 11:00:00 +01:00,20619.53,18108.77
01.12.2019 12:00:00 +01:00,20167.14,18448.10
01.12.2019 13:00:00 +01:00,19551.71,18410.50
01.12.2019 14:00:00 +01:00,20208.22,18521.79
01.12.2019 15:00:00 +01:00,21038.04,18730.00
01.12.2019 16:00:00 +01:00,21678.11,19240.22
01.12.2019 17:00:00 +01:00,21531.39,18840.77
01.12.2019 18:00:00 +01:00,21013.34,18994.14
01.12.2019 19:00:00 +01:00,20256.97,18580.48
01.12.2019 20:00:00 +01:00,19527.14,17863.11
01.12.2019 21:00:00 +01:00,18205.86,18543.39
01.12.2019 22:00:00 +01:00,16667.76,18103.71
01.12.2019 23:00:00 +01:00,14854.43,17265.50
02.12.2019 00:00:00 +01:00,13467.40,17054.70
02.12.2019 01:00:00 +01:00,12980.12,16409.63
02.12.2019 02:00:00 +01:00,12707.60,16599.89
02.12.2019 03:00:00 +01:00,12154.11,16641.46
02.12.2019 04:00:00 +01:00,13087.34,16814.11
02.12.2019 05:00:00 +01:00,15349.44,16981.20
02.12.2019 06:00:00 +01:00,20111.64,18264.45
02.12.2019 07:00:00 +01:00,24092.80,17182.02
02.12.2019 08:00:00 +01:00,24728.62,20279.93
02.12.2019 09:00:00 +01:00,24689.15,20593.18
02.12.2019 10:00:00 +01:00,23902.78,20164.35
02.12.2019 11:00:00 +01:00,22732.99,20337.87
02.12.2019 12:00:00 +01:00,21647.53,19552.27
02.12.2019 13:00:00 +01:00,22377.24,19988.44
02.12.2019 14:00:00 +01:00,23199.69,19971.96
02.12.2019 15:00:00 +01:00,23876.73,18840.50
02.12.2019 16:00:00 +01:00,24341.73,18487.63
02.12.2019 17:00:00 +01:00,24345.47,19130.43
02.12.2019 18:00:00 +01:00,24130.46,15871.92
02.12.2019 19:00:00 +01:00,23096.13,19325.45
02.12.2019 20:00:00 +01:00,22412.82,19733.52
02.12.2019 21:00:00 +01:00,21878.52,19044.61
02.12.2019 22:00:00 +01:00,20324.93,18437.77
02.12.2019 23:00:00 +01:00,17605.98,16207.34
03.12.2019 00:00:00 +01:00,16656.07,17287.49
03.12.2019 01:00:00 +01:00,15471.44,16691.46
03.12.2019 02:00:00 +01:00,15080.51,16216.94
03.12.2019 03:00:00 +01:00,14887.18,16716.19
03.12.2019 04:00:00 +01:00,16105.74,16808.72
03.12.2019 05:00:00 +01:00,19535.87,14057.21
03.12.2019 06:00:00 +01:00,22313.65,7155.36
03.12.2019 07:00:00 +01:00,23427.29,7158.83
03.12.2019 08:00:00 +01:00,23677.63,17945.69
03.12.2019 09:00:00 +01:00,23039.03,19786.51
03.12.2019 10:00:00 +01:00,23414.83,19325.65
03.12.2019 11:00:00 +01:00,23473.19,18850.15
03.12.2019 12:00:00 +01:00,23087.03,19254.07
03.12.2019 13:00:00 +01:00,22968.62,19134.68
03.12.2019 14:00:00 +01:00,22979.67,19105.48
03.12.2019 15:00:00 +01:00,23476.44,19269.41
03.12.2019 16:00:00 +01:00,23562.09,19485.34
03.12.2019 17:00:00 +01:00,23278.96,18951.01
03.12.2019 18:00:00 +01:00,22556.54,18282.61
03.12.2019 19:00:00 +01:00,20903.33,18637.67
03.12.2019 20:00:00 +01:00,19040.95,18286.21
03.12.2019 21:00:00 +01:00,16953.23,17867.33
03.12.2019 22:00:00 +01:00,14843.23,17223.35
03.12.2019 23:00:00 +01:00,12851.94,16271.82
04.12.2019 00:00:00 +01:00,11687.28,15958.09
04.12.2019 01:00:00 +01:00,11905.38,14866.12
04.12.2019 02:00:00 +01:00,11673.82,14977.97
04.12.2019 03:00:00 +01:00,11751.15,15470.16
04.12.2019 04:00:00 +01:00,12641.58,15273.65
04.12.2019 05:00:00 +01:00,14542.90,15695.92
04.12.2019 06:00:00 +01:00,18715.17,16554.89
04.12.2019 07:00:00 +01:00,22053.05,17665.94
04.12.2019 08:00:00 +01:00,22937.40,18267.95
04.12.2019 09:00:00 +01:00,22614.66,18617.10
04.12.2019 10:00:00 +01:00,22208.06,18596.35
04.12.2019 11:00:00 +01:00,21788.42,18433.12
04.12.2019 12:00:00 +01:00,21897.69,18172.17
04.12.2019 13:00:00 +01:00,21344.54,18338.58
04.12.2019 14:00:00 +01:00,21322.15,17991.98
04.12.2019 15:00:00 +01:00,22059.26,18224.43
04.12.2019 16:00:00 +01:00,22380.13,18530.93
04.12.2019 17:00:00 +01:00,21708.48,18666.76
04.12.2019 18:00:00 +01:00,21202.47,18448.36
04.12.2019 19:00:00 +01:00,19931.35,17861.76
04.12.2019 20:00:00 +01:00,18363.70,15498.60
04.12.2019 21:00:00 +01:00,17157.49,17441.31
04.12.2019 22:00:00 +01:00,15171.46,16587.65
04.12.2019 23:00:00 +01:00,13423.72,15882.64
05.12.2019 00:00:00 +01:00,12230.42,14603.67
05.12.2019 01:00:00 +01:00,11023.44,14793.39
05.12.2019 02:00:00 +01:00,10795.64,15153.05
05.12.2019 03:00:00 +01:00,11221.67,14415.08
05.12.2019 04:00:00 +01:00,12109.62,14995.27
05.12.2019 05:00:00 +01:00,13697.05,15713.60
05.12.2019 06:00:00 +01:00,16842.02,16046.10
05.12.2019 07:00:00 +01:00,20364.92,16020.11
05.12.2019 08:00:00 +01:00,21157.50,18509.82
05.12.2019 09:00:00 +01:00,20537.96,18234.62
05.12.2019 10:00:00 +01:00,19565.99,17915.19
05.12.2019 11:00:00 +01:00,19044.11,16915.55
05.12.2019 12:00:00 +01:00,18749.86,17743.86
05.12.2019 13:00:00 +01:00,18369.01,17948.57
05.12.2019 14:00:00 +01:00,18711.62,18263.72
05.12.2019 15:00:00 +01:00,19663.79,18141.35
05.12.2019 16:00:00 +01:00,20626.86,18638.75
05.12.2019 17:00:00 +01:00,20697.13,18508.20
05.12.2019 18:00:00 +01:00,18539.74,17922.80
05.12.2019 19:00:00 +01:00,15811.82,17362.36
05.12.2019 20:00:00 +01:00,14580.57,17682.85
05.12.2019 21:00:00 +01:00,13824.43,17307.57
05.12.2019 22:00:00 +01:00,12439.64,16760.56
05.12.2019 23:00:00 +01:00,10920.30,15537.81
06.12.2019 00:00:00 +01:00,9897.19,14964.51
06.12.2019 01:00:00 +01:00,9648.19,14620.66
06.12.2019 02:00:00 +01:00,9563.19,14634.51
06.12.2019 03:00:00 +01:00,10016.28,14870.87
06.12.2019 04:00:00 +01:00,10216.20,14724.32
06.12.2019 05:00:00 +01:00,11591.34,15348.08
06.12.2019 06:00:00 +01:00,14205.07,16258.76
06.12.2019 07:00:00 +01:00,16754.99,17975.76
06.12.2019 08:00:00 +01:00,18552.75,18494.93
06.12.2019 09:00:00 +01:00,17810.82,18139.54
06.12.2019 10:00:00 +01:00,17840.35,18388.64
06.12.2019 11:00:00 +01:00,18023.09,17969.87
06.12.2019 12:00:00 +01:00,17348.95,18212.21
06.12.2019 13:00:00 +01:00,17322.82,18142.45
06.12.2019 14:00:00 +01:00,17365.13,18237.59
06.12.2019 15:00:00 +01:00,17300.42,18376.56
06.12.2019 16:00:00 +01:00,17780.40,17862.54
06.12.2019 17:00:00 +01:00,18113.57,18379.72
06.12.2019 18:00:00 +01:00,16399.52,18090.59
06.12.2019 19:00:00 +01:00,14758.17,17768.61
06.12.2019 20:00:00 +01:00,13228.10,16833.52
06.12.2019 21:00:00 +01:00,12589.30,17016.34
06.12.2019 22:00:00 +01:00,11819.21,16451.51
06.12.2019 23:00:00 +01:00,10901.51,15954.34
07.12.2019 00:00:00 +01:00,10199.57,15007.04
07.12.2019 01:00:00 +01:00,10195.61,14717.70
07.12.2019 02:00:00 +01:00,10247.63,14996.17
07.12.2019 03:00:00 +01:00,10318.89,14970.35
07.12.2019 04:00:00 +01:00,10015.46,14783.80
07.12.2019 05:00:00 +01:00,10128.97,14652.74
07.12.2019 06:00:00 +01:00,10742.14,14916.69
07.12.2019 07:00:00 +01:00,11969.31,15697.02
07.12.2019 08:00:00 +01:00,13217.71,16474.16
07.12.2019 09:00:00 +01:00,14296.58,17444.03
07.12.2019 10:00:00 +01:00,15019.60,17474.88
07.12.2019 11:00:00 +01:00,14690.74,16890.43
07.12.2019 12:00:00 +01:00,14588.00,17699.86
07.12.2019 13:00:00 +01:00,14255.60,17274.02
07.12.2019 14:00:00 +01:00,14649.62,17594.54
07.12.2019 15:00:00 +01:00,15638.05,17826.91
07.12.2019 16:00:00 +01:00,16692.93,18163.85
07.12.2019 17:00:00 +01:00,17882.57,18235.82
07.12.2019 18:00:00 +01:00,18160.18,17504.01
07.12.2019 19:00:00 +01:00,16317.76,17885.60
07.12.2019 20:00:00 +01:00,14076.84,17480.03
07.12.2019 21:00:00 +01:00,13070.19,17110.16
07.12.2019 22:00:00 +01:00,12550.29,16779.50
07.12.2019 23:00:00 +01:00,11200.63,16418.12
08.12.2019 00:00:00 +01:00,10601.84,16107.42
08.12.2019 01:00:00 +01:00,10493.67,15602.96
08.12.2019 02:00:00 +01:00,10232.63,15718.10
08.12.2019 03:00:00 +01:00,10601.83,15676.17
08.12.2019 04:00:00 +01:00,10799.38,15680.02
08.12.2019 05:00:00 +01:00,10993.58,15701.52
08.12.2019 06:00:00 +01:00,11440.71,15723.44
08.12.2019 07:00:00 +01:00,12109.15,16278.48
08.12.2019 08:00:00 +01:00,12980.04,16703.41
08.12.2019 09:00:00 +01:00,13698.78,17165.24
08.12.2019 10:00:00 +01:00,14333.61,16968.04
08.12.2019 11:00:00 +01:00,14369.12,17391.11
08.12.2019 12:00:00 +01:00,14178.35,17847.10
08.12.2019 13:00:00 +01:00,14178.15,17565.15
08.12.2019 14:00:00 +01:00,14375.36,17880.98
08.12.2019 15:00:00 +01:00,14803.83,17796.50
08.12.2019 16:00:00 +01:00,15463.60,18224.57
08.12.2019 17:00:00 +01:00,15791.67,18189.69
08.12.2019 18:00:00 +01:00,15418.07,18085.81
08.12.2019 19:00:00 +01:00,14853.66,17952.02
08.12.2019 20:00:00 +01:00,13916.10,17713.91
08.12.2019 21:00:00 +01:00,12863.15,17112.81
08.12.2019 22:00:00 +01:00,12348.92,16723.56
08.12.2019 23:00:00 +01:00,11653.45,16460.89
09.12.2019 00:00:00 +01:00,11847.01,15918.70
09.12.2019 01:00:00 +01:00,11825.78,15568.20
09.12.2019 02:00:00 +01:00,11398.29,14914.00
09.12.2019 03:00:00 +01:00,11182.38,15143.69
09.12.2019 04:00:00 +01:00,11431.09,14733.04
09.12.2019 05:00:00 +01:00,12190.46,15673.96
09.12.2019 06:00:00 +01:00,13448.60,17255.47
09.12.2019 07:00:00 +01:00,16175.22,18650.53
09.12.2019 08:00:00 +01:00,18842.99,19157.56
09.12.2019 09:00:00 +01:00,18730.81,19073.45
09.12.2019 10:00:00 +01:00,18811.81,18385.42
09.12.2019 11:00:00 +01:00,18856.14,18636.77
09.12.2019 12:00:00 +01:00,19105.98,18865.23
09.12.2019 13:00:00 +01:00,19160.73,18519.61
09.12.2019 14:00:00 +01:00,19466.82,19152.58
09.12.2019 15:00:00 +01:00,19369.62,19432.91
09.12.2019 16:00:00 +01:00,20260.09,19723.08
09.12.2019 17:00:00 +01:00,20544.15,19599.39
09.12.2019 18:00:00 +01:00,18976.75,19407.33
09.12.2019 19:00:00 +01:00,17198.28,19239.96
09.12.2019 20:00:00 +01:00,15688.78,18685.67
09.12.2019 21:00:00 +01:00,14514.74,18727.61
09.12.2019 22:00:00 +01:00,14071.24,17849.97
09.12.2019 23:00:00 +01:00,12870.84,15435.15
10.12.2019 00:00:00 +01:00,12224.89,16340.04
10.12.2019 01:00:00 +01:00,12328.17,16109.87
10.12.2019 02:00:00 +01:00,12195.52,16255.11
10.12.2019 03:00:00 +01:00,12279.27,14930.27
10.12.2019 04:00:00 +01:00,13408.87,16807.17
10.12.2019 05:00:00 +01:00,15730.85,17291.78
10.12.2019 06:00:00 +01:00,20458.78,18628.83
10.12.2019 07:00:00 +01:00,24160.68,18799.82
10.12.2019 08:00:00 +01:00,24806.00,20632.93
10.12.2019 09:00:00 +01:00,24847.55,19543.01
10.12.2019 10:00:00 +01:00,24531.73,19776.18
10.12.2019 11:00:00 +01:00,24190.69,19336.90
10.12.2019 12:00:00 +01:00,24721.02,19978.83
10.12.2019 13:00:00 +01:00,24277.58,20150.22
10.12.2019 14:00:00 +01:00,24333.41,19299.59
10.12.2019 15:00:00 +01:00,24385.05,20035.31
10.12.2019 16:00:00 +01:00,24223.12,19840.86
10.12.2019 17:00:00 +01:00,22998.96,19662.71
10.12.2019 18:00:00 +01:00,20843.02,19957.58
10.12.2019 19:00:00 +01:00,18311.23,18950.06
10.12.2019 20:00:00 +01:00,15965.85,19277.54
10.12.2019 21:00:00 +01:00,14729.73,18764.73
10.12.2019 22:00:00 +01:00,13801.45,18046.87
10.12.2019 23:00:00 +01:00,12677.01,16972.10
11.12.2019 00:00:00 +01:00,11521.22,16540.71
11.12.2019 01:00:00 +01:00,11176.21,16130.49
11.12.2019 02:00:00 +01:00,11016.25,15657.97
11.12.2019 03:00:00 +01:00,11110.40,15727.38
11.12.2019 04:00:00 +01:00,11448.13,15384.55
11.12.2019 05:00:00 +01:00,12256.85,15989.30
11.12.2019 06:00:00 +01:00,14163.05,16832.30
11.12.2019 07:00:00 +01:00,17367.67,18406.31
11.12.2019 08:00:00 +01:00,19387.13,18160.74
11.12.2019 09:00:00 +01:00,20186.56,18674.69
11.12.2019 10:00:00 +01:00,20286.31,18552.67
11.12.2019 11:00:00 +01:00,20455.17,18372.24
11.12.2019 12:00:00 +01:00,21080.98,17885.89
11.12.2019 13:00:00 +01:00,20813.54,18256.10
11.12.2019 14:00:00 +01:00,20978.59,10106.48
11.12.2019 15:00:00 +01:00,20933.77,0.00
11.12.2019 16:00:00 +01:00,20933.77,0.00
11.12.2019 17:00:00 +01:00,20933.77,0.00
11.12.2019 18:00:00 +01:00,20933.77,0.00
11.12.2019 19:00:00 +01:00,20933.77,0.00
11.12.2019 20:00:00 +01:00,20933.77,0.00
11.12.2019 21:00:00 +01:00,20933.77,0.00
11.12.2019 22:00:00 +01:00,20933.77,0.00
11.12.2019 23:00:00 +01:00,20933.77,0.00
12.12.2019 00:00:00 +01:00,20933.77,0.00
12.12.2019 01:00:00 +01:00,20933.77,0.00
12.12.2019 02:00:00 +01:00,20933.77,0.00
12.12.2019 03:00:00 +01:00,20933.77,0.00
12.12.2019 04:00:00 +01:00,20933.77,0.00
12.12.2019 05:00:00 +01:00,20933.77,0.00
12.12.2019 06:00:00 +01:00,20933.77,0.00
12.12.2019 07:00:00 +01:00,20933.77,0.00
12.12.2019 08:00:00 +01:00,20933.77,0.00
12.12.2019 09:00:00 +01:00,20933.77,0.00
12.12.2019 10:00:00 +01:00,21509.30,0.00
12.12.2019 11:00:00 +01:00,22577.37,0.00
12.12.2019 12:00:00 +01:00,22550.91,1235.65
12.12.2019 13:00:00 +01:00,22258.47,18582.89
12.12.2019 14:00:00 +01:00,22668.03,16786.51
12.12.2019 15:00:00 +01:00,23135.65,18939.51
12.12.2019 16:00:00 +01:00,23242.74,18580.20
12.12.2019 17:00:00 +01:00,22948.25,18555.89
12.12.2019 18:00:00 +01:00,22544.41,18662.19
12.12.2019 19:00:00 +01:00,20174.93,18430.48
12.12.2019 20:00:00 +01:00,18139.06,17922.05
12.12.2019 21:00:00 +01:00,16378.96,17667.59
12.12.2019 22:00:00 +01:00,14909.25,16558.60
12.12.2019 23:00:00 +01:00,13572.41,16430.91
13.12.2019 00:00:00 +01:00,13079.04,15325.08
13.12.2019 01:00:00 +01:00,12516.38,15784.41
13.12.2019 02:00:00 +01:00,12014.28,15352.88
13.12.2019 03:00:00 +01:00,12182.96,15570.32
13.12.2019 04:00:00 +01:00,12534.72,15398.38
13.12.2019 05:00:00 +01:00,13880.73,16093.71
13.12.2019 06:00:00 +01:00,16169.90,17306.23
13.12.2019 07:00:00 +01:00,20191.18,18077.23
13.12.2019 08:00:00 +01:00,21921.51,19092.25
13.12.2019 09:00:00 +01:00,22351.02,18479.39
13.12.2019 10:00:00 +01:00,22285.82,19022.93
13.12.2019 11:00:00 +01:00,21890.67,17918.80
13.12.2019 12:00:00 +01:00,22332.98,18781.61
13.12.2019 13:00:00 +01:00,22164.54,18719.34
13.12.2019 14:00:00 +01:00,21806.57,18436.76
13.12.2019 15:00:00 +01:00,22113.59,18939.86
13.12.2019 16:00:00 +01:00,22562.70,19026.97
13.12.2019 17:00:00 +01:00,22749.61,18887.81
13.12.2019 18:00:00 +01:00,22270.40,18390.17
13.12.2019 19:00:00 +01:00,21125.89,18069.00
13.12.2019 20:00:00 +01:00,19175.95,17971.79
13.12.2019 21:00:00 +01:00,17298.51,17279.76
13.12.2019 22:00:00 +01:00,15861.47,17099.37
13.12.2019 23:00:00 +01:00,14759.26,15548.68
14.12.2019 00:00:00 +01:00,12914.33,15651.37
14.12.2019 01:00:00 +01:00,11775.28,14486.75
14.12.2019 02:00:00 +01:00,11170.87,8594.00
14.12.2019 03:00:00 +01:00,10959.74,7738.55
14.12.2019 04:00:00 +01:00,10869.95,3872.13
14.12.2019 05:00:00 +01:00,11269.95,15102.29
14.12.2019 06:00:00 +01:00,12057.02,14847.20
14.12.2019 07:00:00 +01:00,12854.08,16340.01
14.12.2019 08:00:00 +01:00,14118.45,16673.19
14.12.2019 09:00:00 +01:00,14855.55,17304.77
14.12.2019 10:00:00 +01:00,15146.20,17365.07
14.12.2019 11:00:00 +01:00,15095.80,16871.52
14.12.2019 12:00:00 +01:00,15206.49,15591.89
14.12.2019 13:00:00 +01:00,15541.31,17395.66
14.12.2019 14:00:00 +01:00,15181.22,16421.14
14.12.2019 15:00:00 +01:00,15673.97,17673.69
14.12.2019 16:00:00 +01:00,16253.90,18097.01
14.12.2019 17:00:00 +01:00,16624.04,18098.78
14.12.2019 18:00:00 +01:00,16162.54,17595.44
14.12.2019 19:00:00 +01:00,15833.67,17583.36
14.12.2019 20:00:00 +01:00,15142.80,16585.88
14.12.2019 21:00:00 +01:00,13906.23,16781.06
14.12.2019 22:00:00 +01:00,13030.05,16402.44
14.12.2019 23:00:00 +01:00,11810.07,15521.50
15.12.2019 00:00:00 +01:00,11626.77,14418.14
15.12.2019 01:00:00 +01:00,11220.92,9782.77
15.12.2019 02:00:00 +01:00,11115.78,5854.62
15.12.2019 03:00:00 +01:00,11134.64,14162.82
15.12.2019 04:00:00 +01:00,11271.67,15151.78
15.12.2019 05:00:00 +01:00,11247.89,15090.64
15.12.2019 06:00:00 +01:00,11403.15,15195.30
15.12.2019 07:00:00 +01:00,11797.12,15269.06
15.12.2019 08:00:00 +01:00,12746.96,16289.74
15.12.2019 09:00:00 +01:00,13601.63,16856.77
15.12.2019 10:00:00 +01:00,14148.95,16971.80
15.12.2019 11:00:00 +01:00,14312.36,17500.44
15.12.2019 12:00:00 +01:00,14353.66,17014.14
15.12.2019 13:00:00 +01:00,14627.41,16853.10
15.12.2019 14:00:00 +01:00,15169.88,17497.25
15.12.2019 15:00:00 +01:00,15563.33,17850.53
15.12.2019 16:00:00 +01:00,15438.63,17704.79
15.12.2019 17:00:00 +01:00,15797.80,17969.99
15.12.2019 18:00:00 +01:00,15756.49,17858.26
15.12.2019 19:00:00 +01:00,15429.38,17694.47
15.12.2019 20:00:00 +01:00,15055.54,17604.08
15.12.2019 21:00:00 +01:00,14518.49,17389.00
15.12.2019 22:00:00 +01:00,13584.55,16884.99
15.12.2019 23:00:00 +01:00,13060.75,16138.63
16.12.2019 00:00:00 +01:00,12572.69,15921.64
16.12.2019 01:00:00 +01:00,12157.15,15410.94
16.12.2019 02:00:00 +01:00,12200.37,15604.86
16.12.2019 03:00:00 +01:00,12468.08,14851.22
16.12.2019 04:00:00 +01:00,12510.67,15771.86
16.12.2019 05:00:00 +01:00,13787.91,15970.42
16.12.2019 06:00:00 +01:00,16898.26,17440.56
16.12.2019 07:00:00 +01:00,20820.02,18584.11
16.12.2019 08:00:00 +01:00,22281.04,19429.20
16.12.2019 09:00:00 +01:00,22007.39,19362.89
16.12.2019 10:00:00 +01:00,22085.49,19268.50
16.12.2019 11:00:00 +01:00,22434.84,18819.34
16.12.2019 12:00:00 +01:00,23112.20,19143.21
16.12.2019 13:00:00 +01:00,23337.50,18739.32
16.12.2019 14:00:00 +01:00,23430.97,18870.79
16.12.2019 15:00:00 +01:00,23664.02,18755.05
16.12.2019 16:00:00 +01:00,23947.18,16949.11
16.12.2019 17:00:00 +01:00,23904.15,19421.61
16.12.2019 18:00:00 +01:00,23393.49,19191.81
16.12.2019 19:00:00 +01:00,22626.37,18600.02
16.12.2019 20:00:00 +01:00,21765.85,18752.56
16.12.2019 21:00:00 +01:00,20181.70,18092.83
16.12.2019 22:00:00 +01:00,17897.93,17825.76
16.12.2019 23:00:00 +01:00,15579.38,16882.41
17.12.2019 00:00:00 +01:00,14443.77,16233.69
17.12.2019 01:00:00 +01:00,13917.31,15865.71
17.12.2019 02:00:00 +01:00,13593.51,16008.77
17.12.2019 03:00:00 +01:00,13683.77,15624.49
17.12.2019 04:00:00 +01:00,13815.80,15260.42
17.12.2019 05:00:00 +01:00,15551.35,16179.79
17.12.2019 06:00:00 +01:00,18340.52,17822.58
17.12.2019 07:00:00 +01:00,22108.50,18857.01
17.12.2019 08:00:00 +01:00,23662.35,17394.00
17.12.2019 09:00:00 +01:00,23052.21,19300.54
17.12.2019 10:00:00 +01:00,22081.13,18811.94
17.12.2019 11:00:00 +01:00,21479.31,18449.83
17.12.2019 12:00:00 +01:00,20906.76,19423.60
17.12.2019 13:00:00 +01:00,21049.36,19512.85
17.12.2019 14:00:00 +01:00,21743.61,982.63
17.12.2019 15:00:00 +01:00,22937.89,2296.00
17.12.2019 16:00:00 +01:00,23078.23,4644.35
17.12.2019 17:00:00 +01:00,23076.93,19813.53
17.12.2019 18:00:00 +01:00,21035.13,19577.14
17.12.2019 19:00:00 +01:00,19333.39,19352.20
17.12.2019 20:00:00 +01:00,17260.55,19087.00
17.12.2019 21:00:00 +01:00,16447.19,18716.96
17.12.2019 22:00:00 +01:00,15351.51,18165.74
17.12.2019 23:00:00 +01:00,14020.65,17446.03
18.12.2019 00:00:00 +01:00,13302.49,16831.32
18.12.2019 01:00:00 +01:00,12723.16,16428.00
18.12.2019 02:00:00 +01:00,12326.74,16021.33
18.12.2019 03:00:00 +01:00,12470.85,16236.60
18.12.2019 04:00:00 +01:00,13219.91,16079.94
18.12.2019 05:00:00 +01:00,14284.18,16581.61
18.12.2019 06:00:00 +01:00,16904.25,18201.37
18.12.2019 07:00:00 +01:00,21609.17,19624.00
18.12.2019 08:00:00 +01:00,23117.78,19837.39
18.12.2019 09:00:00 +01:00,22979.26,20043.15
18.12.2019 10:00:00 +01:00,22916.01,19651.82
18.12.2019 11:00:00 +01:00,22310.80,19858.31
18.12.2019 12:00:00 +01:00,21783.22,19750.60
18.12.2019 13:00:00 +01:00,21395.39,19614.53
18.12.2019 14:00:00 +01:00,21357.23,14830.76
18.12.2019 15:00:00 +01:00,21992.58,19936.64
18.12.2019 16:00:00 +01:00,22460.42,20273.85
18.12.2019 17:00:00 +01:00,22674.69,20126.99
18.12.2019 18:00:00 +01:00,22372.08,19920.65
18.12.2019 19:00:00 +01:00,21716.07,19724.85
18.12.2019 20:00:00 +01:00,20509.35,19236.28
18.12.2019 21:00:00 +01:00,17901.12,19149.98
18.12.2019 22:00:00 +01:00,15565.59,18655.44
18.12.2019 23:00:00 +01:00,13958.26,17352.17
19.12.2019 00:00:00 +01:00,13396.23,16828.15
19.12.2019 01:00:00 +01:00,13120.14,16733.42
19.12.2019 02:00:00 +01:00,13086.31,16590.84
19.12.2019 03:00:00 +01:00,13014.74,16296.34
19.12.2019 04:00:00 +01:00,13430.02,17022.61
19.12.2019 05:00:00 +01:00,14426.68,16544.42
19.12.2019 06:00:00 +01:00,16198.48,18089.72
19.12.2019 07:00:00 +01:00,20217.85,20060.45
19.12.2019 08:00:00 +01:00,21968.77,20590.21
19.12.2019 09:00:00 +01:00,21432.11,20270.07
19.12.2019 10:00:00 +01:00,20083.40,19807.79
19.12.2019 11:00:00 +01:00,19112.64,19639.83
19.12.2019 12:00:00 +01:00,18822.29,20265.90
19.12.2019 13:00:00 +01:00,18974.70,18910.78
19.12.2019 14:00:00 +01:00,20111.47,20273.11
19.12.2019 15:00:00 +01:00,21383.81,19680.26
19.12.2019 16:00:00 +01:00,22133.27,20014.70
19.12.2019 17:00:00 +01:00,21926.90,20105.64
19.12.2019 18:00:00 +01:00,20840.65,19736.13
19.12.2019 19:00:00 +01:00,19354.64,19456.91
19.12.2019 20:00:00 +01:00,16440.23,19199.60
19.12.2019 21:00:00 +01:00,14756.67,18777.96
19.12.2019 22:00:00 +01:00,14203.12,17617.81
19.12.2019 23:00:00 +01:00,13263.77,17570.81
20.12.2019 00:00:00 +01:00,12585.62,16993.57
20.12.2019 01:00:00 +01:00,12187.49,15723.70
20.12.2019 02:00:00 +01:00,12044.03,15479.93
20.12.2019 03:00:00 +01:00,11783.71,16243.29
20.12.2019 04:00:00 +01:00,12602.04,16040.82
20.12.2019 05:00:00 +01:00,13554.92,16058.85
20.12.2019 06:00:00 +01:00,15096.62,17120.21
20.12.2019 07:00:00 +01:00,17673.67,18632.54
20.12.2019 08:00:00 +01:00,19154.25,19477.55
20.12.2019 09:00:00 +01:00,19061.31,17507.37
20.12.2019 10:00:00 +01:00,18591.02,19040.16
20.12.2019 11:00:00 +01:00,18454.71,18576.45
20.12.2019 12:00:00 +01:00,18272.14,19140.40
20.12.2019 13:00:00 +01:00,17650.38,18654.24
20.12.2019 14:00:00 +01:00,17461.21,18003.01
20.12.2019 15:00:00 +01:00,17600.00,18647.59
20.12.2019 16:00:00 +01:00,17732.67,18656.46
20.12.2019 17:00:00 +01:00,17779.23,18721.05
20.12.2019 18:00:00 +01:00,17627.97,18131.72
20.12.2019 19:00:00 +01:00,16442.85,17881.24
20.12.2019 20:00:00 +01:00,14721.28,17470.31
20.12.2019 21:00:00 +01:00,13934.41,17337.90
20.12.2019 22:00:00 +01:00,13220.28,16517.44
20.12.2019 23:00:00 +01:00,12235.07,16299.72
21.12.2019 00:00:00 +01:00,11447.96,15360.05
21.12.2019 01:00:00 +01:00,10907.57,14891.21
21.12.2019 02:00:00 +01:00,10550.03,14919.20
21.12.2019 03:00:00 +01:00,10541.74,14769.54
21.12.2019 04:00:00 +01:00,10542.51,15015.73
21.12.2019 05:00:00 +01:00,10402.21,15065.95
21.12.2019 06:00:00 +01:00,10774.94,15322.61
21.12.2019 07:00:00 +01:00,12256.59,15528.40
21.12.2019 08:00:00 +01:00,13059.40,16383.08
21.12.2019 09:00:00 +01:00,14328.10,16230.48
21.12.2019 10:00:00 +01:00,15069.23,17487.80
21.12.2019 11:00:00 +01:00,15120.24,17608.79
21.12.2019 12:00:00 +01:00,14829.68,17520.10
21.12.2019 13:00:00 +01:00,14605.07,17161.30
21.12.2019 14:00:00 +01:00,15795.95,17351.29
21.12.2019 15:00:00 +01:00,16855.55,17477.52
21.12.2019 16:00:00 +01:00,18638.06,17321.14
21.12.2019 17:00:00 +01:00,18860.30,17614.46
21.12.2019 18:00:00 +01:00,17749.90,17258.11
21.12.2019 19:00:00 +01:00,16142.34,16972.27
21.12.2019 20:00:00 +01:00,14077.61,16933.17
21.12.2019 21:00:00 +01:00,13661.36,16347.22
21.12.2019 22:00:00 +01:00,13069.50,15182.09
21.12.2019 23:00:00 +01:00,12333.86,15609.12
22.12.2019 00:00:00 +01:00,11680.91,15204.40
22.12.2019 01:00:00 +01:00,11262.27,15178.33
22.12.2019 02:00:00 +01:00,10856.50,14731.78
22.12.2019 03:00:00 +01:00,10713.39,14881.80
22.12.2019 04:00:00 +01:00,10700.14,14876.24
22.12.2019 05:00:00 +01:00,10654.21,14932.48
22.12.2019 06:00:00 +01:00,10925.09,15159.29
22.12.2019 07:00:00 +01:00,11672.33,15503.79
22.12.2019 08:00:00 +01:00,12710.77,15980.21
22.12.2019 09:00:00 +01:00,13977.54,16486.26
22.12.2019 10:00:00 +01:00,15219.02,16888.01
22.12.2019 11:00:00 +01:00,16271.15,17165.36
22.12.2019 12:00:00 +01:00,15922.12,16998.10
22.12.2019 13:00:00 +01:00,14948.35,17274.49
22.12.2019 14:00:00 +01:00,15162.18,17264.39
22.12.2019 15:00:00 +01:00,15963.32,17391.47
22.12.2019 16:00:00 +01:00,17535.58,17535.93
22.12.2019 17:00:00 +01:00,18400.36,17278.02
22.12.2019 18:00:00 +01:00,17491.31,17439.14
22.12.2019 19:00:00 +01:00,15448.73,16952.70
22.12.2019 20:00:00 +01:00,13899.62,17040.70
22.12.2019 21:00:00 +01:00,13272.46,16465.71
22.12.2019 22:00:00 +01:00,12584.97,16417.81
22.12.2019 23:00:00 +01:00,11814.27,15986.91
23.12.2019 00:00:00 +01:00,10991.88,15552.13
23.12.2019 01:00:00 +01:00,10864.62,15217.05
23.12.2019 02:00:00 +01:00,10769.86,14823.20
23.12.2019 03:00:00 +01:00,10710.51,15055.41
23.12.2019 04:00:00 +01:00,11373.78,14624.54
23.12.2019 05:00:00 +01:00,12191.59,15148.84
23.12.2019 06:00:00 +01:00,13312.57,15913.21
23.12.2019 07:00:00 +01:00,14995.23,17113.71
23.12.2019 08:00:00 +01:00,16743.33,17213.20
23.12.2019 09:00:00 +01:00,17425.51,18268.90
23.12.2019 10:00:00 +01:00,17188.38,18409.05
23.12.2019 11:00:00 +01:00,16826.47,18432.96
23.12.2019 12:00:00 +01:00,16602.51,18028.52
23.12.2019 13:00:00 +01:00,16455.41,18400.54
23.12.2019 14:00:00 +01:00,16383.46,17753.03
23.12.2019 15:00:00 +01:00,17159.37,18157.04
23.12.2019 16:00:00 +01:00,18535.00,18441.10
23.12.2019 17:00:00 +01:00,20080.90,18262.67
23.12.2019 18:00:00 +01:00,20005.87,18013.62
23.12.2019 19:00:00 +01:00,17771.25,17538.27
23.12.2019 20:00:00 +01:00,15531.05,17536.09
23.12.2019 21:00:00 +01:00,13822.60,17150.16
23.12.2019 22:00:00 +01:00,12770.70,16449.45
23.12.2019 23:00:00 +01:00,12204.89,15460.64
24.12.2019 00:00:00 +01:00,12254.09,15544.57
24.12.2019 01:00:00 +01:00,11530.99,15141.61
24.12.2019 02:00:00 +01:00,10528.52,15137.83
24.12.2019 03:00:00 +01:00,10518.82,15093.31
24.12.2019 04:00:00 +01:00,11093.59,15135.52
24.12.2019 05:00:00 +01:00,11992.86,15304.94
24.12.2019 06:00:00 +01:00,12618.74,15554.25
24.12.2019 07:00:00 +01:00,13292.76,16130.39
24.12.2019 08:00:00 +01:00,14000.17,15902.90
24.12.2019 09:00:00 +01:00,15150.91,17419.16
24.12.2019 10:00:00 +01:00,14573.92,18188.98
24.12.2019 11:00:00 +01:00,14918.66,17089.13
24.12.2019 12:00:00 +01:00,15408.28,18211.17
24.12.2019 13:00:00 +01:00,15424.78,17916.29
24.12.2019 14:00:00 +01:00,15681.54,18246.00
24.12.2019 15:00:00 +01:00,16676.49,18466.90
24.12.2019 16:00:00 +01:00,17494.54,18240.77
24.12.2019 17:00:00 +01:00,17796.93,16531.62
24.12.2019 18:00:00 +01:00,15381.14,16965.14
24.12.2019 19:00:00 +01:00,13056.20,16322.60
24.12.2019 20:00:00 +01:00,12515.88,16205.36
24.12.2019 21:00:00 +01:00,12318.85,14862.29
24.12.2019 22:00:00 +01:00,12579.61,15545.95
24.12.2019 23:00:00 +01:00,12225.78,15159.63
25.12.2019 00:00:00 +01:00,12096.15,15198.73
25.12.2019 01:00:00 +01:00,11825.22,14959.82
25.12.2019 02:00:00 +01:00,11345.72,14722.83
25.12.2019 03:00:00 +01:00,11257.75,14400.11
25.12.2019 04:00:00 +01:00,11884.27,15027.23
25.12.2019 05:00:00 +01:00,12611.69,15247.67
25.12.2019 06:00:00 +01:00,12734.97,15408.53
25.12.2019 07:00:00 +01:00,13160.20,16052.88
25.12.2019 08:00:00 +01:00,13622.75,16145.18
25.12.2019 09:00:00 +01:00,14441.97,16602.00
25.12.2019 10:00:00 +01:00,14144.80,17296.02
25.12.2019 11:00:00 +01:00,14649.78,17478.94
25.12.2019 12:00:00 +01:00,15163.86,17515.76
25.12.2019 13:00:00 +01:00,14929.07,17542.71
25.12.2019 14:00:00 +01:00,14965.57,17596.55
25.12.2019 15:00:00 +01:00,15849.69,17553.46
25.12.2019 16:00:00 +01:00,17283.99,17997.35
25.12.2019 17:00:00 +01:00,17722.84,17824.80
25.12.2019 18:00:00 +01:00,17475.70,17028.71
25.12.2019 19:00:00 +01:00,15787.95,17450.64
25.12.2019 20:00:00 +01:00,15015.05,17246.16
25.12.2019 21:00:00 +01:00,14459.02,17018.78
25.12.2019 22:00:00 +01:00,14218.91,16724.37
25.12.2019 23:00:00 +01:00,13287.33,16420.50
26.12.2019 00:00:00 +01:00,12524.69,16089.99
26.12.2019 01:00:00 +01:00,12002.55,15846.34
26.12.2019 02:00:00 +01:00,11604.12,15437.34
26.12.2019 03:00:00 +01:00,11828.63,15403.37
26.12.2019 04:00:00 +01:00,11908.30,15736.19
26.12.2019 05:00:00 +01:00,12831.86,15937.11
26.12.2019 06:00:00 +01:00,13345.45,16433.12
26.12.2019 07:00:00 +01:00,13830.69,16322.09
26.12.2019 08:00:00 +01:00,14718.76,16146.78
26.12.2019 09:00:00 +01:00,16025.03,16863.47
26.12.2019 10:00:00 +01:00,15978.63,18152.15
26.12.2019 11:00:00 +01:00,16941.89,18352.13
26.12.2019 12:00:00 +01:00,17089.04,18363.35
26.12.2019 13:00:00 +01:00,17056.26,18397.22
26.12.2019 14:00:00 +01:00,18056.47,18494.31
26.12.2019 15:00:00 +01:00,19826.94,18753.20
26.12.2019 16:00:00 +01:00,20682.34,18574.31
26.12.2019 17:00:00 +01:00,21354.87,18705.98
26.12.2019 18:00:00 +01:00,21094.99,18148.83
26.12.2019 19:00:00 +01:00,19709.41,18303.34
26.12.2019 20:00:00 +01:00,17290.31,17777.15
26.12.2019 21:00:00 +01:00,15906.49,17499.47
26.12.2019 22:00:00 +01:00,15230.43,17464.44
26.12.2019 23:00:00 +01:00,13573.20,16520.79
27.12.2019 00:00:00 +01:00,13310.82,16556.99
27.12.2019 01:00:00 +01:00,12864.72,16574.94
27.12.2019 02:00:00 +01:00,12493.81,15943.37
27.12.2019 03:00:00 +01:00,12611.18,15942.64
27.12.2019 04:00:00 +01:00,13349.10,16403.33
27.12.2019 05:00:00 +01:00,14166.67,16443.15
27.12.2019 06:00:00 +01:00,15414.22,17744.09
27.12.2019 07:00:00 +01:00,18724.84,18456.49
27.12.2019 08:00:00 +01:00,20446.83,18716.69
27.12.2019 09:00:00 +01:00,21515.14,19476.65
27.12.2019 10:00:00 +01:00,22026.71,19451.72
27.12.2019 11:00:00 +01:00,22908.37,19780.60
27.12.2019 12:00:00 +01:00,23122.96,19663.92
27.12.2019 13:00:00 +01:00,23277.67,19334.13
27.12.2019 14:00:00 +01:00,23964.30,19421.23
27.12.2019 15:00:00 +01:00,24401.08,19988.36
27.12.2019 16:00:00 +01:00,24431.37,20050.87
27.12.2019 17:00:00 +01:00,24234.62,19152.69
27.12.2019 18:00:00 +01:00,23846.28,19245.70
27.12.2019 19:00:00 +01:00,23250.18,18625.32
27.12.2019 20:00:00 +01:00,21681.40,18954.10
27.12.2019 21:00:00 +01:00,19318.97,17940.13
27.12.2019 22:00:00 +01:00,17364.03,17792.81
27.12.2019 23:00:00 +01:00,15050.67,17340.16
28.12.2019 00:00:00 +01:00,14702.75,16384.70
28.12.2019 01:00:00 +01:00,14129.49,16967.90
28.12.2019 02:00:00 +01:00,13227.17,16717.49
28.12.2019 03:00:00 +01:00,13117.85,16283.08
28.12.2019 04:00:00 +01:00,12897.64,16525.13
28.12.2019 05:00:00 +01:00,12838.59,16284.14
28.12.2019 06:00:00 +01:00,13221.90,16745.39
28.12.2019 07:00:00 +01:00,14147.48,16472.00
28.12.2019 08:00:00 +01:00,16254.98,17228.13
28.12.2019 09:00:00 +01:00,18698.74,17847.92
28.12.2019 10:00:00 +01:00,19464.18,18275.06
28.12.2019 11:00:00 +01:00,18160.55,18455.58
28.12.2019 12:00:00 +01:00,16812.70,18596.82
28.12.2019 13:00:00 +01:00,16670.55,17301.57
28.12.2019 14:00:00 +01:00,17634.80,18457.56
28.12.2019 15:00:00 +01:00,19788.12,17866.51
28.12.2019 16:00:00 +01:00,21020.61,18555.92
28.12.2019 17:00:00 +01:00,20974.69,18429.74
28.12.2019 18:00:00 +01:00,20181.13,18107.17
28.12.2019 19:00:00 +01:00,19091.31,17729.59
28.12.2019 20:00:00 +01:00,17544.37,17292.38
28.12.2019 21:00:00 +01:00,16060.93,16876.28
28.12.2019 22:00:00 +01:00,15046.46,16179.26
28.12.2019 23:00:00 +01:00,13243.18,16033.94
29.12.2019 00:00:00 +01:00,12646.58,15654.07
29.12.2019 01:00:00 +01:00,12245.33,15034.65
29.12.2019 02:00:00 +01:00,11969.65,14801.72
29.12.2019 03:00:00 +01:00,11175.28,14621.91
29.12.2019 04:00:00 +01:00,10832.27,14745.39
29.12.2019 05:00:00 +01:00,10722.65,14773.27
29.12.2019 06:00:00 +01:00,10697.92,14888.06
29.12.2019 07:00:00 +01:00,10421.79,15100.61
29.12.2019 08:00:00 +01:00,10519.42,14878.16
29.12.2019 09:00:00 +01:00,11902.81,15501.98
29.12.2019 10:00:00 +01:00,12578.07,16114.48
29.12.2019 11:00:00 +01:00,13013.07,15836.18
29.12.2019 12:00:00 +01:00,13407.96,16452.04
29.12.2019 13:00:00 +01:00,12695.00,16371.53
29.12.2019 14:00:00 +01:00,13463.34,16833.90
29.12.2019 15:00:00 +01:00,14334.65,16718.65
29.12.2019 16:00:00 +01:00,14547.96,17121.41
29.12.2019 17:00:00 +01:00,14621.57,17004.58
29.12.2019 18:00:00 +01:00,14115.76,16798.16
29.12.2019 19:00:00 +01:00,13660.22,16536.79
29.12.2019 20:00:00 +01:00,13096.42,16339.43
29.12.2019 21:00:00 +01:00,12592.05,16072.24
29.12.2019 22:00:00 +01:00,11893.67,15713.85
29.12.2019 23:00:00 +01:00,11387.38,15112.02
30.12.2019 00:00:00 +01:00,10909.94,15044.60
30.12.2019 01:00:00 +01:00,10968.24,14457.24
30.12.2019 02:00:00 +01:00,10687.20,14258.68
30.12.2019 03:00:00 +01:00,10627.95,14456.53
30.12.2019 04:00:00 +01:00,10539.91,14538.76
30.12.2019 05:00:00 +01:00,10842.93,14537.98
30.12.2019 06:00:00 +01:00,11561.85,15368.39
30.12.2019 07:00:00 +01:00,12814.27,15968.73
30.12.2019 08:00:00 +01:00,14198.24,15956.69
30.12.2019 09:00:00 +01:00,14458.73,16641.31
30.12.2019 10:00:00 +01:00,13707.55,16957.26
30.12.2019 11:00:00 +01:00,13777.26,17193.26
30.12.2019 12:00:00 +01:00,14046.20,17141.78
30.12.2019 13:00:00 +01:00,13828.54,17114.64
30.12.2019 14:00:00 +01:00,14546.64,16820.53
30.12.2019 15:00:00 +01:00,15599.63,17269.59
30.12.2019 16:00:00 +01:00,15855.69,17135.84
30.12.2019 17:00:00 +01:00,16014.46,17350.87
30.12.2019 18:00:00 +01:00,16078.70,17071.79
30.12.2019 19:00:00 +01:00,14065.51,16997.70
30.12.2019 20:00:00 +01:00,13178.94,16731.98
30.12.2019 21:00:00 +01:00,12470.72,15861.22
30.12.2019 22:00:00 +01:00,12136.64,16045.14
30.12.2019 23:00:00 +01:00,11413.39,15361.41
31.12.2019 00:00:00 +01:00,11332.59,15318.14
31.12.2019 01:00:00 +01:00,11198.39,15013.27
31.12.2019 02:00:00 +01:00,11029.04,14562.17
31.12.2019 03:00:00 +01:00,11037.34,14720.02
31.12.2019 04:00:00 +01:00,11187.95,14774.20
31.12.2019 05:00:00 +01:00,11764.84,15020.29
31.12.2019 06:00:00 +01:00,12374.76,15585.50
31.12.2019 07:00:00 +01:00,13302.82,15912.35
31.12.2019 08:00:00 +01:00,14461.97,15875.12
31.12.2019 09:00:00 +01:00,15332.01,17194.94
31.12.2019 10:00:00 +01:00,15314.52,17644.98
31.12.2019 11:00:00 +01:00,15374.15,17801.55
31.12.2019 12:00:00 +01:00,16041.53,17524.73
31.12.2019 13:00:00 +01:00,16476.73,17916.60
31.12.2019 14:00:00 +01:00,17316.27,18139.69
31.12.2019 15:00:00 +01:00,18431.69,18432.84
31.12.2019 16:00:00 +01:00,19412.27,18741.84
31.12.2019 17:00:00 +01:00,20017.89,18629.64
31.12.2019 18:00:00 +01:00,19268.38,18098.73
31.12.2019 19:00:00 +01:00,17713.45,17108.52
31.12.2019 20:00:00 +01:00,16597.39,16506.28
31.12.2019 21:00:00 +01:00,16200.71,16055.41
31.12.2019 22:00:00 +01:00,16350.65,15663.57
31.12.2019 23:00:00 +01:00,15443.22,15093.55
